# Blender 4.3.2
# www.blender.org
mtllib Cofre.mtl
g Cofre_Mesh
v 6.469250 -0.451445 -2.132887
v 6.316250 -0.457446 -2.132137
v 6.316250 -0.384696 -1.922136
v 6.469250 -0.376446 -1.916637
v 6.622500 -0.457446 -2.132137
v 6.622500 -0.384696 -1.922136
v 6.622500 -0.532946 -2.342136
v 6.469250 -0.529196 -2.348637
v 6.316250 -0.532946 -2.342136
v 6.469250 -0.671696 -2.458887
v 6.316250 -0.672946 -2.450636
v 6.316250 -0.628445 -2.454638
v 6.469250 -0.625447 -2.462887
v 6.622500 -0.672946 -2.450636
v 6.622500 -0.628445 -2.454638
v 6.225000 -0.563946 -2.121887
v 6.225000 -0.699446 -2.109137
v 6.231000 -0.682196 -1.891888
v 6.231000 -0.558196 -1.902388
v 6.231000 -0.457196 -1.916136
v 6.235750 -0.480446 -1.865637
v 6.235750 -0.424946 -1.885887
v 6.231000 -0.447945 -1.939386
v 6.231000 -0.509946 -2.127136
v 6.235750 -0.449196 -1.989637
v 6.235750 -0.547196 -2.266888
v 6.231000 -0.580447 -2.314137
v 6.231000 -0.605197 -2.333887
v 6.235750 -0.595446 -2.368137
v 6.235750 -0.635695 -2.379137
v 6.231000 -0.651446 -2.333637
v 6.231000 -0.716696 -2.326138
v 6.469250 -0.524697 -1.778137
v 6.622500 -0.529446 -1.785887
v 6.622500 -0.418446 -1.796637
v 6.469250 -0.410447 -1.789137
v 6.316250 -0.529446 -1.785887
v 6.316250 -0.418446 -1.796637
v 6.316250 -0.672696 -1.774387
v 6.469250 -0.672196 -1.766386
v 6.622500 -0.672696 -1.774387
v 6.713500 -0.563946 -2.121887
v 6.713500 -0.699446 -2.109137
v 6.707500 -0.716696 -2.326138
v 6.707500 -0.651446 -2.333637
v 6.707500 -0.605197 -2.333887
v 6.703000 -0.635695 -2.379137
v 6.703000 -0.595446 -2.368137
v 6.707500 -0.580447 -2.314137
v 6.707500 -0.509946 -2.127136
v 6.703000 -0.547196 -2.266888
v 6.703000 -0.449196 -1.989637
v 6.707500 -0.447945 -1.939386
v 6.707500 -0.457196 -1.916136
v 6.703000 -0.424946 -1.885887
v 6.703000 -0.480446 -1.865637
v 6.707500 -0.558196 -1.902388
v 6.707500 -0.682196 -1.891888
v 6.249250 -0.475695 -2.130386
v 6.249250 -0.409196 -1.938137
v 6.249250 -0.544945 -2.322638
v 6.689500 -0.475695 -2.130386
v 6.689500 -0.544945 -2.322638
v 6.689500 -0.409196 -1.938137
v 6.249250 -0.676945 -2.425886
v 6.249250 -0.636696 -2.429386
v 6.689500 -0.676945 -2.425886
v 6.689500 -0.636696 -2.429386
v 6.249250 -0.543696 -1.808888
v 6.249250 -0.441697 -1.818886
v 6.249250 -0.674697 -1.798388
v 6.689500 -0.543696 -1.808888
v 6.689500 -0.441697 -1.818886
v 6.689500 -0.674697 -1.798388
v 6.469250 -0.563946 -2.434637
v 6.622500 -0.567196 -2.426136
v 6.469250 -0.578946 -2.451887
v 6.622500 -0.582196 -2.443386
v 6.316250 -0.582196 -2.443386
v 6.316250 -0.567196 -2.426136
v 6.469250 -0.350196 -1.829638
v 6.316250 -0.358946 -1.837137
v 6.469250 -0.352196 -1.810637
v 6.316250 -0.361195 -1.818136
v 6.622500 -0.361195 -1.818136
v 6.622500 -0.358946 -1.837137
v 6.689500 -0.576947 -2.400887
v 6.689500 -0.591946 -2.417887
v 6.249250 -0.576947 -2.400887
v 6.249250 -0.591946 -2.417887
v 6.689500 -0.385695 -1.858887
v 6.689500 -0.387696 -1.839888
v 6.249250 -0.385695 -1.858887
v 6.249250 -0.387696 -1.839888
v 6.469250 -0.596945 -2.460886
v 6.622500 -0.600195 -2.452387
v 6.316250 -0.600195 -2.452387
v 6.469250 -0.362696 -1.798637
v 6.316250 -0.371445 -1.805887
v 6.622500 -0.371445 -1.805887
v 6.689500 -0.610196 -2.427137
v 6.249250 -0.610196 -2.427137
v 6.689500 -0.398196 -1.827887
v 6.249250 -0.398196 -1.827887
v -6.469250 -0.451445 -2.132887
v -6.469250 -0.376446 -1.916637
v -6.316250 -0.384696 -1.922136
v -6.316250 -0.457446 -2.132137
v -6.469250 -0.529196 -2.348637
v -6.316250 -0.532946 -2.342136
v -6.622500 -0.532946 -2.342136
v -6.622500 -0.457446 -2.132137
v -6.622500 -0.384696 -1.922136
v -6.469250 -0.671696 -2.458887
v -6.469250 -0.625447 -2.462887
v -6.316250 -0.628445 -2.454638
v -6.316250 -0.672946 -2.450636
v -6.622500 -0.672946 -2.450636
v -6.622500 -0.628445 -2.454638
v -6.225000 -0.563946 -2.121887
v -6.231000 -0.605197 -2.333887
v -6.235750 -0.595446 -2.368137
v -6.231000 -0.580447 -2.314137
v -6.231000 -0.509946 -2.127136
v -6.235750 -0.547196 -2.266888
v -6.235750 -0.449196 -1.989637
v -6.231000 -0.447945 -1.939386
v -6.231000 -0.457196 -1.916136
v -6.235750 -0.424946 -1.885887
v -6.235750 -0.480446 -1.865637
v -6.231000 -0.558196 -1.902388
v -6.225000 -0.699446 -2.109137
v -6.231000 -0.682196 -1.891888
v -6.231000 -0.716696 -2.326138
v -6.231000 -0.651446 -2.333637
v -6.235750 -0.635695 -2.379137
v -6.469250 -0.524697 -1.778137
v -6.469250 -0.410447 -1.789137
v -6.622500 -0.418446 -1.796637
v -6.622500 -0.529446 -1.785887
v -6.469250 -0.672196 -1.766386
v -6.622500 -0.672696 -1.774387
v -6.316250 -0.672696 -1.774387
v -6.316250 -0.529446 -1.785887
v -6.316250 -0.418446 -1.796637
v -6.713500 -0.563946 -2.121887
v -6.707500 -0.457196 -1.916136
v -6.703000 -0.424946 -1.885887
v -6.707500 -0.447945 -1.939386
v -6.707500 -0.509946 -2.127136
v -6.703000 -0.449196 -1.989637
v -6.703000 -0.547196 -2.266888
v -6.707500 -0.580447 -2.314137
v -6.707500 -0.605197 -2.333887
v -6.703000 -0.595446 -2.368137
v -6.703000 -0.635695 -2.379137
v -6.707500 -0.651446 -2.333637
v -6.713500 -0.699446 -2.109137
v -6.707500 -0.716696 -2.326138
v -6.707500 -0.682196 -1.891888
v -6.707500 -0.558196 -1.902388
v -6.703000 -0.480446 -1.865637
v -6.249250 -0.475695 -2.130386
v -6.249250 -0.409196 -1.938137
v -6.249250 -0.544945 -2.322638
v -6.689500 -0.475695 -2.130386
v -6.689500 -0.544945 -2.322638
v -6.689500 -0.409196 -1.938137
v -6.249250 -0.676945 -2.425886
v -6.249250 -0.636696 -2.429386
v -6.689500 -0.676945 -2.425886
v -6.689500 -0.636696 -2.429386
v -6.249250 -0.543696 -1.808888
v -6.249250 -0.441697 -1.818886
v -6.249250 -0.674697 -1.798388
v -6.689500 -0.543696 -1.808888
v -6.689500 -0.441697 -1.818886
v -6.689500 -0.674697 -1.798388
v -6.469250 -0.563946 -2.434637
v -6.622500 -0.567196 -2.426136
v -6.316250 -0.567196 -2.426136
v -6.316250 -0.582196 -2.443386
v -6.469250 -0.578946 -2.451887
v -6.622500 -0.582196 -2.443386
v -6.469250 -0.350196 -1.829638
v -6.316250 -0.358946 -1.837137
v -6.622500 -0.358946 -1.837137
v -6.622500 -0.361195 -1.818136
v -6.469250 -0.352196 -1.810637
v -6.316250 -0.361195 -1.818136
v -6.689500 -0.576947 -2.400887
v -6.689500 -0.591946 -2.417887
v -6.249250 -0.576947 -2.400887
v -6.249250 -0.591946 -2.417887
v -6.689500 -0.385695 -1.858887
v -6.689500 -0.387696 -1.839888
v -6.249250 -0.385695 -1.858887
v -6.249250 -0.387696 -1.839888
v -6.469250 -0.596945 -2.460886
v -6.622500 -0.600195 -2.452387
v -6.316250 -0.600195 -2.452387
v -6.469250 -0.362696 -1.798637
v -6.316250 -0.371445 -1.805887
v -6.622500 -0.371445 -1.805887
v -6.689500 -0.610196 -2.427137
v -6.249250 -0.610196 -2.427137
v -6.689500 -0.398196 -1.827887
v -6.249250 -0.398196 -1.827887
v 12.045750 -2.769194 -16.436888
v 12.186000 -2.495194 -15.061888
v 13.108250 -2.582694 -15.146387
v 12.968750 -2.861443 -16.533388
v 11.889750 -3.085444 -17.893637
v 12.817750 -3.183943 -17.998137
v 11.176750 -2.686944 -16.340387
v 11.318250 -2.418195 -14.979887
v 11.023750 -2.994195 -17.773886
v 11.599500 -3.750695 -20.557886
v 11.735250 -3.420443 -19.308638
v 12.676250 -3.526194 -19.416636
v 12.566000 -3.864193 -20.664137
v 10.743750 -3.622694 -20.342138
v 10.880750 -3.314194 -19.145887
v 10.206250 -3.202694 -18.899885
v 10.118250 -3.464443 -19.945135
v 9.776500 -3.330694 -19.527388
v 9.708000 -3.123944 -18.725386
v 10.287500 -2.911944 -17.639887
v 9.724000 -2.850194 -17.538637
v 10.563750 -2.353694 -14.906885
v 10.420500 -2.617944 -16.252886
v 9.836000 -2.564694 -16.184137
v 9.980250 -2.304444 -14.849638
v 11.124500 -0.403697 1.140863
v 10.216750 -0.370946 0.912613
v 10.194250 -0.353196 1.013113
v 11.161500 -0.381696 1.278112
v 12.014500 -0.443196 1.395113
v 12.079000 -0.414197 1.570114
v 11.036000 -0.423696 0.976864
v 10.257750 -0.388696 0.805113
v 11.879000 -0.483447 1.112114
v 13.924500 -0.515697 2.222363
v 12.957750 -0.480947 1.760612
v 12.995000 -0.445947 1.936363
v 13.907250 -0.476697 2.374113
v 13.947750 -0.567947 2.015614
v 12.948000 -0.529197 1.537113
v 13.007000 -0.590446 1.285864
v 13.975000 -0.629697 1.757112
v 14.000000 -0.688947 1.499363
v 13.084750 -0.650697 1.044113
v 12.138750 -0.557197 0.896614
v 12.246000 -0.618195 0.662613
v 11.004250 -0.527945 0.360863
v 11.474000 -0.537696 0.589613
v 11.562250 -0.595197 0.358614
v 11.056000 -0.580195 0.133364
v 10.889250 -0.475696 0.559362
v 11.266250 -0.479196 0.771112
v 10.858250 -0.430446 0.812363
v 10.673500 -0.433196 0.661364
v 10.397750 -0.407697 0.648363
v 10.327250 -0.399445 0.722113
v 1.140500 -4.555193 -23.430635
v 1.153750 -4.812443 -24.025888
v 0.000000 -4.812443 -24.034388
v 0.000000 -4.555193 -23.437387
v 1.126250 -4.224443 -22.614386
v 0.000000 -4.224443 -22.619387
v 2.271000 -4.551943 -23.406885
v 2.288750 -4.810694 -24.002138
v 2.250000 -4.220194 -22.593138
v 1.110750 -3.455944 -20.385386
v 1.115000 -3.848444 -21.593885
v 0.000000 -3.848444 -21.596888
v 0.000000 -3.455944 -20.386889
v 2.220750 -3.454443 -20.378138
v 2.229500 -3.845444 -21.579138
v 3.343750 -3.835943 -21.547636
v 3.329500 -3.449694 -20.362387
v 4.435750 -3.440193 -20.335138
v 4.457000 -3.817194 -21.493635
v 3.368750 -4.208193 -22.548887
v 4.480250 -4.183693 -22.475138
v 3.386000 -4.806194 -23.963388
v 3.381000 -4.542694 -23.362886
v 4.461000 -4.523943 -23.295137
v 4.427250 -4.796694 -23.911386
v 6.181250 -1.240196 -8.300386
v 4.952250 -1.231445 -8.288385
v 4.990250 -1.136696 -7.397139
v 6.228750 -1.146446 -7.406385
v 7.331000 -1.248945 -8.311636
v 7.387250 -1.155945 -7.415136
v 6.134250 -1.336944 -9.193388
v 4.914500 -1.328945 -9.178888
v 7.275000 -1.344946 -9.206636
v 9.094000 -1.264446 -8.328886
v 8.326750 -1.256945 -8.321386
v 8.390750 -1.164696 -7.422388
v 9.163750 -1.172695 -7.428137
v 9.024250 -1.359195 -9.227388
v 8.263000 -1.352445 -9.218386
v 8.200000 -1.450445 -10.105886
v 8.955500 -1.456945 -10.115637
v 8.888250 -1.557195 -10.985388
v 8.138500 -1.551445 -10.975637
v 7.219500 -1.443945 -10.092886
v 7.165500 -1.545696 -10.962885
v 4.877250 -1.429945 -10.062387
v 6.087500 -1.436945 -10.078138
v 6.042000 -1.539945 -10.948137
v 4.840750 -1.533945 -10.932386
v 3.993500 -0.376197 -0.784136
v 5.362500 -0.393197 -0.640387
v 5.314000 -0.433945 -0.897387
v 3.975250 -0.417697 -1.025387
v 2.648750 -0.360945 -0.873886
v 2.645250 -0.403197 -1.107138
v 4.002750 -0.331946 -0.531637
v 5.390000 -0.349446 -0.377386
v 2.649750 -0.315945 -0.627136
v 0.000000 -0.344947 -0.931387
v 1.320250 -0.349696 -0.919638
v 1.321250 -0.392445 -1.149887
v 0.000000 -0.387946 -1.161636
v 0.000000 -0.299197 -0.687388
v 1.319250 -0.303946 -0.675137
v 1.318000 -0.261197 -0.445387
v 0.000000 -0.256196 -0.457888
v 0.000000 -0.221446 -0.271887
v 1.317000 -0.226697 -0.259386
v 2.644500 -0.273696 -0.397886
v 2.637750 -0.239695 -0.213387
v 5.356500 -0.309447 -0.155888
v 3.988000 -0.290696 -0.304886
v 3.965250 -0.257697 -0.125637
v 5.303500 -0.277696 0.012114
v 12.293500 -2.287194 -13.892385
v 13.214500 -2.370944 -13.961637
v 11.427500 -2.213695 -13.826387
v 12.376000 -2.129445 -12.873636
v 13.295750 -2.210944 -12.926386
v 11.512250 -2.058194 -12.824137
v 10.092750 -2.105695 -13.723639
v 10.674500 -2.152444 -13.768637
v 10.182000 -1.953944 -12.747637
v 10.761750 -1.998945 -12.780886
v 10.833500 -1.878444 -11.886637
v 10.256250 -1.834195 -11.863386
v 10.324000 -1.731695 -11.012888
v 10.898500 -1.775695 -11.027887
v 11.581250 -1.936445 -11.916388
v 11.642500 -1.832944 -11.047136
v 13.359500 -2.086444 -11.987886
v 12.442250 -2.006194 -11.950888
v 12.499750 -1.902194 -11.069635
v 13.414250 -1.981695 -11.093637
v 3.881250 -0.712197 -3.393887
v 5.167500 -0.724696 -3.359386
v 5.135000 -0.796696 -4.055387
v 3.856250 -0.784445 -4.071636
v 2.590250 -0.701195 -3.416388
v 2.573250 -0.773445 -4.082136
v 3.904250 -0.647446 -2.802387
v 5.197000 -0.659945 -2.746637
v 2.606000 -0.636446 -2.838886
v 0.000000 -0.690196 -3.431887
v 1.296000 -0.693446 -3.428387
v 1.287250 -0.765696 -4.087637
v 0.000000 -0.762696 -4.089136
v 0.000000 -0.625447 -2.864138
v 1.304000 -0.628445 -2.858387
v 1.310750 -0.572196 -2.382137
v 0.000000 -0.568945 -2.389887
v 0.000000 -0.521947 -2.013136
v 1.316000 -0.525197 -2.003637
v 2.619500 -0.580195 -2.355137
v 2.629750 -0.533196 -1.970387
v 5.222000 -0.603945 -2.228136
v 3.924000 -0.591197 -2.304886
v 3.939000 -0.544695 -1.909136
v 5.241500 -0.557696 -1.814886
v 11.623000 -0.744696 -0.326138
v 11.075000 -0.721446 -0.502136
v 11.079500 -0.706446 -0.428387
v 11.628000 -0.726697 -0.228136
v 12.332750 -0.775447 -0.089386
v 12.337750 -0.753446 0.042364
v 11.616750 -0.762946 -0.461136
v 11.069250 -0.735946 -0.607138
v 12.325500 -0.799197 -0.266888
v 14.017500 -0.860696 0.531113
v 13.149250 -0.814196 0.199364
v 13.154250 -0.787196 0.375614
v 14.023000 -0.827947 0.762613
v 14.007500 -0.898446 0.230364
v 13.140750 -0.844447 -0.033386
v 13.126500 -0.880446 -0.358387
v 13.992000 -0.942197 -0.165886
v 13.969500 -0.992945 -0.683136
v 13.105250 -0.924697 -0.811886
v 12.312750 -0.828446 -0.533886
v 12.292750 -0.866196 -0.934137
v 11.059000 -0.754447 -0.796637
v 11.605500 -0.786197 -0.682886
v 11.586500 -0.818696 -1.041136
v 11.041000 -0.782696 -1.124136
v 14.646250 -1.432196 -4.754887
v 13.767500 -1.344696 -4.758886
v 13.814000 -1.265696 -3.864887
v 14.687500 -1.352696 -3.852637
v 15.472500 -1.519945 -4.751637
v 15.508500 -1.440195 -3.842886
v 14.604250 -1.514195 -5.657887
v 13.719500 -1.426445 -5.656637
v 15.436250 -1.602196 -5.659136
v 16.744249 -1.663445 -4.747387
v 16.190500 -1.599695 -4.749136
v 16.221500 -1.519946 -3.835387
v 16.771500 -1.583195 -3.830137
v 16.716749 -1.745695 -5.661636
v 16.159000 -1.682196 -5.660637
v 16.126751 -1.766945 -6.571136
v 16.688250 -1.830696 -6.574137
v 16.658001 -1.918196 -7.487135
v 16.093000 -1.854445 -7.482637
v 15.399000 -1.687195 -6.567137
v 15.360750 -1.774696 -7.476885
v 13.670750 -1.511196 -6.557886
v 14.561500 -1.598946 -6.562637
v 14.517750 -1.686695 -7.470137
v 13.621250 -1.598946 -7.463137
v 6.366000 -0.886446 -4.816637
v 5.100500 -0.874695 -4.823887
v 6.408250 -0.808945 -4.032137
v 7.549750 -0.897946 -4.807886
v 7.598500 -0.820946 -4.005636
v 6.321750 -0.968945 -5.650137
v 5.064750 -0.957695 -5.648136
v 7.497500 -0.979946 -5.651386
v 9.364250 -0.917946 -4.792137
v 8.574750 -0.908695 -4.799387
v 8.629250 -0.831946 -3.980137
v 9.423250 -0.841446 -3.958887
v 9.300250 -0.998945 -5.652887
v 8.515750 -0.989945 -5.652388
v 8.454000 -1.075445 -6.529636
v 9.233000 -1.083946 -6.533886
v 7.443000 -1.065945 -6.524387
v 5.027750 -1.045444 -6.511637
v 6.275750 -1.055946 -6.518137
v 14.801750 -1.133946 -1.271387
v 13.938750 -1.051945 -1.347387
v 14.831500 -1.070447 -0.556137
v 15.610500 -1.217196 -1.204388
v 15.638500 -1.149196 -0.438637
v 14.767000 -1.202946 -2.079888
v 13.901500 -1.117945 -2.123387
v 15.578500 -1.288445 -2.043886
v 16.851250 -1.353696 -1.107138
v 16.311251 -1.292947 -1.148636
v 16.337250 -1.221446 -0.337637
v 16.875500 -1.279197 -0.260138
v 16.825251 -1.428946 -1.994637
v 16.282749 -1.366696 -2.015137
v 16.252501 -1.442196 -2.917387
v 16.798500 -1.505196 -2.907387
v 15.544250 -1.362946 -2.931887
v 13.859250 -1.189696 -2.974386
v 14.728250 -1.276196 -2.950636
v 12.557250 -1.801695 -10.175138
v 13.467500 -1.880695 -10.190886
v 11.704500 -1.732694 -10.160135
v 12.614500 -1.704445 -9.271635
v 13.519500 -1.783445 -9.282888
v 11.766750 -1.635694 -9.261137
v 10.393500 -1.631944 -10.137388
v 10.964500 -1.675695 -10.147387
v 10.464500 -1.534944 -9.244886
v 11.031500 -1.578695 -9.251886
v 11.099000 -1.484695 -8.348387
v 10.536000 -1.440945 -8.343138
v 10.607500 -1.349695 -7.439386
v 11.166500 -1.393446 -7.443888
v 11.829000 -1.541695 -8.355639
v 11.891250 -1.450695 -7.449636
v 13.570750 -1.689695 -8.372637
v 12.671250 -1.610695 -8.363886
v 12.727500 -1.519695 -7.456137
v 9.958500 -4.544443 -22.994387
v 10.099250 -4.806944 -23.541887
v 9.479750 -4.812944 -23.644888
v 9.391000 -4.556444 -23.099638
v 9.740500 -4.216444 -22.257135
v 9.266250 -4.231194 -22.354387
v 10.666000 -4.554443 -22.906385
v 10.823750 -4.811943 -23.434385
v 10.400000 -4.182693 -22.079638
v 9.150750 -3.497444 -20.269388
v 9.423750 -3.861944 -21.358385
v 9.104000 -3.871193 -21.426386
v 8.985500 -3.497944 -20.303888
v 9.344000 -3.472443 -20.146387
v 9.736250 -3.808193 -21.151136
v 9.964750 -3.670944 -20.687635
v 9.559000 -3.402943 -19.857386
v 10.608500 -3.895693 -21.248137
v 12.508250 -4.174445 -21.616388
v 11.499500 -4.052945 -21.517637
v 12.494500 -4.452694 -22.332636
v 11.471000 -4.337194 -22.267138
v 11.549250 -4.613943 -22.885637
v 12.515750 -4.694944 -22.872385
v 12.548250 -4.882193 -23.248636
v 11.659500 -4.841694 -23.346636
v 5.997750 -1.645694 -11.796389
v 4.805500 -1.641195 -11.782637
v 7.113000 -1.650445 -11.809137
v 5.949750 -1.769695 -12.679388
v 4.767000 -1.766444 -12.669138
v 7.056000 -1.772945 -12.689138
v 8.823250 -1.659944 -11.828638
v 8.079000 -1.655195 -11.820135
v 8.752500 -1.780694 -12.703886
v 8.014250 -1.776695 -12.697386
v 7.937250 -1.931445 -13.665888
v 8.668500 -1.934695 -13.670137
v 8.563250 -2.137444 -14.786139
v 7.841000 -2.134944 -14.784136
v 6.988500 -1.928945 -13.660635
v 6.903750 -2.132945 -14.781385
v 4.721500 -1.924695 -13.648138
v 5.892750 -1.926694 -13.654638
v 5.821500 -2.131694 -14.778387
v 4.664250 -2.130694 -14.775137
v 3.349750 -3.072693 -18.996138
v 4.461750 -3.068944 -18.985388
v 2.234750 -3.074444 -19.002386
v 3.393000 -2.717944 -17.544886
v 4.518750 -2.717194 -17.542635
v 2.264000 -2.718443 -17.546389
v 0.000000 -3.075194 -19.005888
v 1.118000 -3.075194 -19.005388
v 0.000000 -2.718443 -17.546888
v 1.132500 -2.718443 -17.546888
v 1.151000 -2.398694 -16.102888
v 0.000000 -2.398694 -16.102636
v 0.000000 -2.127944 -14.765886
v 1.169000 -2.128194 -14.766886
v 2.300500 -2.398944 -16.103636
v 2.337000 -2.128945 -14.768888
v 4.591500 -2.399695 -16.106138
v 3.448000 -2.399443 -16.104887
v 3.502500 -2.129695 -14.771635
v 17.257750 -1.094447 2.013113
v 16.932249 -1.067947 1.855364
v 16.941750 -1.011947 2.343113
v 17.267750 -1.035447 2.532364
v 17.422251 -1.108697 2.092613
v 17.432501 -1.048446 2.628113
v 17.242001 -1.162946 1.363113
v 16.917250 -1.133197 1.243864
v 17.406500 -1.178946 1.423113
v 17.479500 -1.115197 2.120113
v 17.490000 -1.054446 2.661114
v 17.463751 -1.185946 1.443863
v 17.444000 -1.262696 0.665613
v 17.422251 -1.341697 -0.181637
v 17.386749 -1.254947 0.651613
v 17.364750 -1.333445 -0.189636
v 16.898001 -1.204696 0.531113
v 17.222500 -1.237447 0.611362
v 17.200251 -1.314696 -0.213387
v 13.017750 -0.425447 2.044113
v 13.897750 -0.453447 2.467363
v 12.117750 -0.397197 1.677113
v 13.029750 -0.415696 2.100363
v 13.893750 -0.442447 2.516613
v 12.137750 -0.389196 1.733112
v 10.180750 -0.342696 1.075363
v 11.183750 -0.368947 1.362364
v 10.174000 -0.338197 1.108614
v 11.195000 -0.363196 1.406612
v 11.199000 -0.362447 1.424364
v 10.172000 -0.337947 1.122364
v 12.144750 -0.387696 1.754614
v 13.893250 -0.439696 2.536364
v 13.034250 -0.413697 2.122364
v 6.848000 -4.955694 -24.174387
v 6.948500 -4.782694 -23.791636
v 7.532500 -4.799694 -23.799387
v 7.453500 -4.962694 -24.157637
v 6.798250 -5.043444 -24.366636
v 7.414250 -5.045193 -24.337885
v 6.146500 -4.951693 -24.196386
v 6.246750 -4.772194 -23.797636
v 6.096500 -5.042444 -24.396635
v 6.781750 -5.074194 -24.431635
v 7.401750 -5.074194 -24.398638
v 6.080250 -5.074194 -24.464136
v 5.287500 -5.074194 -24.497385
v 4.394250 -5.074194 -24.531637
v 5.297750 -5.043194 -24.431387
v 4.397500 -5.044943 -24.468637
v 5.393500 -4.781193 -23.846888
v 5.329500 -4.955193 -24.235888
v 4.407250 -4.961443 -24.282385
v 3.951750 -0.237946 -0.016136
v 5.271500 -0.258946 0.114862
v 2.633500 -0.219447 -0.100887
v 3.944750 -0.228696 0.040613
v 5.255500 -0.250195 0.168364
v 2.631500 -0.209697 -0.042387
v 0.000000 -0.200696 -0.158636
v 1.316500 -0.206197 -0.145887
v 0.000000 -0.190696 -0.099886
v 1.316250 -0.196196 -0.087137
v 1.316000 -0.193696 -0.065136
v 0.000000 -0.188447 -0.077887
v 2.630750 -0.207446 -0.020638
v 5.250250 -0.248196 0.188614
v 3.942500 -0.226447 0.062113
v 16.968500 -2.047195 -8.405638
v 16.625750 -2.008196 -8.402388
v 16.999001 -1.957195 -7.489885
v 17.142000 -2.067945 -8.407385
v 17.171499 -1.977695 -7.491388
v 16.934750 -2.140695 -9.325388
v 16.590250 -2.101696 -9.321138
v 17.108999 -2.161445 -9.327639
v 17.202499 -2.076694 -8.407888
v 17.231501 -1.986444 -7.491636
v 17.169750 -2.169944 -9.328386
v 17.132250 -2.267444 -10.255388
v 17.088751 -2.369695 -11.190886
v 17.071251 -2.258695 -10.254137
v 17.027750 -2.360944 -11.189386
v 16.550751 -2.199195 -10.245138
v 16.896250 -2.238195 -10.251135
v 16.852501 -2.340194 -11.184637
v 16.506250 -2.301194 -11.175386
v 17.078501 -1.702196 -4.746387
v 17.103251 -1.621947 -3.826887
v 17.247749 -1.722946 -4.745886
v 17.271250 -1.642695 -3.825136
v 17.053249 -1.784695 -5.662386
v 17.223749 -1.805445 -5.662636
v 17.306749 -1.731695 -4.745886
v 17.330000 -1.651446 -3.824637
v 17.283001 -1.814196 -5.662636
v 17.258249 -1.899195 -6.577387
v 17.198500 -1.890446 -6.576887
v 17.027000 -1.869696 -6.576138
v 17.177000 -1.390946 -1.081886
v 17.341999 -1.410697 -1.069138
v 17.152750 -1.467196 -1.982138
v 17.318750 -1.487446 -1.975638
v 17.399500 -1.419196 -1.064886
v 17.376499 -1.495946 -1.973637
v 17.353251 -1.573195 -2.896887
v 17.295000 -1.564446 -2.898136
v 17.128000 -1.543946 -2.901137
v 16.802000 -2.447694 -12.127886
v 16.455500 -2.408445 -12.113886
v 16.977501 -2.468444 -12.135138
v 16.738501 -2.576945 -13.122637
v 16.392250 -2.537194 -13.102888
v 16.913750 -2.597945 -13.132635
v 17.038500 -2.477445 -12.137636
v 16.974751 -2.606944 -13.136137
v 16.891251 -2.774945 -14.227137
v 16.781750 -2.997945 -15.451635
v 16.830500 -2.765944 -14.222887
v 16.721001 -2.988694 -15.446886
v 16.309750 -2.703944 -14.185637
v 16.655500 -2.744445 -14.210386
v 16.546249 -2.966695 -15.432638
v 16.201250 -2.925195 -15.404886
v 13.397000 -5.073944 -23.417135
v 12.585000 -5.073944 -23.628386
v 13.399000 -5.056944 -23.385637
v 12.580000 -5.053194 -23.589636
v 14.158750 -5.073694 -23.199888
v 14.160250 -5.060194 -23.176638
v 13.432500 -4.919693 -23.110388
v 13.409500 -5.010443 -23.293386
v 12.568750 -4.995443 -23.475386
v 14.208750 -4.955444 -22.971388
v 14.169250 -5.024193 -23.109137
v 14.769250 -5.036694 -22.953386
v 14.773000 -4.990444 -22.871138
v 15.092000 -5.010193 -22.806635
v 15.208500 -5.041943 -22.825888
v 14.806000 -5.062944 -22.987387
v 15.298750 -5.063194 -22.834639
v 14.820000 -5.073193 -22.999388
v 15.330750 -5.071943 -22.838137
v 16.404751 -3.260443 -16.831388
v 16.059999 -3.217694 -16.803637
v 16.579250 -3.282944 -16.845388
v 16.248751 -3.593194 -18.275137
v 15.906750 -3.550194 -18.251638
v 16.422001 -3.615944 -18.287138
v 16.639999 -3.292445 -16.850386
v 16.482250 -3.625193 -18.291636
v 16.324499 -3.963694 -19.643637
v 16.183500 -4.274193 -20.775137
v 16.265499 -3.954693 -19.640886
v 16.127001 -4.266444 -20.774885
v 15.761500 -3.892693 -19.619135
v 16.096001 -3.933193 -19.633387
v 15.964750 -4.248194 -20.775137
v 15.644500 -4.214194 -20.776636
v 15.872750 -4.506194 -21.569635
v 15.576500 -4.484194 -21.594137
v 16.022751 -4.518445 -21.557638
v 15.820750 -4.704693 -22.073885
v 15.569250 -4.692444 -22.111135
v 15.949500 -4.713943 -22.058638
v 16.075251 -4.524193 -21.554136
v 15.994750 -4.718693 -22.053888
v 15.937250 -4.863443 -22.346888
v 15.897250 -4.963943 -22.505888
v 15.903500 -4.856693 -22.346388
v 15.871250 -4.954193 -22.499136
v 15.635000 -4.828943 -22.367887
v 15.809250 -4.841444 -22.346136
v 15.799000 -4.929943 -22.480135
v 15.688500 -4.897943 -22.458136
v 17.236000 -0.662446 4.168364
v 17.063749 -0.653947 4.054363
v 17.123751 -0.621948 4.207363
v 17.235750 -0.614446 4.323362
v 17.330000 -0.663698 4.244864
v 17.309000 -0.608947 4.404863
v 17.225000 -0.722698 3.961113
v 16.978750 -0.705947 3.811113
v 17.351250 -0.730697 4.042364
v 17.363251 -0.665197 4.273363
v 17.335251 -0.608198 4.435614
v 17.395750 -0.734947 4.071863
v 17.428249 -0.807697 3.855614
v 17.456499 -0.873946 3.649363
v 17.377501 -0.802446 3.823362
v 17.402750 -0.868697 3.613863
v 16.945749 -0.772697 3.553614
v 17.232500 -0.791946 3.732363
v 17.247749 -0.857946 3.512613
v 16.941500 -0.838447 3.313114
v 15.870250 -5.025444 -22.603636
v 15.802250 -5.057693 -22.671137
v 15.838750 -5.013693 -22.594885
v 15.763000 -5.045443 -22.663885
v 15.640250 -5.069944 -22.739138
v 15.600500 -5.059694 -22.735388
v 15.486500 -5.033693 -22.725637
v 15.259500 -4.988693 -22.716639
v 15.651250 -5.013943 -22.643637
v 15.434500 -4.953943 -22.606138
v 15.750750 -4.983194 -22.570635
v 15.595500 -4.925194 -22.520136
v 17.084749 -0.540697 4.465113
v 16.763750 -0.529447 4.259863
v 17.250500 -0.552947 4.550364
v 17.044001 -0.541196 4.424112
v 16.731251 -0.529697 4.226112
v 17.210751 -0.553947 4.507362
v 17.316000 -0.573196 4.534113
v 17.284000 -0.574447 4.496613
v 17.194500 -0.582197 4.395113
v 17.035999 -0.599447 4.207863
v 17.097250 -0.560697 4.389614
v 16.877001 -0.574697 4.164114
v 16.639250 -0.533197 4.136364
v 16.927999 -0.545446 4.312613
v 16.696251 -0.553447 4.100613
v 16.520750 -0.540197 4.016113
v 13.610500 -3.635945 -19.499136
v 13.524000 -3.978443 -20.733385
v 13.740250 -3.288695 -18.086386
v 14.475250 -3.739443 -19.558138
v 14.398250 -4.080945 -20.770136
v 14.600000 -3.390444 -18.157888
v 14.026750 -2.677695 -15.226385
v 13.887250 -2.961194 -16.620386
v 14.885500 -2.772195 -15.298388
v 14.745750 -3.059445 -16.695887
v 15.488500 -3.147694 -16.757635
v 15.629000 -2.857693 -15.359137
v 15.339500 -3.480195 -18.212885
v 15.113750 -4.158944 -20.779886
v 15.206500 -3.826443 -19.596136
v 16.308750 -0.564697 3.757113
v 16.191000 -0.536447 3.774864
v 16.516750 -0.598197 3.797613
v 15.720000 -0.566947 3.304613
v 15.610250 -0.527446 3.373363
v 15.950750 -0.629947 3.242363
v 16.796499 -0.630197 3.913864
v 16.575001 -0.676696 3.576113
v 16.470751 -0.741197 3.258614
v 16.433750 -0.806947 2.982113
v 15.803250 -0.704196 2.844864
v 15.749250 -0.768697 2.544613
v 14.939250 -0.667197 2.310614
v 14.913000 -0.728946 2.024864
v 14.941750 -0.602697 2.583113
v 14.885250 -0.547446 2.765114
v 14.814000 -0.505447 2.879864
v 14.133000 -2.462945 -14.029139
v 14.213500 -2.300695 -12.978888
v 14.992250 -2.554694 -14.091639
v 15.073250 -2.390695 -13.027887
v 14.329000 -2.069444 -11.117887
v 14.276500 -2.174945 -12.025137
v 15.187250 -2.157695 -11.140387
v 15.136000 -2.263694 -12.059885
v 15.881250 -2.344196 -12.090387
v 15.932000 -2.237695 -11.160135
v 15.818500 -2.472194 -13.070387
v 15.736500 -2.637944 -14.144888
v 14.882500 -0.915696 0.897114
v 14.889000 -0.876447 1.195864
v 15.692000 -0.972446 1.262863
v 15.699500 -0.926946 1.631863
v 14.871250 -0.960946 0.514614
v 15.679250 -1.025697 0.794863
v 16.392750 -1.025447 1.593862
v 16.401251 -0.973947 2.028614
v 16.378750 -1.085196 1.046364
v 16.360001 -1.151446 0.398363
v 15.661250 -1.084947 0.227613
v 14.854500 -1.012696 0.034613
v 11.361250 -1.139946 -4.774637
v 10.813250 -1.096445 -4.778887
v 10.873750 -1.019446 -3.921137
v 11.419750 -1.062695 -3.909638
v 12.071750 -1.196945 -4.769636
v 12.127000 -1.118946 -3.895136
v 11.299000 -1.220945 -5.654137
v 10.747750 -1.177195 -5.653637
v 12.013500 -1.278196 -5.654636
v 12.891500 -1.265696 -4.764137
v 12.942750 -1.187195 -3.879637
v 12.838250 -1.347195 -5.655386
v 12.783500 -1.431946 -6.553137
v 11.953250 -1.362946 -6.548637
v 10.678500 -1.261696 -6.541637
v 11.233500 -1.305695 -6.544638
v 11.557250 -0.864945 -1.585137
v 11.012500 -0.825946 -1.643137
v 12.262500 -0.916445 -1.511637
v 11.519000 -0.922696 -2.272636
v 10.974500 -0.881695 -2.310637
v 12.224000 -0.976697 -2.224886
v 13.074500 -0.979195 -1.429886
v 13.036000 -1.042197 -2.173388
v 12.991500 -1.112196 -3.003138
v 12.178250 -1.044945 -3.033137
v 10.928000 -0.946946 -3.084137
v 11.472500 -0.989445 -3.061386
v 15.978000 -2.135694 -10.234888
v 15.235000 -2.055946 -10.221888
v 16.019501 -2.038444 -9.314138
v 15.279250 -1.958694 -9.304888
v 14.379000 -1.968195 -10.206888
v 14.427000 -1.870945 -9.294138
v 14.473000 -1.777195 -8.381388
v 15.321000 -1.864944 -8.389635
v 16.057501 -1.944946 -8.396887
v 15.085750 -4.448945 -21.635885
v 15.156750 -4.678944 -22.181135
v 14.396500 -4.388943 -21.668139
v 14.521750 -4.684694 -22.358385
v 15.362250 -4.830694 -22.433138
v 15.080750 -4.857693 -22.546888
v 14.880500 -4.920944 -22.714136
v 14.301000 -4.843693 -22.737886
v 13.473000 -4.769943 -22.806887
v 13.505500 -4.560944 -22.339136
v 13.505750 -4.291943 -21.664137
v 16.183250 -0.520696 3.832613
v 15.560750 -0.504197 3.428364
v 16.219250 -0.513696 3.892363
v 15.546750 -0.493196 3.465612
v 14.772250 -0.480697 2.951113
v 14.752250 -0.468946 2.989613
v 14.746750 -0.465947 3.005613
v 15.543500 -0.490697 3.481613
v 16.233000 -0.512447 3.915863
v 11.726250 -4.979193 -23.624136
v 11.760500 -5.049194 -23.763887
v 10.919000 -4.967443 -23.752138
v 10.967250 -5.046444 -23.911886
v 11.772750 -5.073944 -23.811136
v 10.984250 -5.073944 -23.965887
v 10.242250 -5.074194 -24.093138
v 9.570250 -5.074194 -24.193888
v 10.227000 -5.045944 -24.037138
v 9.560500 -5.046444 -24.138136
v 10.184000 -4.965443 -23.871386
v 9.533250 -4.967943 -23.973135
v 8.928250 -4.562693 -23.172388
v 8.959250 -4.816193 -23.718637
v 8.520000 -4.561443 -23.213636
v 8.491750 -4.815693 -23.766638
v 8.891250 -4.238693 -22.419638
v 8.566500 -4.236443 -22.451635
v 7.664500 -4.529943 -23.204138
v 8.115500 -4.551193 -23.223886
v 8.031500 -4.810444 -23.792387
v 7.870500 -4.193693 -22.409636
v 8.242500 -4.222193 -22.448637
v 8.422250 -3.856443 -21.486135
v 8.172000 -3.832193 -21.453386
v 8.494750 -3.460194 -20.316137
v 8.626000 -3.476694 -20.332888
v 8.638000 -3.869944 -21.491636
v 8.740250 -3.488194 -20.336138
v 8.853750 -3.874443 -21.471136
v 8.854250 -3.495194 -20.326136
v 1.241000 -1.209196 -8.258387
v 0.000000 -1.206945 -8.255388
v 0.000000 -1.110195 -7.371637
v 1.250500 -1.112446 -7.373888
v 2.481000 -1.214695 -8.265886
v 2.500000 -1.118696 -7.379889
v 1.231750 -1.308944 -9.142885
v 0.000000 -1.306946 -9.139135
v 2.462000 -1.313946 -9.151888
v 3.718500 -1.222444 -8.276388
v 3.746750 -1.127195 -7.387888
v 3.690000 -1.320946 -9.164385
v 3.662250 -1.422945 -10.046389
v 3.634750 -1.527944 -10.916636
v 2.443500 -1.416694 -10.032637
v 2.425250 -1.522695 -10.902636
v 0.000000 -1.410446 -10.018637
v 1.222250 -1.412195 -10.022638
v 1.213250 -1.518945 -10.892885
v 0.000000 -1.517444 -10.888887
v 6.759000 -0.327197 0.059113
v 6.655750 -0.297446 0.208363
v 8.084000 -0.342446 0.324614
v 7.953750 -0.315946 0.450863
v 6.822250 -0.365447 -0.152887
v 8.348750 -0.380696 0.148613
v 9.219750 -0.353696 0.624863
v 9.129000 -0.332946 0.728363
v 9.407000 -0.376197 0.534363
v 9.750750 -0.392947 0.509363
v 10.103750 -0.407197 0.502863
v 9.271000 -0.408196 0.225113
v 9.861000 -0.425946 0.272863
v 8.928750 -0.479697 -0.364887
v 9.030500 -0.441697 -0.080387
v 9.739250 -0.458196 0.007112
v 9.687000 -0.493447 -0.250387
v 7.909000 -0.464696 -0.522636
v 8.039750 -0.424447 -0.224886
v 6.764250 -0.408696 -0.432636
v 6.664500 -0.449696 -0.714888
v 8.678500 -0.760445 -3.203636
v 9.475750 -0.770195 -3.160137
v 7.643250 -0.749196 -3.256386
v 8.721500 -0.695696 -2.496138
v 9.521500 -0.705447 -2.426386
v 7.682750 -0.684697 -2.581137
v 6.447250 -0.737196 -3.310886
v 6.482250 -0.672446 -2.668636
v 6.511750 -0.616446 -2.120886
v 6.534750 -0.570447 -1.683136
v 7.716000 -0.628695 -2.000387
v 7.742000 -0.582946 -1.535137
v 9.559500 -0.649445 -1.787386
v 8.757750 -0.639697 -1.883387
v 8.785750 -0.594197 -1.391636
v 9.589250 -0.603945 -1.273386
v 1.278500 -0.844696 -4.831636
v 0.000000 -0.841696 -4.831886
v 2.555500 -0.852196 -4.830887
v 1.269250 -0.929445 -5.640886
v 0.000000 -0.926445 -5.639887
v 2.537250 -0.936445 -5.642887
v 3.830000 -0.862696 -4.828386
v 3.802750 -0.946446 -5.645638
v 3.775000 -1.034945 -6.504887
v 2.518750 -1.025696 -6.499136
v 0.000000 -1.016445 -6.493137
v 1.260000 -1.018946 -6.494886
v 1.204250 -1.629445 -11.748388
v 0.000000 -1.628194 -11.745138
v 2.407500 -1.632446 -11.757135
v 1.194750 -1.758195 -12.643385
v 0.000000 -1.757194 -12.640886
v 2.388250 -1.760194 -12.649885
v 3.608250 -1.636445 -11.769136
v 3.579500 -1.763194 -12.658888
v 3.545250 -1.922694 -13.641386
v 2.365500 -1.920945 -13.635637
v 0.000000 -1.918944 -13.629889
v 1.183250 -1.919444 -13.631636
v 7.402250 -2.998444 -18.740137
v 8.007750 -2.971194 -18.635138
v 7.768250 -3.177695 -19.436888
v 7.301500 -3.278195 -19.812387
v 6.580750 -3.042695 -18.902136
v 6.531000 -3.378693 -20.149885
v 7.571250 -2.700943 -17.482138
v 8.249750 -2.695694 -17.456388
v 6.682250 -2.711194 -17.522387
v 5.569500 -3.062693 -18.968885
v 5.539500 -3.424694 -20.294386
v 5.640000 -2.715695 -17.538885
v 5.730500 -2.400195 -16.107386
v 6.795750 -2.400944 -16.108637
v 8.429250 -2.404444 -16.110636
v 7.718250 -2.402194 -16.109888
v 3.389250 -4.965193 -24.324888
v 3.391000 -5.045694 -24.506636
v 2.299250 -4.966944 -24.360136
v 2.304750 -5.046194 -24.540388
v 3.391500 -5.074194 -24.568136
v 2.306750 -5.073944 -24.601137
v 1.167000 -5.073944 -24.625387
v 0.000000 -5.073944 -24.635138
v 1.165750 -5.046444 -24.564386
v 0.000000 -5.046444 -24.574137
v 1.161750 -4.967693 -24.384386
v 0.000000 -4.967693 -24.393637
v 6.593750 -0.279946 0.299614
v 6.562500 -0.271697 0.347362
v 7.875500 -0.300446 0.528364
v 7.836500 -0.293197 0.569363
v 6.552250 -0.269946 0.365864
v 7.823250 -0.291945 0.585613
v 9.038250 -0.314446 0.840362
v 9.047500 -0.315196 0.826363
v 9.074750 -0.320697 0.792364
v 14.891250 -0.843446 1.423862
v 14.025500 -0.798945 0.951113
v 14.893250 -0.811696 1.615614
v 14.023500 -0.769197 1.120613
v 15.701750 -0.889947 1.902113
v 15.705750 -0.855447 2.115864
v 14.899000 -0.775197 1.804613
v 14.015500 -0.733947 1.295362
v 15.719250 -0.816947 2.315863
v 16.414249 -0.856197 2.767862
v 16.941750 -0.888196 3.120363
v 16.406250 -0.896196 2.568613
v 16.943750 -0.928947 2.926863
v 16.403749 -0.932946 2.337864
v 16.944500 -0.967946 2.683863
v 6.550000 -0.536196 -1.370886
v 5.254000 -0.522696 -1.517388
v 6.569000 -0.507947 -1.136887
v 5.266000 -0.493697 -1.293386
v 7.759500 -0.548945 -1.206137
v 7.783500 -0.521447 -0.961887
v 6.603250 -0.480946 -0.933888
v 5.284000 -0.465947 -1.100887
v 7.828250 -0.495196 -0.751137
v 8.865250 -0.508696 -0.585386
v 9.652500 -0.520446 -0.455387
v 8.828000 -0.533946 -0.795137
v 9.629250 -0.544446 -0.659388
v 8.805250 -0.560696 -1.046137
v 9.610250 -0.570697 -0.914887
v 17.270750 -0.989696 2.892363
v 17.267750 -0.949447 3.142612
v 17.435749 -1.001447 2.997614
v 17.431749 -0.960946 3.251364
v 17.259750 -0.907947 3.332613
v 17.420750 -0.918947 3.440113
v 17.476749 -0.924447 3.477364
v 17.488750 -0.966447 3.289114
v 17.493000 -1.007196 3.033863
v 11.611750 -0.640946 0.168363
v 11.082250 -0.623446 -0.055388
v 12.308250 -0.665196 0.471363
v 11.632250 -0.676696 0.011864
v 11.090250 -0.658196 -0.209137
v 12.336750 -0.701446 0.311613
v 13.130750 -0.696696 0.849113
v 13.152750 -0.732196 0.683613
v 13.158000 -0.761197 0.531362
v 12.343000 -0.729697 0.172363
v 11.087000 -0.685696 -0.332136
v 11.634500 -0.704696 -0.117888
v 1.319250 -0.488196 -1.727636
v 0.000000 -0.484696 -1.738386
v 1.321000 -0.456946 -1.517637
v 0.000000 -0.453196 -1.528887
v 2.636250 -0.496947 -1.690638
v 2.640250 -0.466197 -1.478386
v 1.321500 -0.426696 -1.337137
v 0.000000 -0.422446 -1.348637
v 2.642750 -0.436696 -1.296137
v 3.963750 -0.450446 -1.219637
v 3.956000 -0.479195 -1.405386
v 3.948750 -0.508946 -1.622137
v 9.183250 -2.443694 -16.113638
v 9.171250 -2.430693 -16.112886
v 9.316500 -2.165694 -14.789385
v 9.328500 -2.180194 -14.789888
v 9.195750 -2.458443 -16.114386
v 9.341250 -2.196944 -14.790636
v 9.013250 -2.756693 -17.545885
v 8.989250 -2.744694 -17.543386
v 9.036000 -2.769444 -17.546888
v 9.220500 -2.486695 -16.115385
v 9.208250 -2.473195 -16.114885
v 9.353750 -2.213695 -14.791136
v 9.365750 -2.228444 -14.791887
v 9.082500 -2.792944 -17.544638
v 9.058500 -2.781945 -17.546389
v 8.931500 -3.126694 -18.984137
v 8.991250 -3.134444 -18.975386
v 8.878500 -3.117194 -18.987638
v 8.765500 -3.092694 -18.978636
v 8.825250 -3.105694 -18.985888
v 9.610500 -1.708194 -11.838137
v 9.598500 -1.691945 -11.837885
v 9.669000 -1.589944 -10.995886
v 9.681250 -1.606195 -10.996138
v 9.623250 -1.726695 -11.838636
v 9.693750 -1.624944 -10.996386
v 9.533750 -1.827695 -12.711637
v 9.521750 -1.811694 -12.711138
v 9.546500 -1.846195 -12.712137
v 9.648000 -1.761695 -11.839388
v 9.635750 -1.745195 -11.838888
v 9.706500 -1.643445 -10.996637
v 9.718500 -1.659944 -10.997137
v 9.571250 -1.880695 -12.713137
v 9.559000 -1.864444 -12.712637
v 9.468000 -2.015695 -13.676886
v 9.480000 -2.031444 -13.677385
v 9.455250 -1.997695 -13.676138
v 9.430500 -1.964444 -13.675138
v 9.442750 -1.979945 -13.675638
v 10.197000 -0.970946 -4.784136
v 10.184750 -0.954695 -4.784388
v 10.248000 -0.878445 -3.936386
v 10.260000 -0.894696 -3.935886
v 10.209500 -0.989445 -4.783886
v 10.272500 -0.913195 -3.935137
v 10.128000 -1.051695 -5.653387
v 10.116000 -1.035196 -5.653387
v 10.140750 -1.070196 -5.653387
v 10.234250 -1.024697 -4.783636
v 10.222250 -1.008196 -4.783636
v 10.285250 -0.931946 -3.934637
v 10.297250 -0.948447 -3.934137
v 10.165500 -1.105196 -5.653137
v 10.153250 -1.088696 -5.653137
v 10.080500 -1.173445 -6.538387
v 10.092500 -1.189945 -6.538637
v 10.017250 -1.277945 -7.434637
v 10.005250 -1.261446 -7.434637
v 10.067750 -1.154696 -6.538387
v 9.992500 -1.242695 -7.434385
v 10.043000 -1.119696 -6.538137
v 10.055250 -1.136196 -6.538387
v 9.980000 -1.224195 -7.434385
v 9.967750 -1.207945 -7.434385
v 10.403750 -0.700946 -1.682636
v 10.392000 -0.685446 -1.685387
v 10.423750 -0.638446 -1.147637
v 10.435750 -0.653197 -1.144137
v 10.416750 -0.718445 -1.672136
v 10.449000 -0.669446 -1.129137
v 10.363750 -0.758196 -2.350388
v 10.351750 -0.742196 -2.352386
v 10.376250 -0.776446 -2.346386
v 10.443250 -0.752196 -1.633137
v 10.430500 -0.735696 -1.646887
v 10.464000 -0.685696 -1.091637
v 10.482500 -0.698947 -1.001886
v 10.401000 -0.810946 -2.334137
v 10.389000 -0.794446 -2.338886
v 10.340500 -0.860196 -3.110638
v 10.352500 -0.876696 -3.109386
v 10.328250 -0.841696 -3.111887
v 10.303750 -0.806946 -3.114138
v 10.315750 -0.823195 -3.113136
v 9.904250 -1.315445 -8.336885
v 9.892250 -1.299196 -8.336637
v 9.917000 -1.333946 -8.336885
v 9.828750 -1.409694 -9.236887
v 9.816750 -1.393446 -9.236635
v 9.841500 -1.428196 -9.237135
v 9.941750 -1.369196 -8.337137
v 9.929500 -1.352695 -8.337137
v 9.866250 -1.463445 -9.237387
v 9.854000 -1.446945 -9.237387
v 9.779500 -1.543945 -10.126638
v 9.791500 -1.560196 -10.126886
v 9.766750 -1.525196 -10.126387
v 9.742000 -1.490446 -10.126135
v 9.754250 -1.506694 -10.126135
v 10.486000 -0.563697 -0.341137
v 10.473250 -0.552947 -0.338137
v 10.478250 -0.530696 -0.185637
v 10.491000 -0.541446 -0.200636
v 10.499000 -0.574946 -0.339636
v 10.503250 -0.551446 -0.205387
v 10.476000 -0.587697 -0.516636
v 10.463250 -0.575946 -0.519386
v 10.489000 -0.600695 -0.510387
v 10.523250 -0.592946 -0.316387
v 10.511500 -0.584946 -0.329887
v 10.514500 -0.558196 -0.189886
v 10.524500 -0.561946 -0.164637
v 10.515250 -0.623946 -0.481136
v 10.502250 -0.613446 -0.498386
v 10.487250 -0.645945 -0.730637
v 10.502000 -0.656947 -0.686136
v 10.472750 -0.631196 -0.757637
v 10.447250 -0.603196 -0.774138
v 10.459500 -0.616446 -0.769886
v 10.511000 -0.530196 -0.042887
v 10.517750 -0.528697 0.001364
v 10.502250 -0.527446 -0.067387
v 10.503000 -0.504697 0.086863
v 10.506500 -0.498196 0.151113
v 10.499000 -0.509446 0.035864
v 10.479500 -0.505696 -0.016136
v 10.491500 -0.517947 -0.051888
v 10.479750 -0.483197 0.138613
v 10.491000 -0.497697 0.081114
v 10.492750 -0.485446 0.175114
v 10.482000 -0.468945 0.247364
v 10.485000 -0.463696 0.300363
v 10.494250 -0.475695 0.253363
v 10.728250 -0.733697 -0.865387
v 10.710500 -0.758946 -1.174637
v 10.560750 -0.718695 -0.885138
v 10.542000 -0.741696 -1.182387
v 10.738250 -0.717946 -0.695387
v 10.612000 -0.711196 -0.757637
v 10.506750 -0.686696 -0.763136
v 10.504250 -0.704446 -0.850637
v 10.483500 -0.725196 -1.137636
v 10.575000 -0.685696 -0.644136
v 10.571500 -0.699696 -0.705387
v 10.743250 -0.705947 -0.608887
v 10.747250 -0.692447 -0.549637
v 9.231250 -2.496945 -16.115637
v 9.376750 -2.239694 -14.792135
v 9.299000 -2.509694 -16.122385
v 9.444500 -2.252694 -14.798136
v 9.109000 -2.801444 -17.540888
v 9.189500 -2.809945 -17.532888
v 9.481250 -2.530694 -16.142885
v 9.626250 -2.272445 -14.815386
v 9.376250 -2.821194 -17.517637
v 9.382500 -3.115944 -18.778387
v 9.183250 -3.135193 -18.907385
v 9.064000 -3.139193 -18.961386
v 9.659000 -1.773944 -11.839636
v 9.729500 -1.671945 -10.997385
v 9.726000 -1.786695 -11.842386
v 9.796250 -1.684946 -10.999136
v 9.582250 -1.892946 -12.713388
v 9.649500 -1.905694 -12.717138
v 9.906000 -1.805194 -11.849386
v 9.975500 -1.703195 -11.003637
v 9.830250 -1.924445 -12.727636
v 9.739750 -2.075194 -13.696638
v 9.558500 -2.056195 -13.682886
v 9.491000 -2.043195 -13.677885
v 10.318500 -0.421447 0.467363
v 10.442250 -0.418696 0.569113
v 10.430000 -0.436446 0.407864
v 10.467500 -0.432446 0.482113
v 10.218500 -0.441447 0.277613
v 10.402000 -0.455697 0.249363
v 10.472750 -0.452697 0.329863
v 10.480000 -0.448697 0.385862
v 10.469750 -0.469447 0.198864
v 10.468500 -0.494447 0.020113
v 10.466750 -0.521697 -0.169638
v 10.388250 -0.483697 0.044613
v 10.381000 -0.513196 -0.166388
v 10.168500 -0.471946 0.044613
v 10.146000 -0.504197 -0.188637
v 10.245250 -1.036946 -4.783386
v 10.308250 -0.960446 -3.933638
v 10.309250 -1.049696 -4.782887
v 10.372000 -0.973196 -3.932137
v 10.176500 -1.117445 -5.653137
v 10.241000 -1.130446 -5.653387
v 10.480750 -1.067946 -4.781387
v 10.542500 -0.991446 -3.928387
v 10.413250 -1.148695 -5.653387
v 10.341750 -1.233196 -6.539886
v 10.268250 -1.321196 -7.436636
v 10.168500 -1.214945 -6.538887
v 10.093500 -1.302946 -7.435389
v 10.103500 -1.202196 -6.538637
v 10.028500 -1.290195 -7.434885
v 10.452000 -0.766946 -1.658136
v 10.513000 -0.782447 -1.685387
v 10.411250 -0.823697 -2.339386
v 10.474250 -0.836945 -2.343136
v 10.682000 -0.800196 -1.678387
v 10.644000 -0.854697 -2.333887
v 10.597250 -0.919196 -3.098137
v 10.427250 -0.901446 -3.105387
v 10.363500 -0.888945 -3.108387
v 9.952750 -1.381445 -8.337385
v 10.018250 -1.394195 -8.337885
v 9.877250 -1.475445 -9.237638
v 9.943250 -1.488445 -9.238386
v 10.194250 -1.412445 -8.339636
v 10.120250 -1.506695 -9.240637
v 10.047250 -1.603445 -10.131388
v 9.869000 -1.585195 -10.128386
v 9.802500 -1.572445 -10.127138
v 10.129000 -0.529446 -0.379137
v 10.372750 -0.536946 -0.343388
v 10.114000 -0.552697 -0.577637
v 10.361750 -0.559697 -0.536137
v 10.461500 -0.544446 -0.334387
v 10.451750 -0.566947 -0.521387
v 10.435750 -0.593446 -0.777638
v 10.412750 -0.627696 -1.150637
v 10.345750 -0.585696 -0.793636
v 10.323000 -0.619197 -1.164887
v 10.097250 -0.578446 -0.834887
v 10.075000 -0.611947 -1.201887
v 8.859500 -2.407944 -16.111387
v 9.000500 -2.141194 -14.787386
v 9.079750 -2.413193 -16.111887
v 9.224000 -2.146695 -14.788385
v 8.659500 -2.706194 -17.482885
v 8.873000 -2.722443 -17.523386
v 9.160000 -2.420695 -16.112387
v 9.305500 -2.154695 -14.788885
v 8.962750 -2.734194 -17.539888
v 8.692750 -3.078944 -18.965887
v 8.329500 -3.438195 -20.284887
v 8.572750 -3.052695 -18.901636
v 8.144000 -3.386694 -20.147886
v 8.371250 -3.003193 -18.740385
v 7.952250 -3.281443 -19.812635
v 9.273500 -1.665195 -11.833887
v 9.342000 -1.562694 -10.991388
v 9.503750 -1.671445 -11.836386
v 9.573750 -1.569444 -10.994638
v 9.199250 -1.785196 -12.707888
v 9.427500 -1.791444 -12.709887
v 9.587500 -1.679944 -11.837637
v 9.658000 -1.578195 -10.995638
v 9.510750 -1.799695 -12.710886
v 9.419500 -1.952945 -13.674887
v 9.337250 -1.944694 -13.674135
v 9.111000 -1.938945 -13.672636
v 9.841750 -0.925946 -4.787636
v 9.903250 -0.849446 -3.946136
v 10.085500 -0.933445 -4.785387
v 10.148500 -0.857445 -3.939386
v 9.775000 -1.006445 -5.653137
v 10.017250 -1.014195 -5.653137
v 10.173750 -0.942696 -4.784637
v 10.237000 -0.866446 -3.936886
v 10.105000 -1.023195 -5.653387
v 10.032000 -1.107695 -6.538137
v 9.956750 -1.195946 -7.434137
v 9.944750 -1.098696 -6.537636
v 9.870250 -1.186945 -7.433638
v 9.704250 -1.091446 -6.536386
v 9.631250 -1.179695 -7.431635
v 10.044250 -0.657447 -1.729138
v 10.291500 -0.665196 -1.698887
v 10.005000 -0.713446 -2.383886
v 10.251750 -0.721196 -2.362137
v 10.381000 -0.673945 -1.687637
v 10.341000 -0.730446 -2.353888
v 10.292750 -0.795195 -3.115137
v 10.204000 -0.785946 -3.120386
v 9.958000 -0.778197 -3.133886
v 9.558000 -1.271194 -8.333387
v 9.795000 -1.278196 -8.335638
v 9.484750 -1.365696 -9.232885
v 9.720250 -1.372696 -9.235636
v 9.881000 -1.287195 -8.336637
v 9.805500 -1.381445 -9.236635
v 9.731000 -1.478445 -10.125887
v 9.646250 -1.469696 -10.124636
v 9.412500 -1.462946 -10.121637
v 10.533750 -0.598946 -0.303637
v 10.533500 -0.564196 -0.140137
v 10.595500 -0.604445 -0.269886
v 10.591500 -0.566697 -0.095636
v 10.527250 -0.630696 -0.459637
v 10.591500 -0.636946 -0.418886
v 10.761000 -0.611947 -0.194138
v 10.749000 -0.571446 -0.011387
v 10.761250 -0.645446 -0.343887
v 10.755000 -0.672446 -0.461887
v 10.583000 -0.664447 -0.546137
v 10.516250 -0.661197 -0.622887
v 10.493250 -0.462947 0.339363
v 10.509500 -0.449946 0.434112
v 10.509000 -0.490197 0.216864
v 10.548250 -0.482446 0.297613
v 10.563250 -0.439946 0.538362
v 10.662500 -0.477197 0.406612
v 10.720250 -0.523946 0.206114
v 10.575750 -0.523696 0.107363
v 10.523750 -0.525946 0.045113
v 7.949000 -5.074194 -24.364637
v 7.956750 -5.046194 -24.306387
v 8.465000 -5.074194 -24.323385
v 8.467250 -5.046694 -24.266638
v 7.981500 -4.966944 -24.134386
v 8.475250 -4.968943 -24.099386
v 8.978000 -4.969194 -24.047388
v 8.988000 -5.046694 -24.212637
v 8.991750 -5.074194 -24.268385
v 7.852250 -3.795443 -21.391886
v 7.401250 -4.148693 -22.333136
v 7.552000 -3.706194 -21.163137
v 6.730500 -4.058943 -22.143637
v 7.116500 -4.495693 -23.155386
v 6.414250 -4.474693 -23.134886
v 5.500500 -4.492693 -23.200388
v 5.582000 -4.143194 -22.365637
v 5.569250 -3.785944 -21.411638
v 6.572750 -3.701944 -21.167887
v 7.360000 -3.523943 -20.628386
v -12.045750 -2.769194 -16.436888
v -12.968750 -2.861443 -16.533388
v -13.108250 -2.582694 -15.146387
v -12.186000 -2.495194 -15.061888
v -11.176750 -2.686944 -16.340387
v -11.318500 -2.418195 -14.979887
v -11.889750 -3.085444 -17.893637
v -12.817750 -3.183943 -17.998137
v -11.023750 -2.994195 -17.773886
v -9.836000 -2.564694 -16.184137
v -10.420500 -2.617944 -16.252886
v -10.563750 -2.353694 -14.906885
v -9.980250 -2.304444 -14.849638
v -9.724000 -2.850194 -17.538637
v -10.287500 -2.911944 -17.639887
v -10.206250 -3.202694 -18.899885
v -9.708000 -3.123944 -18.725386
v -9.776500 -3.330694 -19.527388
v -10.118250 -3.464443 -19.945135
v -10.880750 -3.314194 -19.145887
v -10.743750 -3.622694 -20.342138
v -12.676250 -3.526194 -19.416636
v -11.735250 -3.420443 -19.308638
v -11.599500 -3.750695 -20.557886
v -12.566000 -3.864193 -20.664137
v -11.124500 -0.403697 1.140863
v -11.161500 -0.381696 1.278112
v -10.194250 -0.353196 1.013113
v -10.216750 -0.370946 0.912613
v -11.036000 -0.423696 0.976864
v -10.257750 -0.388696 0.805113
v -12.014500 -0.443196 1.395113
v -12.079000 -0.414197 1.570114
v -11.879000 -0.483447 1.112114
v -10.673500 -0.433196 0.661364
v -10.858250 -0.430446 0.812363
v -10.327250 -0.399445 0.722113
v -10.397750 -0.407697 0.648363
v -10.889250 -0.475696 0.559362
v -11.266250 -0.479196 0.771112
v -11.474000 -0.537696 0.589613
v -11.004250 -0.527945 0.360863
v -11.056000 -0.580195 0.133364
v -11.562250 -0.595197 0.358614
v -12.138750 -0.557197 0.896614
v -12.246000 -0.618195 0.662613
v -13.975000 -0.629697 1.757112
v -13.007000 -0.590446 1.285864
v -13.084750 -0.650697 1.044113
v -14.000000 -0.688947 1.499363
v -13.947750 -0.567947 2.015614
v -12.948000 -0.529197 1.537113
v -12.957750 -0.480947 1.760612
v -13.924500 -0.515697 2.222363
v -13.907250 -0.476697 2.374113
v -12.995000 -0.445947 1.936363
v -1.140500 -4.555193 -23.430635
v -1.153750 -4.812443 -24.025888
v -2.271000 -4.551943 -23.406885
v -2.288750 -4.810694 -24.002138
v -1.126250 -4.224443 -22.614386
v -2.250000 -4.220194 -22.593138
v -4.461000 -4.523943 -23.295137
v -3.381000 -4.542694 -23.362886
v -3.386000 -4.806194 -23.963388
v -4.427250 -4.796694 -23.911386
v -4.480250 -4.183693 -22.475138
v -3.368750 -4.208193 -22.548887
v -3.343750 -3.835943 -21.547636
v -4.457000 -3.817194 -21.493635
v -4.435750 -3.440193 -20.335138
v -3.329500 -3.449694 -20.362387
v -2.229500 -3.845444 -21.579138
v -2.220750 -3.454443 -20.378138
v -1.115000 -3.848444 -21.593885
v -1.110750 -3.455944 -20.385386
v -6.181500 -1.240196 -8.300386
v -6.228750 -1.146446 -7.406385
v -4.990250 -1.136696 -7.397139
v -4.952250 -1.231445 -8.288385
v -6.134250 -1.336944 -9.193388
v -4.914500 -1.328945 -9.178888
v -7.331000 -1.248945 -8.311636
v -7.387250 -1.155945 -7.415136
v -7.275000 -1.344946 -9.206636
v -6.042000 -1.539945 -10.948137
v -6.087500 -1.436945 -10.078138
v -4.877250 -1.429945 -10.062387
v -4.840750 -1.533945 -10.932386
v -7.165500 -1.545696 -10.962885
v -7.219500 -1.443945 -10.092886
v -8.200000 -1.450445 -10.105886
v -8.138500 -1.551445 -10.975637
v -8.888250 -1.557195 -10.985388
v -8.955500 -1.456945 -10.115637
v -8.263000 -1.352445 -9.218386
v -9.024250 -1.359195 -9.227388
v -8.390750 -1.164696 -7.422388
v -8.326750 -1.256945 -8.321386
v -9.094000 -1.264446 -8.328886
v -9.163750 -1.172695 -7.428137
v -3.993500 -0.376197 -0.784136
v -3.975250 -0.417697 -1.025387
v -5.314000 -0.433945 -0.897387
v -5.362500 -0.393197 -0.640387
v -4.002750 -0.331946 -0.531637
v -5.390000 -0.349446 -0.377386
v -2.648750 -0.360945 -0.873886
v -2.645250 -0.403197 -1.107138
v -2.649750 -0.315945 -0.627136
v -3.965250 -0.257697 -0.125637
v -3.988000 -0.290696 -0.304886
v -5.356500 -0.309447 -0.155888
v -5.303500 -0.277696 0.012114
v -2.637750 -0.239695 -0.213387
v -2.644500 -0.273696 -0.397886
v -1.318000 -0.261197 -0.445387
v -1.317000 -0.226697 -0.259386
v -1.319250 -0.303946 -0.675137
v -1.321250 -0.392445 -1.149887
v -1.320250 -0.349696 -0.919638
v -12.293500 -2.287194 -13.892385
v -13.214500 -2.370944 -13.961637
v -12.376000 -2.129445 -12.873636
v -13.295750 -2.210944 -12.926386
v -11.427500 -2.213695 -13.826387
v -11.512250 -2.058194 -12.824137
v -12.499750 -1.902194 -11.069635
v -12.442250 -2.006194 -11.950888
v -13.359500 -2.086444 -11.987886
v -13.414250 -1.981695 -11.093637
v -11.642500 -1.832944 -11.047136
v -11.581250 -1.936445 -11.916388
v -10.833500 -1.878444 -11.886637
v -10.898500 -1.775695 -11.027887
v -10.324000 -1.731695 -11.012888
v -10.256250 -1.834195 -11.863386
v -10.761750 -1.998945 -12.780886
v -10.182000 -1.953944 -12.747637
v -10.674500 -2.152444 -13.768637
v -10.092750 -2.105695 -13.723639
v -3.881250 -0.712197 -3.393887
v -3.856250 -0.784445 -4.071636
v -5.135000 -0.796696 -4.055387
v -5.167500 -0.724696 -3.359386
v -3.904250 -0.647446 -2.802387
v -5.197000 -0.659945 -2.746637
v -2.590250 -0.701195 -3.416388
v -2.573250 -0.773445 -4.082136
v -2.606000 -0.636446 -2.838886
v -3.939000 -0.544695 -1.909136
v -3.924000 -0.591197 -2.304886
v -5.222000 -0.603945 -2.228136
v -5.241500 -0.557696 -1.814886
v -2.629750 -0.533196 -1.970387
v -2.619500 -0.580195 -2.355137
v -1.310750 -0.572196 -2.382137
v -1.316000 -0.525197 -2.003637
v -1.304000 -0.628445 -2.858387
v -1.287250 -0.765696 -4.087637
v -1.296000 -0.693446 -3.428387
v -11.623250 -0.744696 -0.326138
v -11.628000 -0.726697 -0.228136
v -11.079500 -0.706446 -0.428387
v -11.075000 -0.721446 -0.502136
v -11.616750 -0.762946 -0.461136
v -11.069250 -0.735946 -0.607138
v -12.332750 -0.775447 -0.089386
v -12.337750 -0.753446 0.042364
v -12.325500 -0.799197 -0.266888
v -11.586500 -0.818696 -1.041136
v -11.605500 -0.786197 -0.682886
v -11.059000 -0.754447 -0.796637
v -11.041000 -0.782696 -1.124136
v -12.292750 -0.866196 -0.934137
v -12.312750 -0.828446 -0.533886
v -13.126500 -0.880446 -0.358387
v -13.105250 -0.924697 -0.811886
v -13.969500 -0.992945 -0.683136
v -13.992000 -0.942197 -0.165886
v -13.140750 -0.844447 -0.033386
v -14.007500 -0.898446 0.230364
v -13.154500 -0.787196 0.375614
v -13.149250 -0.814196 0.199364
v -14.017500 -0.860696 0.531113
v -14.023000 -0.827947 0.762613
v -14.646250 -1.432196 -4.754887
v -14.687500 -1.352696 -3.852637
v -13.814000 -1.265696 -3.864887
v -13.767500 -1.344696 -4.758886
v -14.604250 -1.514195 -5.657887
v -13.719500 -1.426445 -5.656637
v -15.472500 -1.519945 -4.751637
v -15.508500 -1.440195 -3.842886
v -15.436250 -1.602196 -5.659136
v -14.517750 -1.686695 -7.470137
v -14.561500 -1.598946 -6.562637
v -13.670750 -1.511196 -6.557886
v -13.621250 -1.598946 -7.463137
v -15.360750 -1.774696 -7.476885
v -15.399000 -1.687195 -6.567137
v -16.126751 -1.766945 -6.571136
v -16.093000 -1.854445 -7.482637
v -16.658001 -1.918196 -7.487135
v -16.688250 -1.830696 -6.574137
v -16.159000 -1.682196 -5.660637
v -16.716749 -1.745695 -5.661636
v -16.221500 -1.519946 -3.835387
v -16.190500 -1.599695 -4.749136
v -16.744249 -1.663445 -4.747387
v -16.771500 -1.583195 -3.830137
v -6.366000 -0.886446 -4.816637
v -6.408250 -0.808945 -4.032137
v -5.100500 -0.874695 -4.823887
v -6.321750 -0.968945 -5.650137
v -5.064750 -0.957695 -5.648136
v -7.549750 -0.897946 -4.807886
v -7.598500 -0.820946 -4.005636
v -7.497500 -0.979946 -5.651386
v -6.275750 -1.055946 -6.518137
v -5.027750 -1.045444 -6.511637
v -7.443000 -1.065945 -6.524387
v -8.454000 -1.075445 -6.529636
v -9.233000 -1.083946 -6.533886
v -8.515750 -0.989945 -5.652388
v -9.300250 -0.998945 -5.652887
v -8.629250 -0.831946 -3.980137
v -8.574750 -0.908695 -4.799387
v -9.364250 -0.917946 -4.792137
v -9.423250 -0.841446 -3.958887
v -14.801750 -1.133946 -1.271387
v -14.831500 -1.070447 -0.556137
v -13.938750 -1.051945 -1.347387
v -14.767000 -1.202946 -2.079888
v -13.901500 -1.117945 -2.123387
v -15.610500 -1.217196 -1.204388
v -15.638500 -1.149196 -0.438637
v -15.578500 -1.288445 -2.043886
v -14.728250 -1.276196 -2.950636
v -13.859250 -1.189696 -2.974386
v -15.544250 -1.362946 -2.931887
v -16.252501 -1.442196 -2.917387
v -16.798500 -1.505196 -2.907387
v -16.282749 -1.366696 -2.015137
v -16.825251 -1.428946 -1.994637
v -16.337250 -1.221446 -0.337637
v -16.311251 -1.292947 -1.148636
v -16.851250 -1.353696 -1.107138
v -16.875500 -1.279197 -0.260138
v -12.557250 -1.801695 -10.175138
v -13.467500 -1.880695 -10.190886
v -12.614500 -1.704445 -9.271635
v -13.519500 -1.783445 -9.282888
v -11.704500 -1.732694 -10.160135
v -11.766750 -1.635694 -9.261137
v -12.727500 -1.519695 -7.456137
v -12.671250 -1.610695 -8.363886
v -13.570750 -1.689695 -8.372637
v -11.891250 -1.450695 -7.449636
v -11.829000 -1.541695 -8.355639
v -11.099000 -1.484695 -8.348387
v -11.166500 -1.393446 -7.443888
v -10.607500 -1.349695 -7.439386
v -10.536000 -1.440945 -8.343138
v -11.031500 -1.578695 -9.251886
v -10.464500 -1.534944 -9.244886
v -10.964500 -1.675695 -10.147387
v -10.393500 -1.631944 -10.137388
v -9.958500 -4.544443 -22.994387
v -9.391000 -4.556444 -23.099638
v -9.479750 -4.812944 -23.644888
v -10.099250 -4.806944 -23.541887
v -10.666000 -4.554443 -22.906385
v -10.823750 -4.811943 -23.434385
v -9.740500 -4.216444 -22.257135
v -9.266250 -4.231194 -22.354387
v -10.400000 -4.182693 -22.079638
v -12.515750 -4.694944 -22.872385
v -11.549250 -4.613943 -22.885637
v -11.659500 -4.841694 -23.346636
v -12.548250 -4.882193 -23.248636
v -12.494500 -4.452694 -22.332636
v -11.471000 -4.337194 -22.267138
v -11.499500 -4.052945 -21.517637
v -12.508250 -4.174445 -21.616388
v -10.608500 -3.895693 -21.248137
v -9.559000 -3.402943 -19.857386
v -9.964750 -3.670944 -20.687635
v -9.344000 -3.472443 -20.146387
v -9.736250 -3.808193 -21.151136
v -9.423750 -3.861944 -21.358385
v -9.150750 -3.497444 -20.269388
v -8.985500 -3.497944 -20.303888
v -9.104000 -3.871193 -21.426386
v -5.997750 -1.645694 -11.796389
v -4.805500 -1.641195 -11.782637
v -5.949750 -1.769695 -12.679388
v -4.767000 -1.766444 -12.669138
v -7.113000 -1.650445 -11.809137
v -7.056000 -1.772945 -12.689138
v -5.821500 -2.131694 -14.778387
v -5.892750 -1.926694 -13.654638
v -4.721500 -1.924695 -13.648138
v -4.664250 -2.130694 -14.775137
v -6.903750 -2.133195 -14.781385
v -6.988500 -1.928945 -13.660635
v -7.937250 -1.931445 -13.665888
v -7.841000 -2.134944 -14.784136
v -8.563250 -2.137444 -14.786139
v -8.668500 -1.934695 -13.670137
v -8.014250 -1.776695 -12.697386
v -8.752500 -1.780694 -12.703886
v -8.079000 -1.655195 -11.820135
v -8.823250 -1.659944 -11.828638
v -3.349750 -3.072693 -18.996138
v -4.461750 -3.068944 -18.985388
v -3.393250 -2.717944 -17.544886
v -4.518750 -2.717194 -17.542635
v -2.234750 -3.074444 -19.002386
v -2.264000 -2.718443 -17.546389
v -3.502500 -2.129695 -14.771635
v -3.448000 -2.399443 -16.104887
v -4.591500 -2.399695 -16.106138
v -2.337000 -2.128945 -14.768888
v -2.300500 -2.398944 -16.103636
v -1.151000 -2.398694 -16.102888
v -1.169000 -2.128194 -14.766886
v -1.132500 -2.718443 -17.546888
v -1.118000 -3.075194 -19.005388
v -17.257750 -1.094447 2.013113
v -17.267750 -1.035447 2.532364
v -16.941750 -1.011947 2.343113
v -16.932249 -1.067947 1.855364
v -17.242001 -1.162946 1.363113
v -16.917250 -1.133197 1.243864
v -17.422251 -1.108697 2.092613
v -17.432501 -1.048446 2.628113
v -17.406500 -1.178946 1.423113
v -17.200251 -1.314696 -0.213387
v -17.222500 -1.237447 0.611362
v -16.898001 -1.204696 0.531113
v -17.364750 -1.333445 -0.189636
v -17.386749 -1.254947 0.651613
v -17.444000 -1.262696 0.665613
v -17.422251 -1.341697 -0.181637
v -17.463751 -1.185946 1.443863
v -17.490000 -1.054446 2.661114
v -17.479500 -1.115197 2.120113
v -13.017750 -0.425447 2.044113
v -13.897750 -0.453447 2.467363
v -13.029750 -0.415696 2.100363
v -13.893750 -0.442447 2.516613
v -12.117750 -0.397197 1.677113
v -12.137750 -0.389196 1.733112
v -13.034250 -0.413697 2.122364
v -13.893250 -0.439696 2.536364
v -12.144750 -0.387696 1.754614
v -11.199000 -0.362447 1.424364
v -10.172000 -0.337947 1.122364
v -11.195000 -0.363196 1.406612
v -10.174000 -0.338197 1.108614
v -11.183750 -0.368947 1.362364
v -10.180750 -0.342696 1.075363
v -6.848000 -4.955694 -24.174387
v -7.453500 -4.962694 -24.157637
v -7.532500 -4.799694 -23.799387
v -6.948500 -4.782694 -23.791636
v -6.146500 -4.951693 -24.196386
v -6.246750 -4.772194 -23.797636
v -6.798250 -5.043444 -24.366636
v -7.414250 -5.045193 -24.337885
v -6.096500 -5.042444 -24.396635
v -4.407250 -4.961443 -24.282385
v -5.329500 -4.955193 -24.235888
v -5.393500 -4.781193 -23.846888
v -4.397500 -5.044943 -24.468637
v -5.297750 -5.043194 -24.431387
v -5.287500 -5.074194 -24.497385
v -4.394250 -5.074194 -24.531637
v -6.080250 -5.074194 -24.464136
v -7.401750 -5.074194 -24.398638
v -6.781750 -5.074194 -24.431635
v -3.951750 -0.237946 -0.016136
v -5.271500 -0.258946 0.114862
v -3.944750 -0.228696 0.040613
v -5.255500 -0.250195 0.168364
v -2.633500 -0.219447 -0.100887
v -2.631500 -0.209697 -0.042387
v -3.942500 -0.226447 0.062113
v -5.250250 -0.248196 0.188614
v -2.630750 -0.207446 -0.020638
v -1.316000 -0.193696 -0.065136
v -1.316250 -0.196196 -0.087137
v -1.316500 -0.206197 -0.145887
v -16.968500 -2.047195 -8.405638
v -16.999001 -1.957195 -7.489885
v -16.625750 -2.008196 -8.402388
v -16.934750 -2.140695 -9.325388
v -16.590250 -2.101696 -9.321138
v -17.142000 -2.067945 -8.407385
v -17.171499 -1.977695 -7.491388
v -17.108999 -2.161445 -9.327639
v -16.852501 -2.340194 -11.184637
v -16.896250 -2.238195 -10.251135
v -16.550751 -2.199195 -10.245138
v -16.506250 -2.301194 -11.175386
v -17.027750 -2.360944 -11.189386
v -17.071251 -2.258695 -10.254137
v -17.132250 -2.267444 -10.255388
v -17.088751 -2.369695 -11.190886
v -17.169750 -2.169944 -9.328386
v -17.231750 -1.986444 -7.491636
v -17.202499 -2.076694 -8.407888
v -17.078501 -1.702196 -4.746387
v -17.103251 -1.621947 -3.826887
v -17.053249 -1.784695 -5.662386
v -17.247749 -1.722946 -4.745886
v -17.271250 -1.642695 -3.825136
v -17.223749 -1.805445 -5.662636
v -17.027000 -1.869696 -6.576138
v -17.198500 -1.890446 -6.576887
v -17.258249 -1.899195 -6.577387
v -17.283001 -1.814196 -5.662636
v -17.330000 -1.651446 -3.824637
v -17.306749 -1.731695 -4.745886
v -17.177000 -1.390946 -1.081886
v -17.152750 -1.467196 -1.982138
v -17.341999 -1.410697 -1.069138
v -17.318750 -1.487446 -1.975638
v -17.128000 -1.543946 -2.901137
v -17.295000 -1.564446 -2.898136
v -17.353251 -1.573195 -2.896887
v -17.376499 -1.495946 -1.973637
v -17.399500 -1.419196 -1.064886
v -16.802000 -2.447694 -12.127886
v -16.455500 -2.408445 -12.113886
v -16.738501 -2.576945 -13.122637
v -16.392250 -2.537194 -13.102888
v -16.977501 -2.468444 -12.135138
v -16.913750 -2.597945 -13.132635
v -16.546249 -2.966695 -15.432638
v -16.655500 -2.744445 -14.210386
v -16.309750 -2.703944 -14.185637
v -16.201250 -2.925195 -15.404886
v -16.721001 -2.988694 -15.446886
v -16.830500 -2.765944 -14.222887
v -16.891251 -2.774945 -14.227137
v -16.781750 -2.997945 -15.451635
v -16.974751 -2.606944 -13.136137
v -17.038500 -2.477445 -12.137636
v -13.397000 -5.073944 -23.417135
v -12.585000 -5.073944 -23.628386
v -14.158750 -5.073694 -23.199888
v -13.399000 -5.056944 -23.385637
v -12.580000 -5.053194 -23.589636
v -14.160250 -5.060194 -23.176638
v -15.330750 -5.071943 -22.838137
v -14.820250 -5.073193 -22.999388
v -15.298750 -5.063194 -22.834639
v -14.806000 -5.062944 -22.987387
v -14.769250 -5.036694 -22.953386
v -15.208500 -5.041943 -22.825888
v -15.092000 -5.010193 -22.806635
v -14.773000 -4.990444 -22.871138
v -14.169250 -5.024193 -23.109137
v -14.208750 -4.955444 -22.971388
v -12.568750 -4.995443 -23.475386
v -13.409500 -5.010443 -23.293386
v -13.432500 -4.919693 -23.110388
v -16.404751 -3.260443 -16.831388
v -16.059999 -3.217694 -16.803637
v -16.248751 -3.593194 -18.275137
v -15.906750 -3.550194 -18.251638
v -16.579250 -3.282944 -16.845388
v -16.422001 -3.615944 -18.287138
v -15.964750 -4.248194 -20.775137
v -16.096001 -3.933193 -19.633387
v -15.761500 -3.892693 -19.619135
v -15.644500 -4.214194 -20.776636
v -16.127001 -4.266444 -20.774885
v -16.265499 -3.954693 -19.640886
v -16.324499 -3.963694 -19.643637
v -16.183500 -4.274193 -20.775137
v -16.482250 -3.625193 -18.291636
v -16.639999 -3.292445 -16.850386
v -15.872750 -4.506194 -21.569635
v -15.576500 -4.484194 -21.594137
v -15.820750 -4.704693 -22.073885
v -15.569250 -4.692444 -22.111135
v -16.022751 -4.518445 -21.557638
v -15.949500 -4.713943 -22.058638
v -15.799000 -4.929943 -22.480135
v -15.809250 -4.841444 -22.346136
v -15.635000 -4.828943 -22.367887
v -15.688500 -4.897943 -22.458136
v -15.871250 -4.954193 -22.499136
v -15.903500 -4.856693 -22.346388
v -15.937250 -4.863443 -22.346888
v -15.897250 -4.963943 -22.505888
v -15.994750 -4.718693 -22.053888
v -16.075251 -4.524193 -21.554136
v -17.236000 -0.662446 4.168364
v -17.235750 -0.614446 4.323362
v -17.123751 -0.621948 4.207363
v -17.063749 -0.653947 4.054363
v -17.225000 -0.722698 3.961113
v -16.978750 -0.705947 3.811113
v -17.330000 -0.663698 4.244864
v -17.309000 -0.608947 4.404863
v -17.351250 -0.730697 4.042364
v -17.247749 -0.857946 3.512613
v -17.232500 -0.791946 3.732363
v -16.945749 -0.772697 3.553614
v -16.941500 -0.838447 3.313114
v -17.402750 -0.868697 3.613863
v -17.377501 -0.802446 3.823362
v -17.428249 -0.807697 3.855614
v -17.456499 -0.873946 3.649363
v -17.395750 -0.734947 4.071863
v -17.335251 -0.608198 4.435614
v -17.363251 -0.665197 4.273363
v -15.870250 -5.025444 -22.603636
v -15.838750 -5.013693 -22.594885
v -15.802250 -5.057693 -22.671137
v -15.763000 -5.045443 -22.663885
v -15.595500 -4.925194 -22.520136
v -15.750750 -4.983194 -22.570635
v -15.434500 -4.953943 -22.606138
v -15.651250 -5.013943 -22.643637
v -15.486500 -5.033693 -22.725637
v -15.259500 -4.988693 -22.716639
v -15.600500 -5.059694 -22.735388
v -15.640250 -5.069944 -22.739138
v -17.084749 -0.540697 4.465113
v -16.763750 -0.529447 4.259863
v -17.044001 -0.541196 4.424112
v -16.731251 -0.529697 4.226112
v -17.250500 -0.552947 4.550364
v -17.210751 -0.553947 4.507362
v -16.696251 -0.553447 4.100613
v -16.927999 -0.545446 4.312613
v -16.639250 -0.533197 4.136364
v -16.520750 -0.540197 4.016113
v -16.877001 -0.574697 4.164114
v -17.097250 -0.560697 4.389614
v -17.194750 -0.582197 4.395113
v -17.035999 -0.599447 4.207863
v -17.284000 -0.574447 4.496613
v -17.316000 -0.573196 4.534113
v -13.610500 -3.635945 -19.499136
v -13.524000 -3.978443 -20.733385
v -14.475250 -3.739443 -19.558138
v -14.398250 -4.080945 -20.770136
v -13.740250 -3.288695 -18.086386
v -14.600000 -3.390444 -18.157888
v -15.206500 -3.826443 -19.596136
v -15.113750 -4.158944 -20.779886
v -15.339500 -3.480195 -18.212885
v -15.488500 -3.147694 -16.757635
v -15.629000 -2.857693 -15.359137
v -14.745750 -3.059445 -16.695887
v -14.885500 -2.772195 -15.298388
v -13.887250 -2.961194 -16.620386
v -14.026750 -2.677695 -15.226385
v -16.308750 -0.564697 3.757113
v -16.191000 -0.536447 3.774864
v -15.720000 -0.566947 3.304613
v -15.610250 -0.527446 3.373363
v -16.516750 -0.598197 3.797613
v -15.950750 -0.629947 3.242363
v -14.885250 -0.547446 2.765114
v -14.814000 -0.505447 2.879864
v -14.941750 -0.602697 2.583113
v -14.939250 -0.667197 2.310614
v -14.913000 -0.728946 2.024864
v -15.803250 -0.704196 2.844864
v -15.749250 -0.768697 2.544613
v -16.470751 -0.741197 3.258614
v -16.433750 -0.806947 2.982113
v -16.575001 -0.676696 3.576113
v -16.796499 -0.630197 3.913864
v -14.133000 -2.462945 -14.029139
v -14.992250 -2.554694 -14.091639
v -14.213500 -2.300695 -12.978888
v -15.073250 -2.390695 -13.027887
v -15.736500 -2.637944 -14.144888
v -15.818500 -2.472194 -13.070387
v -15.881250 -2.344196 -12.090387
v -15.932000 -2.237695 -11.160135
v -15.136000 -2.263694 -12.059885
v -15.187250 -2.157695 -11.140387
v -14.276500 -2.174945 -12.025137
v -14.329000 -2.069444 -11.117887
v -14.882500 -0.915696 0.897114
v -14.889000 -0.876447 1.195864
v -14.871250 -0.960946 0.514614
v -15.692000 -0.972446 1.262863
v -15.699500 -0.926946 1.631863
v -15.679250 -1.025697 0.794863
v -14.854500 -1.012696 0.034613
v -15.661250 -1.084947 0.227613
v -16.360001 -1.151446 0.398363
v -16.378750 -1.085196 1.046364
v -16.401251 -0.973947 2.028614
v -16.392750 -1.025447 1.593862
v -11.361500 -1.139946 -4.774637
v -11.419750 -1.062695 -3.909638
v -10.873750 -1.019446 -3.921137
v -10.813250 -1.096445 -4.778887
v -11.299000 -1.220945 -5.654137
v -10.747750 -1.177195 -5.653637
v -12.071750 -1.196945 -4.769636
v -12.127000 -1.118946 -3.895136
v -12.013500 -1.278196 -5.654636
v -11.233500 -1.305695 -6.544638
v -10.678500 -1.261696 -6.541637
v -11.953250 -1.362946 -6.548637
v -12.783500 -1.431946 -6.553137
v -12.838250 -1.347195 -5.655386
v -12.942750 -1.187195 -3.879637
v -12.891500 -1.265696 -4.764137
v -11.557250 -0.864945 -1.585137
v -11.012500 -0.825946 -1.643137
v -11.519000 -0.922696 -2.272636
v -10.974500 -0.881695 -2.310637
v -12.262500 -0.916445 -1.511637
v -12.224000 -0.976697 -2.224886
v -11.472500 -0.989445 -3.061386
v -10.928000 -0.946946 -3.084137
v -12.178250 -1.044945 -3.033137
v -12.991500 -1.112196 -3.003138
v -13.036000 -1.042197 -2.173388
v -13.074500 -0.979195 -1.429886
v -15.978000 -2.135694 -10.234888
v -16.019501 -2.038444 -9.314138
v -15.235000 -2.055946 -10.221888
v -15.279250 -1.958694 -9.304888
v -16.057501 -1.944946 -8.396887
v -15.321000 -1.864944 -8.389635
v -14.473000 -1.777195 -8.381388
v -14.427000 -1.870945 -9.294138
v -14.379000 -1.968195 -10.206888
v -15.085750 -4.448945 -21.635885
v -14.396500 -4.388943 -21.668139
v -15.156750 -4.678944 -22.181135
v -14.521750 -4.684694 -22.358385
v -13.505750 -4.291943 -21.664137
v -13.505500 -4.560944 -22.339136
v -13.473000 -4.769943 -22.806887
v -14.301000 -4.843693 -22.737886
v -14.880500 -4.920944 -22.714136
v -15.080750 -4.857693 -22.546888
v -15.362250 -4.830694 -22.433138
v -16.183250 -0.520696 3.832613
v -16.219250 -0.513696 3.892363
v -15.560750 -0.504197 3.428364
v -15.546750 -0.493196 3.465612
v -16.233000 -0.512447 3.915863
v -15.543500 -0.490697 3.481613
v -14.746750 -0.465947 3.005613
v -14.752250 -0.468946 2.989613
v -14.772250 -0.480697 2.951113
v -11.726250 -4.979193 -23.624136
v -10.919000 -4.967443 -23.752138
v -11.760500 -5.049194 -23.763887
v -10.967250 -5.046444 -23.911886
v -9.533250 -4.967943 -23.973135
v -10.184000 -4.965443 -23.871386
v -9.560500 -5.046444 -24.138136
v -10.227000 -5.045944 -24.037138
v -10.242250 -5.074194 -24.093138
v -9.570250 -5.074194 -24.193888
v -10.984250 -5.073944 -23.965887
v -11.772750 -5.073944 -23.811136
v -8.928250 -4.562693 -23.172388
v -8.959250 -4.816193 -23.718637
v -8.891250 -4.238693 -22.419638
v -8.520000 -4.561443 -23.213636
v -8.491750 -4.815693 -23.766638
v -8.566500 -4.236443 -22.451635
v -8.854250 -3.495194 -20.326136
v -8.853750 -3.874443 -21.471136
v -8.740250 -3.488194 -20.336138
v -8.638000 -3.869944 -21.491636
v -8.422250 -3.856443 -21.486135
v -8.626000 -3.476694 -20.332888
v -8.494750 -3.460194 -20.316137
v -8.172000 -3.832193 -21.453386
v -8.242500 -4.222193 -22.448637
v -7.870500 -4.193693 -22.409636
v -8.031500 -4.810444 -23.792387
v -8.115500 -4.551193 -23.223886
v -7.664500 -4.529943 -23.204138
v -1.241000 -1.209196 -8.258387
v -1.250500 -1.112446 -7.373888
v -1.231750 -1.308944 -9.142885
v -2.481000 -1.214695 -8.265886
v -2.500000 -1.118696 -7.379889
v -2.462000 -1.313946 -9.151888
v -1.213250 -1.518945 -10.892885
v -1.222250 -1.412195 -10.022638
v -2.425250 -1.522695 -10.902636
v -2.443500 -1.416694 -10.032637
v -3.662250 -1.422945 -10.046389
v -3.634750 -1.527944 -10.916636
v -3.690250 -1.320946 -9.164385
v -3.746750 -1.127195 -7.387888
v -3.718500 -1.222444 -8.276388
v -6.759000 -0.327197 0.059113
v -6.655750 -0.297446 0.208363
v -6.822250 -0.365447 -0.152887
v -8.084000 -0.342446 0.324614
v -7.953750 -0.315946 0.450863
v -8.348750 -0.380696 0.148613
v -6.664500 -0.449696 -0.714888
v -6.764250 -0.408696 -0.432636
v -7.909000 -0.464696 -0.522636
v -8.039750 -0.424447 -0.224886
v -9.030500 -0.441697 -0.080387
v -8.928750 -0.479697 -0.364887
v -9.687000 -0.493447 -0.250387
v -9.739250 -0.458196 0.007112
v -9.271000 -0.408196 0.225113
v -9.861000 -0.425946 0.272863
v -9.750750 -0.392947 0.509363
v -10.103750 -0.407197 0.502863
v -9.407000 -0.376197 0.534363
v -9.219750 -0.353696 0.624863
v -9.129000 -0.332946 0.728363
v -8.678500 -0.760445 -3.203636
v -9.475750 -0.770195 -3.160137
v -8.721750 -0.695696 -2.496138
v -9.521500 -0.705447 -2.426386
v -7.643250 -0.749196 -3.256386
v -7.682750 -0.684697 -2.581137
v -8.785750 -0.594197 -1.391636
v -8.757750 -0.639697 -1.883387
v -9.559500 -0.649445 -1.787386
v -9.589250 -0.603945 -1.273386
v -7.742000 -0.582946 -1.535137
v -7.716000 -0.628695 -2.000387
v -6.511750 -0.616446 -2.120886
v -6.534750 -0.570447 -1.683136
v -6.482250 -0.672446 -2.668636
v -6.447250 -0.737196 -3.310886
v -1.278500 -0.844696 -4.831636
v -1.269250 -0.929445 -5.640886
v -2.555500 -0.852196 -4.830887
v -2.537250 -0.936445 -5.642887
v -1.260000 -1.018946 -6.494886
v -2.518750 -1.025696 -6.499136
v -3.775000 -1.034945 -6.504887
v -3.802750 -0.946446 -5.645638
v -3.830000 -0.862696 -4.828386
v -1.204250 -1.629445 -11.748388
v -1.194750 -1.758195 -12.643385
v -2.407500 -1.632446 -11.757135
v -2.388250 -1.760194 -12.649885
v -1.183250 -1.919444 -13.631636
v -2.365500 -1.920945 -13.635637
v -3.545250 -1.922694 -13.641386
v -3.579500 -1.763194 -12.658888
v -3.608250 -1.636445 -11.769136
v -7.402250 -2.998444 -18.740137
v -7.301500 -3.278195 -19.812387
v -7.768250 -3.177695 -19.436888
v -8.008000 -2.971194 -18.635138
v -7.571250 -2.700943 -17.482138
v -8.249750 -2.695694 -17.456388
v -6.580750 -3.042695 -18.902136
v -6.531000 -3.378693 -20.149885
v -6.682250 -2.711194 -17.522387
v -7.718250 -2.402194 -16.109888
v -8.429250 -2.404444 -16.110636
v -6.795750 -2.400944 -16.108637
v -5.730500 -2.400195 -16.107386
v -5.640000 -2.715695 -17.538885
v -5.539500 -3.424694 -20.294386
v -5.569500 -3.062693 -18.968885
v -3.389250 -4.965193 -24.324888
v -2.299250 -4.966944 -24.360136
v -3.391000 -5.045694 -24.506636
v -2.304750 -5.046194 -24.540388
v -1.161750 -4.967693 -24.384386
v -1.165750 -5.046444 -24.564386
v -1.167000 -5.073944 -24.625387
v -2.306750 -5.073944 -24.601137
v -3.391750 -5.074194 -24.568136
v -6.593750 -0.279946 0.299614
v -7.875500 -0.300446 0.528364
v -6.562500 -0.271697 0.347362
v -7.836500 -0.293197 0.569363
v -9.074750 -0.320697 0.792364
v -9.047500 -0.315196 0.826363
v -9.038250 -0.314446 0.840362
v -7.823250 -0.291945 0.585613
v -6.552250 -0.269946 0.365864
v -14.891250 -0.843446 1.423862
v -14.025500 -0.798945 0.951113
v -15.701750 -0.889947 1.902113
v -14.893250 -0.811696 1.615614
v -14.023500 -0.769197 1.120613
v -15.705750 -0.855447 2.115864
v -16.944500 -0.967946 2.683863
v -16.403749 -0.932946 2.337864
v -16.943750 -0.928947 2.926863
v -16.406250 -0.896196 2.568613
v -16.414249 -0.856197 2.767862
v -16.941750 -0.888196 3.120363
v -15.719250 -0.816947 2.315863
v -14.015500 -0.733947 1.295362
v -14.899000 -0.775197 1.804613
v -6.550000 -0.536196 -1.370886
v -5.254000 -0.522696 -1.517388
v -7.759500 -0.548945 -1.206137
v -6.569000 -0.507947 -1.136887
v -5.266000 -0.493697 -1.293386
v -7.783500 -0.521447 -0.961887
v -9.610250 -0.570697 -0.914887
v -8.805250 -0.560696 -1.046137
v -9.629250 -0.544446 -0.659388
v -8.828000 -0.533946 -0.795137
v -8.865250 -0.508696 -0.585386
v -9.652500 -0.520446 -0.455387
v -7.828250 -0.495196 -0.751137
v -5.284000 -0.465947 -1.100887
v -6.603250 -0.480946 -0.933888
v -17.270750 -0.989696 2.892363
v -17.435749 -1.001447 2.997614
v -17.267750 -0.949447 3.142612
v -17.431749 -0.960946 3.251364
v -17.493000 -1.007196 3.033863
v -17.488750 -0.966447 3.289114
v -17.476749 -0.924447 3.477364
v -17.420750 -0.918947 3.440113
v -17.259750 -0.907947 3.332613
v -11.611750 -0.640946 0.168363
v -11.082250 -0.623446 -0.055388
v -11.632500 -0.676696 0.011864
v -11.090250 -0.658196 -0.209137
v -12.308250 -0.665196 0.471363
v -12.336750 -0.701446 0.311613
v -11.634500 -0.704696 -0.117888
v -11.087000 -0.685696 -0.332136
v -12.343000 -0.729697 0.172363
v -13.158000 -0.761197 0.531362
v -13.152750 -0.732196 0.683613
v -13.130750 -0.696696 0.849113
v -1.319250 -0.488196 -1.727636
v -2.636250 -0.496947 -1.690638
v -1.321000 -0.456946 -1.517637
v -2.640250 -0.466197 -1.478386
v -3.948750 -0.508946 -1.622137
v -3.956000 -0.479195 -1.405386
v -3.963750 -0.450446 -1.219637
v -2.642750 -0.436696 -1.296137
v -1.321500 -0.426696 -1.337137
v -9.183250 -2.443694 -16.113638
v -9.328500 -2.180194 -14.789888
v -9.316500 -2.165694 -14.789385
v -9.171250 -2.430693 -16.112886
v -9.013250 -2.756693 -17.545885
v -8.989250 -2.744694 -17.543386
v -9.195750 -2.458443 -16.114386
v -9.341250 -2.196944 -14.790636
v -9.036000 -2.769444 -17.546888
v -8.825250 -3.105694 -18.985888
v -8.765500 -3.092694 -18.978636
v -8.878500 -3.117194 -18.987638
v -8.931500 -3.126694 -18.984137
v -8.991250 -3.134444 -18.975386
v -9.058500 -2.781945 -17.546389
v -9.082500 -2.792944 -17.544638
v -9.353750 -2.213695 -14.791136
v -9.208250 -2.473195 -16.114885
v -9.220500 -2.486695 -16.115385
v -9.365750 -2.228444 -14.791887
v -9.610500 -1.708194 -11.838137
v -9.681250 -1.606195 -10.996138
v -9.669000 -1.589944 -10.995886
v -9.598500 -1.691945 -11.837885
v -9.533750 -1.827695 -12.711637
v -9.521750 -1.811694 -12.711138
v -9.623250 -1.726695 -11.838636
v -9.693750 -1.624944 -10.996386
v -9.546500 -1.846195 -12.712137
v -9.442750 -1.979945 -13.675638
v -9.430500 -1.964444 -13.675138
v -9.455250 -1.997695 -13.676138
v -9.468000 -2.015695 -13.676886
v -9.480000 -2.031444 -13.677385
v -9.559000 -1.864444 -12.712637
v -9.571250 -1.880695 -12.713137
v -9.706500 -1.643445 -10.996637
v -9.635750 -1.745195 -11.838888
v -9.648000 -1.761695 -11.839388
v -9.718500 -1.659944 -10.997137
v -10.197000 -0.970946 -4.784136
v -10.260000 -0.894696 -3.935886
v -10.248000 -0.878445 -3.936386
v -10.184750 -0.954695 -4.784388
v -10.128000 -1.051695 -5.653387
v -10.116000 -1.035196 -5.653387
v -10.209500 -0.989445 -4.783886
v -10.272750 -0.913195 -3.935137
v -10.140750 -1.070196 -5.653387
v -9.980000 -1.224195 -7.434385
v -10.055250 -1.136196 -6.538387
v -10.043000 -1.119696 -6.538137
v -9.967750 -1.207945 -7.434385
v -9.992500 -1.242695 -7.434385
v -10.067750 -1.154696 -6.538387
v -10.080500 -1.173445 -6.538387
v -10.005250 -1.261446 -7.434637
v -10.017500 -1.277945 -7.434637
v -10.092500 -1.189945 -6.538637
v -10.153250 -1.088696 -5.653137
v -10.165500 -1.105196 -5.653137
v -10.285250 -0.931946 -3.934637
v -10.222250 -1.008196 -4.783636
v -10.234250 -1.024697 -4.783636
v -10.297250 -0.948447 -3.934137
v -10.403750 -0.700946 -1.682636
v -10.435750 -0.653197 -1.144137
v -10.423750 -0.638446 -1.147637
v -10.392000 -0.685446 -1.685387
v -10.363750 -0.758196 -2.350388
v -10.351750 -0.742196 -2.352386
v -10.416750 -0.718445 -1.672136
v -10.449000 -0.669446 -1.129137
v -10.376250 -0.776446 -2.346386
v -10.315750 -0.823195 -3.113136
v -10.303750 -0.806946 -3.114138
v -10.328250 -0.841696 -3.111887
v -10.340500 -0.860196 -3.110638
v -10.352500 -0.876696 -3.109386
v -10.389000 -0.794446 -2.338886
v -10.401000 -0.810946 -2.334137
v -10.464000 -0.685696 -1.091637
v -10.430500 -0.735696 -1.646887
v -10.443250 -0.752196 -1.633137
v -10.482500 -0.698947 -1.001886
v -9.904250 -1.315445 -8.336885
v -9.892250 -1.299196 -8.336637
v -9.828750 -1.409694 -9.236887
v -9.816750 -1.393446 -9.236635
v -9.917000 -1.333946 -8.336885
v -9.841500 -1.428196 -9.237135
v -9.754250 -1.506694 -10.126135
v -9.742000 -1.490446 -10.126135
v -9.766750 -1.525196 -10.126387
v -9.779500 -1.543945 -10.126638
v -9.791500 -1.560196 -10.126886
v -9.854000 -1.446945 -9.237387
v -9.866250 -1.463445 -9.237387
v -9.929500 -1.352695 -8.337137
v -9.941750 -1.369196 -8.337137
v -10.486000 -0.563697 -0.341137
v -10.491000 -0.541446 -0.200636
v -10.478250 -0.530696 -0.185637
v -10.473250 -0.552947 -0.338137
v -10.476000 -0.587697 -0.516636
v -10.463250 -0.575946 -0.519386
v -10.499000 -0.574946 -0.339636
v -10.503250 -0.551446 -0.205387
v -10.489000 -0.600695 -0.510387
v -10.459500 -0.616446 -0.769886
v -10.447250 -0.603196 -0.774138
v -10.472750 -0.631196 -0.757637
v -10.487250 -0.645945 -0.730637
v -10.502000 -0.656947 -0.686136
v -10.502250 -0.613446 -0.498386
v -10.515250 -0.623946 -0.481136
v -10.514500 -0.558196 -0.189886
v -10.511500 -0.584946 -0.329887
v -10.523250 -0.592946 -0.316387
v -10.524500 -0.561946 -0.164637
v -10.511000 -0.530196 -0.042887
v -10.517750 -0.528697 0.001364
v -10.503000 -0.504697 0.086863
v -10.506500 -0.498196 0.151113
v -10.502250 -0.527446 -0.067387
v -10.499000 -0.509446 0.035864
v -10.482000 -0.468945 0.247364
v -10.492750 -0.485446 0.175114
v -10.494250 -0.475695 0.253363
v -10.485000 -0.463696 0.300363
v -10.479750 -0.483197 0.138613
v -10.491000 -0.497697 0.081114
v -10.491500 -0.517947 -0.051888
v -10.479500 -0.505696 -0.016136
v -10.728250 -0.733697 -0.865387
v -10.710500 -0.758946 -1.174637
v -10.738250 -0.717946 -0.695387
v -10.560750 -0.718695 -0.885138
v -10.542000 -0.741696 -1.182387
v -10.612000 -0.711196 -0.757637
v -10.747250 -0.692447 -0.549637
v -10.743250 -0.705947 -0.608887
v -10.575000 -0.685696 -0.644136
v -10.571500 -0.699696 -0.705387
v -10.504250 -0.704446 -0.850637
v -10.506750 -0.686696 -0.763136
v -10.483500 -0.725196 -1.137636
v -9.231250 -2.496945 -16.115637
v -9.376750 -2.239694 -14.792135
v -9.109000 -2.801444 -17.540888
v -9.299000 -2.509694 -16.122385
v -9.444500 -2.252694 -14.798136
v -9.189500 -2.809945 -17.532888
v -9.064000 -3.139193 -18.961386
v -9.183250 -3.135193 -18.907385
v -9.382500 -3.115944 -18.778387
v -9.376250 -2.821194 -17.517637
v -9.626250 -2.272445 -14.815386
v -9.481250 -2.530694 -16.142885
v -9.659000 -1.773944 -11.839636
v -9.729500 -1.671945 -10.997385
v -9.582250 -1.892946 -12.713388
v -9.726000 -1.786695 -11.842386
v -9.796250 -1.684946 -10.999136
v -9.649500 -1.905694 -12.717138
v -9.491000 -2.043195 -13.677885
v -9.558500 -2.056195 -13.682886
v -9.739750 -2.075194 -13.696638
v -9.830250 -1.924445 -12.727636
v -9.975500 -1.703195 -11.003637
v -9.906000 -1.805194 -11.849386
v -10.318500 -0.421447 0.467363
v -10.442250 -0.418696 0.569113
v -10.218500 -0.441447 0.277613
v -10.430000 -0.436446 0.407864
v -10.467500 -0.432446 0.482113
v -10.402000 -0.455697 0.249363
v -10.146000 -0.504197 -0.188637
v -10.168500 -0.471946 0.044613
v -10.381000 -0.513196 -0.166388
v -10.388250 -0.483697 0.044613
v -10.468500 -0.494447 0.020113
v -10.466750 -0.521697 -0.169638
v -10.469750 -0.469447 0.198864
v -10.480000 -0.448697 0.385862
v -10.472750 -0.452697 0.329863
v -10.245250 -1.036946 -4.783386
v -10.308250 -0.960446 -3.933638
v -10.176500 -1.117445 -5.653137
v -10.309250 -1.049696 -4.782887
v -10.372000 -0.973196 -3.932137
v -10.241000 -1.130446 -5.653387
v -10.028500 -1.290195 -7.434885
v -10.103500 -1.202196 -6.538637
v -10.093750 -1.302946 -7.435389
v -10.168500 -1.214945 -6.538887
v -10.341750 -1.233196 -6.539886
v -10.268250 -1.321196 -7.436636
v -10.413250 -1.148695 -5.653387
v -10.542500 -0.991446 -3.928387
v -10.480750 -1.067946 -4.781387
v -10.452000 -0.766946 -1.658136
v -10.411250 -0.823697 -2.339386
v -10.513000 -0.782447 -1.685387
v -10.474250 -0.836945 -2.343136
v -10.363500 -0.888945 -3.108387
v -10.427250 -0.901446 -3.105387
v -10.597250 -0.919196 -3.098137
v -10.644000 -0.854697 -2.333887
v -10.682000 -0.800196 -1.678387
v -9.952750 -1.381445 -8.337385
v -9.877250 -1.475445 -9.237638
v -10.018250 -1.394195 -8.337885
v -9.943250 -1.488445 -9.238386
v -9.802500 -1.572445 -10.127138
v -9.869000 -1.585195 -10.128386
v -10.047250 -1.603445 -10.131388
v -10.120250 -1.506695 -9.240637
v -10.194250 -1.412445 -8.339636
v -10.129000 -0.529446 -0.379137
v -10.114000 -0.552697 -0.577637
v -10.372750 -0.536946 -0.343388
v -10.361750 -0.559697 -0.536137
v -10.075000 -0.611947 -1.201887
v -10.097250 -0.578446 -0.834887
v -10.323000 -0.619197 -1.164887
v -10.345750 -0.585696 -0.793636
v -10.435750 -0.593446 -0.777638
v -10.412750 -0.627696 -1.150637
v -10.451750 -0.566947 -0.521387
v -10.461500 -0.544446 -0.334387
v -8.859500 -2.407944 -16.111387
v -9.000500 -2.141194 -14.787386
v -8.659500 -2.706194 -17.482885
v -9.079750 -2.413193 -16.111887
v -9.224000 -2.146695 -14.788385
v -8.873000 -2.722443 -17.523386
v -7.952250 -3.281443 -19.812635
v -8.371250 -3.003193 -18.740385
v -8.144000 -3.386694 -20.147886
v -8.572750 -3.052695 -18.901636
v -8.692750 -3.078944 -18.965887
v -8.329500 -3.438195 -20.284887
v -8.962750 -2.734194 -17.539888
v -9.305500 -2.154695 -14.788885
v -9.160000 -2.420695 -16.112387
v -9.273500 -1.665195 -11.833887
v -9.342000 -1.562694 -10.991388
v -9.199250 -1.785196 -12.707888
v -9.503750 -1.671445 -11.836386
v -9.573750 -1.569444 -10.994638
v -9.427500 -1.791444 -12.709887
v -9.111000 -1.938945 -13.672636
v -9.337250 -1.944694 -13.674135
v -9.419500 -1.952945 -13.674887
v -9.510750 -1.799695 -12.710886
v -9.658000 -1.578195 -10.995638
v -9.587500 -1.679944 -11.837637
v -9.841750 -0.925946 -4.787636
v -9.903500 -0.849446 -3.946136
v -9.775000 -1.006445 -5.653137
v -10.085500 -0.933445 -4.785387
v -10.148500 -0.857445 -3.939386
v -10.017250 -1.014195 -5.653137
v -9.631250 -1.179695 -7.431635
v -9.704250 -1.091446 -6.536386
v -9.870250 -1.186945 -7.433638
v -9.944750 -1.098696 -6.537636
v -10.032000 -1.107695 -6.538137
v -9.956750 -1.195946 -7.434137
v -10.105000 -1.023195 -5.653387
v -10.237000 -0.866446 -3.936886
v -10.173750 -0.942696 -4.784637
v -10.044250 -0.657447 -1.729138
v -10.005000 -0.713446 -2.383886
v -10.291500 -0.665196 -1.698887
v -10.251750 -0.721196 -2.362137
v -9.958000 -0.778197 -3.133886
v -10.204000 -0.785946 -3.120386
v -10.292750 -0.795195 -3.115137
v -10.341000 -0.730446 -2.353888
v -10.381000 -0.673945 -1.687637
v -9.558000 -1.271194 -8.333387
v -9.484750 -1.365696 -9.232885
v -9.795000 -1.278196 -8.335638
v -9.720250 -1.372696 -9.235636
v -9.412500 -1.462946 -10.121637
v -9.646250 -1.469696 -10.124636
v -9.731000 -1.478445 -10.125887
v -9.805500 -1.381445 -9.236635
v -9.881000 -1.287195 -8.336637
v -10.533750 -0.598946 -0.303637
v -10.533500 -0.564196 -0.140137
v -10.527250 -0.630696 -0.459637
v -10.595500 -0.604445 -0.269886
v -10.591500 -0.566697 -0.095636
v -10.591500 -0.636946 -0.418886
v -10.516250 -0.661197 -0.622887
v -10.583000 -0.664447 -0.546137
v -10.755000 -0.672446 -0.461887
v -10.761250 -0.645446 -0.343887
v -10.749000 -0.571446 -0.011387
v -10.761000 -0.611947 -0.194138
v -10.493250 -0.462947 0.339363
v -10.509000 -0.490197 0.216864
v -10.509500 -0.449946 0.434112
v -10.548250 -0.482446 0.297613
v -10.523750 -0.525946 0.045113
v -10.575750 -0.523696 0.107363
v -10.720250 -0.523946 0.206114
v -10.662500 -0.477197 0.406612
v -10.563250 -0.439946 0.538362
v -7.949000 -5.074194 -24.364637
v -8.465000 -5.074194 -24.323385
v -7.956750 -5.046194 -24.306387
v -8.467250 -5.046694 -24.266638
v -8.991750 -5.074194 -24.268385
v -8.988000 -5.046694 -24.212637
v -8.978000 -4.969194 -24.047388
v -8.475250 -4.968943 -24.099386
v -7.981500 -4.966944 -24.134386
v -7.852250 -3.795443 -21.391886
v -7.552000 -3.706194 -21.163137
v -7.401250 -4.148693 -22.333136
v -6.730500 -4.058943 -22.143637
v -7.360000 -3.523943 -20.628386
v -6.572750 -3.701944 -21.167887
v -5.569250 -3.785944 -21.411638
v -5.582000 -4.143194 -22.365637
v -5.500500 -4.492693 -23.200388
v -6.414250 -4.474693 -23.134886
v -7.116500 -4.495693 -23.155386
vn -0.0000 0.9429 -0.3330
vn -0.1531 0.9406 -0.3030
vn -0.0000 0.9514 -0.3079
vn 0.1540 0.9408 -0.3020
vn 0.1479 0.9326 -0.3291
vn 0.1509 0.9225 -0.3552
vn -0.0000 0.9338 -0.3578
vn -0.1520 0.9222 -0.3555
vn -0.1482 0.9323 -0.3299
vn -0.0000 -0.0868 -0.9962
vn -0.2041 -0.0038 -0.9789
vn -0.0000 -0.0089 -1.0000
vn 0.2050 -0.0027 -0.9788
vn 0.2036 -0.0872 -0.9752
vn -1.0000 -0.0001 0.0003
vn -0.9945 0.0023 0.1042
vn -0.9992 0.0360 -0.0162
vn -0.9990 0.0428 -0.0162
vn -0.9692 0.0085 0.2462
vn -0.9959 0.0759 0.0483
vn -0.8888 0.4330 -0.1501
vn -0.9663 0.2412 -0.0902
vn -0.9010 0.4137 -0.1302
vn -0.9677 0.2261 -0.1111
vn -0.9986 -0.0067 -0.0518
vn -0.9670 -0.1245 -0.2223
vn -0.9989 -0.0333 -0.0325
vn -0.9996 -0.0029 -0.0268
vn -0.0000 0.0879 0.9961
vn 0.2074 0.1453 0.9674
vn -0.0000 0.1462 0.9893
vn -0.2084 0.1462 0.9671
vn -0.1968 0.0861 0.9767
vn -0.0000 0.0790 0.9969
vn 0.1991 0.0857 0.9762
vn 0.1960 0.0782 0.9775
vn 1.0000 -0.0001 0.0003
vn 0.9984 -0.0112 -0.0547
vn 0.9993 0.0371 -0.0093
vn 0.9994 0.0337 -0.0123
vn 0.9699 -0.0899 -0.2264
vn 0.9939 0.0594 -0.0928
vn 0.8897 0.4290 -0.1563
vn 0.9670 0.2437 -0.0745
vn 0.8953 0.4146 -0.1629
vn 0.9708 0.2358 -0.0452
vn 0.9971 0.0333 0.0683
vn 0.9605 -0.0581 0.2720
vn 0.9956 0.0112 0.0929
vn 0.9941 0.0092 0.1082
vn -0.6141 0.7490 -0.2486
vn -0.6064 0.7575 -0.2420
vn -0.6215 0.7278 -0.2899
vn 0.6216 0.7338 -0.2742
vn 0.6010 0.7447 -0.2902
vn 0.6274 0.7428 -0.2337
vn -0.7386 -0.0718 -0.6703
vn -0.9805 -0.0056 -0.1963
vn -0.7130 -0.0052 -0.7011
vn -0.2054 -0.0870 -0.9748
vn 0.7324 -0.0044 -0.6809
vn 0.7461 -0.0668 -0.6625
vn -0.7362 0.0920 0.6705
vn -0.7592 0.0564 0.6484
vn -0.7591 0.0521 0.6489
vn -0.1960 0.0782 0.9775
vn 0.7537 0.0481 0.6554
vn 0.9847 0.0301 0.1714
vn 0.7184 0.0906 0.6897
vn 0.7591 0.0520 0.6489
vn 0.1790 0.8331 -0.5234
vn -0.0000 0.8504 -0.5262
vn 0.2090 0.5955 -0.7757
vn -0.0000 0.6113 -0.7914
vn -0.2089 0.5959 -0.7754
vn -0.1792 0.8335 -0.5226
vn -0.2023 0.9767 -0.0715
vn -0.0000 0.9962 -0.0867
vn -0.2525 0.8851 0.3910
vn -0.0000 0.9142 0.4053
vn 0.2525 0.8851 0.3910
vn 0.2023 0.9767 -0.0716
vn 0.6875 0.6067 -0.3991
vn 0.9776 0.0792 -0.1949
vn 0.6808 0.4741 -0.5584
vn -0.6713 0.6289 -0.3923
vn -0.6881 0.4365 -0.5796
vn 0.7028 0.7076 -0.0735
vn 0.7221 0.6327 0.2797
vn -0.7123 0.7001 -0.0502
vn -0.9843 0.1265 0.1230
vn -0.7254 0.6463 0.2368
vn 0.2157 0.2617 -0.9407
vn -0.0000 0.2638 -0.9646
vn -0.2147 0.2628 -0.9407
vn 0.0013 0.5055 0.8628
vn -0.2493 0.5004 0.8292
vn 0.2493 0.5004 0.8291
vn 0.7254 0.1765 -0.6654
vn -0.7165 0.1863 -0.6722
vn 0.7459 0.3503 0.5665
vn -0.7592 0.3166 0.5687
vn 0.1531 0.9406 -0.3030
vn 0.1479 0.9328 -0.3288
vn 0.1519 0.9223 -0.3555
vn -0.1509 0.9225 -0.3552
vn -0.1480 0.9326 -0.3291
vn -0.1540 0.9408 -0.3020
vn -0.0003 0.9514 -0.3079
vn 0.2041 -0.0038 -0.9789
vn 0.2030 -0.0865 -0.9753
vn -0.2050 -0.0027 -0.9788
vn -0.0024 -0.0066 -1.0000
vn 0.9997 0.0199 -0.0164
vn 0.9926 0.0750 -0.0958
vn 0.9993 0.0361 -0.0090
vn 0.8783 0.4522 -0.1552
vn 0.9668 0.2431 -0.0792
vn 0.9080 0.3922 -0.1473
vn 0.9744 0.2210 -0.0406
vn 0.9970 0.0320 0.0711
vn 0.9852 0.1453 0.0913
vn 0.9951 0.0153 0.0972
vn 0.9941 0.0092 0.1084
vn 0.9980 -0.0132 -0.0615
vn 0.9843 -0.0067 -0.1763
vn -0.2074 0.1453 0.9674
vn -0.1970 0.0872 0.9765
vn 0.1968 0.0861 0.9767
vn 0.2084 0.1462 0.9671
vn 0.0007 0.1468 0.9892
vn -0.9998 -0.0162 0.0092
vn -0.9949 0.0907 0.0437
vn -0.9992 0.0371 -0.0163
vn -0.8752 0.4544 -0.1657
vn -0.9663 0.2428 -0.0855
vn -0.9119 0.3892 -0.1303
vn -0.9716 0.2104 -0.1081
vn -0.9987 -0.0095 -0.0493
vn -0.9765 0.1123 -0.1838
vn -0.9992 -0.0306 -0.0267
vn -1.0000 0.0001 -0.0000
vn -0.9996 -0.0023 -0.0272
vn -0.9950 -0.0018 0.0999
vn -0.9816 0.0377 0.1874
vn 0.6250 0.7342 -0.2654
vn 0.6215 0.7278 -0.2899
vn 0.6088 0.7611 -0.2237
vn -0.6269 0.7360 -0.2557
vn -0.6274 0.7428 -0.2337
vn -0.6041 0.7347 -0.3087
vn 0.7417 -0.0768 -0.6663
vn 0.7409 0.0067 -0.6716
vn -0.7357 -0.0607 -0.6746
vn -0.9811 0.0913 -0.1707
vn -0.7324 -0.0044 -0.6809
vn -0.2035 -0.0871 -0.9752
vn 0.7413 0.0950 0.6644
vn 0.7592 0.0564 0.6484
vn 0.7590 0.0520 0.6491
vn 0.9874 0.0820 0.1355
vn -0.7536 0.0487 0.6556
vn -0.7591 0.0520 0.6489
vn -0.9941 0.0092 0.1082
vn -0.7292 0.1267 0.6725
vn -0.1792 0.8336 -0.5225
vn 0.1792 0.8332 -0.5231
vn 0.2090 0.5959 -0.7754
vn -0.2090 0.5958 -0.7755
vn 0.2030 0.9766 -0.0715
vn -0.2022 0.9767 -0.0718
vn 0.2524 0.8851 0.3910
vn -0.6874 0.6067 -0.3993
vn -0.6808 0.4741 -0.5584
vn 0.6488 0.6399 -0.4119
vn 0.9534 0.2925 -0.0734
vn 0.6969 0.4557 -0.5537
vn -0.6683 0.7418 -0.0548
vn -0.9604 0.2557 -0.1105
vn -0.7347 0.6348 0.2392
vn 0.7123 0.7001 -0.0500
vn 0.7254 0.6463 0.2368
vn -0.2166 0.2639 -0.9399
vn -0.0000 0.2637 -0.9646
vn 0.2146 0.2628 -0.9407
vn 0.0001 0.5044 0.8635
vn -0.2493 0.5004 0.8291
vn 0.2504 0.5011 0.8284
vn -0.7300 0.1787 -0.6597
vn 0.7263 0.1956 -0.6590
vn -0.7463 0.3500 0.5661
vn 0.7394 0.3426 0.5796
vn 0.0721 0.9751 -0.2096
vn 0.0797 0.9780 -0.1928
vn 0.0798 0.9738 -0.2128
vn 0.0741 0.9709 -0.2277
vn 0.0819 0.9693 -0.2319
vn 0.0667 0.9760 -0.2072
vn 0.0727 0.9789 -0.1910
vn 0.0696 0.9720 -0.2246
vn 0.0752 0.9552 -0.2861
vn 0.0850 0.9632 -0.2550
vn 0.0861 0.9525 -0.2921
vn 0.0671 0.9584 -0.2776
vn 0.0767 0.9651 -0.2506
vn 0.0725 0.9668 -0.2451
vn 0.0712 0.9689 -0.2372
vn 0.0652 0.9662 -0.2496
vn 0.0663 0.9701 -0.2336
vn 0.0676 0.9731 -0.2205
vn 0.0673 0.9737 -0.2174
vn 0.0617 0.9634 -0.2610
vn 0.0649 0.9799 -0.1889
vn 0.0672 0.9765 -0.2048
vn 0.0667 0.9798 -0.1888
vn 0.0678 0.9795 -0.1897
vn 0.0651 0.9766 -0.2051
vn 0.0884 0.9807 -0.1743
vn 0.0663 0.9860 -0.1533
vn 0.0844 0.9808 -0.1757
vn 0.1078 0.9749 -0.1948
vn 0.1060 0.9746 -0.1972
vn 0.0879 0.9845 -0.1521
vn 0.0701 0.9864 -0.1489
vn 0.1088 0.9762 -0.1874
vn 0.1516 0.9620 -0.2270
vn 0.1280 0.9678 -0.2168
vn 0.1496 0.9623 -0.2274
vn 0.1508 0.9639 -0.2194
vn 0.1290 0.9674 -0.2178
vn 0.1337 0.9689 -0.2083
vn 0.1335 0.9701 -0.2025
vn 0.1495 0.9675 -0.2039
vn 0.1337 0.9713 -0.1966
vn 0.1213 0.9739 -0.1917
vn 0.1239 0.9725 -0.1971
vn 0.1519 0.9657 -0.2105
vn 0.1174 0.9742 -0.1929
vn 0.1190 0.9726 -0.1996
vn 0.1200 0.9722 -0.2009
vn 0.1022 0.9794 -0.1741
vn 0.1140 0.9768 -0.1815
vn 0.1128 0.9749 -0.1922
vn 0.1054 0.9823 -0.1551
vn 0.0532 0.9967 -0.0607
vn 0.0919 0.9857 -0.1412
vn 0.0667 0.9914 -0.1127
vn 0.0041 0.9224 -0.3863
vn -0.0000 0.9183 -0.3959
vn -0.0000 0.9227 -0.3855
vn 0.0023 0.9328 -0.3603
vn -0.0000 0.9329 -0.3602
vn 0.0076 0.9215 -0.3882
vn 0.0048 0.9178 -0.3971
vn 0.0043 0.9321 -0.3621
vn 0.0016 0.9451 -0.3268
vn -0.0000 0.9579 -0.2870
vn 0.0009 0.9577 -0.2879
vn 0.0021 0.9446 -0.3283
vn -0.0000 0.9576 -0.2880
vn -0.0000 0.9450 -0.3269
vn -0.0002 0.9575 -0.2884
vn -0.0014 0.9438 -0.3304
vn 0.0008 0.9442 -0.3295
vn 0.0029 0.9301 -0.3673
vn 0.0039 0.9313 -0.3642
vn 0.0080 0.9204 -0.3909
vn 0.0121 0.9139 -0.4058
vn 0.0111 0.9155 -0.4021
vn 0.0094 0.9170 -0.3987
vn 0.0092 0.9187 -0.3948
vn 0.0063 0.9943 -0.1060
vn 0.0070 0.9945 -0.1041
vn 0.0072 0.9946 -0.1032
vn 0.0072 0.9944 -0.1052
vn 0.0081 0.9948 -0.1018
vn 0.0053 0.9939 -0.1099
vn 0.0055 0.9942 -0.1074
vn 0.0062 0.9940 -0.1090
vn 0.0111 0.9945 -0.1040
vn 0.0090 0.9948 -0.1010
vn 0.0119 0.9948 -0.1010
vn 0.0102 0.9941 -0.1079
vn 0.0084 0.9945 -0.1047
vn 0.0066 0.9941 -0.1080
vn 0.0061 0.9936 -0.1130
vn 0.0081 0.9930 -0.1181
vn 0.0052 0.9929 -0.1190
vn 0.0049 0.9935 -0.1139
vn 0.0040 0.9928 -0.1198
vn 0.0088 0.9936 -0.1122
vn 0.0042 0.9932 -0.1163
vn 0.0029 0.9927 -0.1210
vn 0.0030 0.9925 -0.1220
vn 0.0055 0.9937 -0.1115
vn 0.0045 0.9934 -0.1148
vn 0.0263 0.9847 -0.1723
vn 0.0310 0.9865 -0.1611
vn 0.0250 0.9850 -0.1705
vn 0.0188 0.9836 -0.1794
vn 0.0179 0.9839 -0.1776
vn 0.0280 0.9842 -0.1751
vn 0.0323 0.9857 -0.1654
vn 0.0198 0.9834 -0.1803
vn -0.0001 0.9829 -0.1842
vn 0.0090 0.9833 -0.1817
vn -0.0000 0.9830 -0.1836
vn -0.0000 0.9829 -0.1842
vn 0.0091 0.9830 -0.1832
vn 0.0104 0.9830 -0.1836
vn 0.0108 0.9831 -0.1830
vn -0.0000 0.9833 -0.1819
vn 0.0108 0.9836 -0.1800
vn 0.0200 0.9833 -0.1811
vn 0.0202 0.9838 -0.1782
vn -0.0008 0.9830 -0.1838
vn 0.0289 0.9837 -0.1772
vn 0.0361 0.9845 -0.1714
vn 0.0361 0.9842 -0.1736
vn 0.0339 0.9848 -0.1702
vn 0.0289 0.9840 -0.1757
vn 0.0812 0.9821 -0.1698
vn 0.0737 0.9827 -0.1698
vn 0.0688 0.9831 -0.1699
vn 0.0835 0.9854 -0.1483
vn 0.0760 0.9861 -0.1481
vn 0.0711 0.9864 -0.1484
vn 0.0665 0.9832 -0.1701
vn 0.0689 0.9831 -0.1698
vn 0.0704 0.9862 -0.1497
vn 0.0691 0.9864 -0.1490
vn 0.0710 0.9888 -0.1314
vn 0.0751 0.9897 -0.1219
vn 0.0731 0.9900 -0.1210
vn 0.0726 0.9888 -0.1306
vn 0.0749 0.9899 -0.1201
vn 0.0736 0.9885 -0.1321
vn 0.0857 0.9879 -0.1289
vn 0.0799 0.9897 -0.1192
vn 0.0871 0.9891 -0.1189
vn 0.0778 0.9885 -0.1296
vn 0.0107 0.9941 -0.1079
vn 0.0108 0.9947 -0.1021
vn 0.0099 0.9944 -0.1052
vn 0.0087 0.9939 -0.1102
vn 0.0078 0.9943 -0.1064
vn 0.0129 0.9937 -0.1110
vn 0.0130 0.9944 -0.1045
vn 0.0097 0.9934 -0.1143
vn -0.0000 0.9938 -0.1114
vn 0.0041 0.9942 -0.1072
vn -0.0000 0.9942 -0.1077
vn -0.0002 0.9932 -0.1163
vn 0.0048 0.9938 -0.1111
vn 0.0051 0.9933 -0.1156
vn 0.0058 0.9927 -0.1203
vn -0.0000 0.9916 -0.1293
vn 0.0059 0.9917 -0.1284
vn 0.0106 0.9929 -0.1185
vn 0.0118 0.9921 -0.1251
vn -0.0003 0.9927 -0.1209
vn 0.0169 0.9938 -0.1100
vn 0.0159 0.9926 -0.1202
vn 0.0199 0.9932 -0.1143
vn 0.0149 0.9942 -0.1066
vn 0.0144 0.9932 -0.1152
vn 0.0958 0.9822 -0.1616
vn 0.1155 0.9699 -0.2143
vn 0.1082 0.9751 -0.1938
vn 0.0969 0.9836 -0.1520
vn 0.1077 0.9786 -0.1752
vn 0.0840 0.9888 -0.1231
vn 0.1004 0.9800 -0.1721
vn 0.0878 0.9883 -0.1245
vn 0.1116 0.9846 -0.1344
vn 0.1110 0.9809 -0.1599
vn 0.1198 0.9819 -0.1466
vn 0.1039 0.9873 -0.1204
vn 0.1020 0.9845 -0.1424
vn 0.0950 0.9879 -0.1224
vn 0.0899 0.9902 -0.1071
vn 0.0979 0.9905 -0.0969
vn 0.0890 0.9914 -0.0962
vn 0.0837 0.9909 -0.1054
vn 0.0831 0.9921 -0.0940
vn 0.1001 0.9892 -0.1072
vn 0.0804 0.9922 -0.0949
vn 0.0799 0.9926 -0.0910
vn 0.0810 0.9929 -0.0876
vn 0.0848 0.9890 -0.1213
vn 0.0790 0.9918 -0.1005
vn 0.1023 0.9904 -0.0933
vn 0.0951 0.9913 -0.0910
vn 0.1030 0.9906 -0.0900
vn 0.1077 0.9898 -0.0928
vn 0.1091 0.9900 -0.0896
vn 0.1012 0.9902 -0.0958
vn 0.0945 0.9911 -0.0942
vn 0.1072 0.9897 -0.0953
vn 0.1149 0.9892 -0.0914
vn 0.1132 0.9896 -0.0890
vn 0.1159 0.9893 -0.0881
vn 0.1138 0.9890 -0.0944
vn 0.1118 0.9895 -0.0916
vn 0.1113 0.9892 -0.0950
vn 0.1096 0.9891 -0.0979
vn 0.1111 0.9888 -0.0999
vn 0.1090 0.9890 -0.1000
vn 0.1058 0.9895 -0.0983
vn 0.1048 0.9893 -0.1011
vn 0.1126 0.9889 -0.0965
vn 0.0926 0.9907 -0.1002
vn 0.0993 0.9898 -0.1018
vn 0.0919 0.9905 -0.1021
vn 0.0930 0.9909 -0.0969
vn 0.1004 0.9900 -0.0987
vn 0.0102 0.9950 -0.0990
vn 0.0119 0.9950 -0.0993
vn 0.0109 0.9952 -0.0969
vn 0.0131 0.9953 -0.0960
vn 0.0086 0.9949 -0.1000
vn 0.0098 0.9948 -0.1010
vn 0.0095 0.9951 -0.0980
vn 0.0148 0.9955 -0.0938
vn 0.0139 0.9956 -0.0930
vn 0.0169 0.9957 -0.0915
vn 0.0136 0.9953 -0.0960
vn 0.0120 0.9954 -0.0949
vn 0.0106 0.9953 -0.0967
vn 0.0096 0.9950 -0.0989
vn 0.0087 0.9949 -0.1003
vn 0.0134 0.9950 -0.0986
vn 0.0082 0.9947 -0.1021
vn 0.0087 0.9948 -0.1010
vn 0.0080 0.9949 -0.1010
vn 0.1056 0.9902 -0.0911
vn 0.1069 0.9895 -0.0969
vn 0.1121 0.9896 -0.0902
vn 0.1129 0.9889 -0.0961
vn 0.1052 0.9905 -0.0882
vn 0.0971 0.9911 -0.0907
vn 0.1109 0.9899 -0.0881
vn 0.1191 0.9889 -0.0889
vn 0.1179 0.9885 -0.0950
vn 0.1209 0.9882 -0.0939
vn 0.1179 0.9892 -0.0868
vn 0.1156 0.9893 -0.0894
vn 0.1151 0.9895 -0.0873
vn 0.1142 0.9896 -0.0872
vn 0.1099 0.9901 -0.0878
vn 0.1166 0.9894 -0.0868
vn 0.0959 0.9914 -0.0889
vn 0.0964 0.9914 -0.0885
vn 0.1046 0.9906 -0.0881
vn 0.0810 0.9902 -0.1141
vn 0.0762 0.9905 -0.1147
vn 0.0817 0.9906 -0.1098
vn 0.0890 0.9895 -0.1140
vn 0.0772 0.9909 -0.1102
vn 0.0768 0.9902 -0.1164
vn 0.0773 0.9907 -0.1121
vn 0.0744 0.9905 -0.1153
vn 0.0752 0.9910 -0.1111
vn 0.0762 0.9913 -0.1072
vn 0.0799 0.9913 -0.1051
vn 0.0771 0.9916 -0.1041
vn 0.0777 0.9913 -0.1067
vn 0.0791 0.9914 -0.1040
vn 0.0787 0.9910 -0.1082
vn 0.0911 0.9902 -0.1055
vn 0.0840 0.9911 -0.1030
vn 0.0893 0.9900 -0.1095
vn 0.0831 0.9909 -0.1060
vn 0.0596 0.9124 -0.4049
vn 0.0568 0.9068 -0.4177
vn 0.0536 0.9128 -0.4048
vn 0.0498 0.9277 -0.3699
vn 0.0473 0.9262 -0.3740
vn 0.0690 0.9112 -0.4062
vn 0.0644 0.9059 -0.4185
vn 0.0597 0.9296 -0.3636
vn 0.0501 0.9414 -0.3336
vn 0.0596 0.9562 -0.2867
vn 0.0569 0.9571 -0.2840
vn 0.0538 0.9437 -0.3263
vn 0.0591 0.9595 -0.2755
vn 0.0459 0.9419 -0.3327
vn 0.0555 0.9618 -0.2679
vn 0.0563 0.9541 -0.2942
vn 0.0604 0.9452 -0.3209
vn 0.0718 0.9407 -0.3315
vn 0.0869 0.9370 -0.3383
vn 0.0723 0.9229 -0.3781
vn 0.0881 0.9189 -0.3845
vn 0.0921 0.9022 -0.4213
vn 0.0821 0.9016 -0.4247
vn 0.0764 0.9075 -0.4131
vn 0.0736 0.9038 -0.4215
vn 0.0026 0.9912 -0.1323
vn 0.0028 0.9914 -0.1308
vn 0.0020 0.9888 -0.1493
vn 0.0021 0.9912 -0.1324
vn 0.0023 0.9890 -0.1479
vn 0.0076 0.9916 -0.1288
vn 0.0064 0.9889 -0.1483
vn 0.0040 0.9916 -0.1296
vn 0.0033 0.9890 -0.1481
vn 0.0025 0.9856 -0.1690
vn 0.0049 0.9820 -0.1890
vn 0.0021 0.9820 -0.1888
vn 0.0014 0.9856 -0.1690
vn 0.0011 0.9821 -0.1886
vn 0.0060 0.9857 -0.1686
vn 0.0007 0.9854 -0.1701
vn -0.0000 0.9820 -0.1890
vn 0.0017 0.9888 -0.1494
vn 0.0009 0.9856 -0.1693
vn -0.0011 0.9679 -0.2515
vn -0.0028 0.9578 -0.2873
vn -0.0001 0.9678 -0.2519
vn -0.0003 0.9739 -0.2270
vn -0.0015 0.9679 -0.2512
vn -0.0000 0.9739 -0.2269
vn -0.0000 0.9678 -0.2517
vn 0.0001 0.9678 -0.2518
vn -0.0000 0.9783 -0.2073
vn -0.0000 0.9818 -0.1897
vn 0.0002 0.9819 -0.1896
vn 0.0001 0.9783 -0.2072
vn -0.0000 0.9783 -0.2074
vn -0.0000 0.9784 -0.2069
vn -0.0000 0.9820 -0.1891
vn -0.0008 0.9740 -0.2266
vn 0.0001 0.9783 -0.2071
vn 0.1365 0.9844 -0.1108
vn 0.1410 0.9826 -0.1206
vn 0.1445 0.9822 -0.1198
vn 0.1516 0.9822 -0.1111
vn 0.1592 0.9800 -0.1190
vn 0.1314 0.9858 -0.1042
vn 0.1338 0.9847 -0.1116
vn 0.1456 0.9838 -0.1045
vn 0.1631 0.9805 -0.1093
vn 0.1677 0.9784 -0.1208
vn 0.1552 0.9821 -0.1068
vn 0.1432 0.9848 -0.0983
vn 0.1526 0.9837 -0.0951
vn 0.1401 0.9858 -0.0930
vn 0.1568 0.9823 -0.1029
vn 0.1241 0.9872 -0.1000
vn 0.1238 0.9879 -0.0931
vn 0.1280 0.9861 -0.1059
vn 0.1265 0.9870 -0.0988
vn 0.1212 0.9717 -0.2026
vn 0.0991 0.9779 -0.1840
vn 0.0985 0.9834 -0.1526
vn 0.1426 0.9662 -0.2150
vn 0.0798 0.9876 -0.1353
vn 0.0597 0.9892 -0.1335
vn 0.0406 0.9971 -0.0639
vn 0.0778 0.9842 -0.1589
vn 0.0592 0.9932 -0.0998
vn 0.0151 0.9997 -0.0190
vn 0.0473 0.9974 -0.0541
vn 0.0602 0.9933 -0.0988
vn 0.1196 0.9782 -0.1697
vn 0.0830 0.9904 -0.1108
vn 0.0986 0.9850 -0.1414
vn 0.0186 0.9092 -0.4160
vn 0.0238 0.9076 -0.4192
vn 0.0200 0.9081 -0.4183
vn 0.0240 0.9039 -0.4271
vn 0.0209 0.9049 -0.4251
vn 0.0159 0.9105 -0.4133
vn 0.0170 0.9097 -0.4150
vn 0.0180 0.9060 -0.4229
vn 0.0179 0.9005 -0.4345
vn 0.0155 0.9041 -0.4271
vn 0.0135 0.9052 -0.4248
vn 0.0107 0.9042 -0.4270
vn 0.0149 0.9093 -0.4159
vn 0.0160 0.9077 -0.4192
vn 0.0149 0.9112 -0.4117
vn 0.0132 0.9121 -0.4099
vn 0.0139 0.9129 -0.4079
vn 0.0330 0.9865 -0.1603
vn 0.0280 0.9857 -0.1662
vn 0.0201 0.9852 -0.1703
vn 0.0301 0.9920 -0.1223
vn 0.0261 0.9912 -0.1300
vn 0.0190 0.9909 -0.1331
vn -0.0000 0.9848 -0.1737
vn -0.0001 0.9907 -0.1363
vn 0.0111 0.9849 -0.1729
vn 0.0101 0.9900 -0.1405
vn -0.0000 0.9945 -0.1046
vn 0.0092 0.9935 -0.1131
vn 0.0220 0.9941 -0.1064
vn 0.0318 0.9950 -0.0952
vn 0.0150 0.9946 -0.1025
vn 0.1143 0.9881 -0.1028
vn 0.1146 0.9884 -0.1000
vn 0.1293 0.9862 -0.1030
vn 0.1299 0.9865 -0.0997
vn 0.1129 0.9879 -0.1065
vn 0.1105 0.9886 -0.1028
vn 0.1263 0.9861 -0.1077
vn 0.1402 0.9846 -0.1045
vn 0.1430 0.9848 -0.0981
vn 0.1343 0.9854 -0.1045
vn 0.1266 0.9856 -0.1118
vn 0.1356 0.9842 -0.1137
vn 0.1260 0.9852 -0.1162
vn 0.1305 0.9852 -0.1115
vn 0.1086 0.9879 -0.1106
vn 0.1109 0.9871 -0.1158
vn 0.1072 0.9874 -0.1161
vn 0.1094 0.9882 -0.1069
vn 0.1117 0.9875 -0.1110
vn 0.1182 0.9888 -0.0909
vn 0.1203 0.9888 -0.0879
vn 0.1338 0.9868 -0.0909
vn 0.1352 0.9869 -0.0881
vn 0.1170 0.9887 -0.0936
vn 0.1328 0.9867 -0.0942
vn 0.1409 0.9863 -0.0858
vn 0.1449 0.9855 -0.0883
vn 0.1429 0.9855 -0.0916
vn 0.1311 0.9867 -0.0963
vn 0.1434 0.9848 -0.0976
vn 0.1159 0.9886 -0.0966
vn 0.1223 0.9885 -0.0892
vn 0.1386 0.9864 -0.0886
vn 0.1220 0.9887 -0.0868
vn 0.1356 0.9870 -0.0869
vn 0.1509 0.9844 -0.0902
vn 0.1472 0.9852 -0.0878
vn 0.1364 0.9869 -0.0863
vn 0.1496 0.9851 -0.0849
vn 0.1208 0.9889 -0.0868
vn 0.1087 0.9860 -0.1267
vn 0.1255 0.9840 -0.1261
vn 0.1070 0.9833 -0.1471
vn 0.1059 0.9863 -0.1268
vn 0.1219 0.9814 -0.1480
vn 0.1364 0.9821 -0.1303
vn 0.1285 0.9795 -0.1550
vn 0.1326 0.9777 -0.1631
vn 0.1178 0.9723 -0.2020
vn 0.1197 0.9774 -0.1740
vn 0.1052 0.9793 -0.1730
vn 0.0996 0.9748 -0.1998
vn 0.1017 0.9797 -0.1729
vn 0.1042 0.9836 -0.1472
vn 0.1034 0.9744 -0.1994
vn 0.1284 0.8700 -0.4761
vn 0.1077 0.8867 -0.4497
vn 0.1256 0.8751 -0.4673
vn 0.1363 0.8533 -0.5032
vn 0.1426 0.8569 -0.4953
vn 0.1196 0.8824 -0.4550
vn 0.0998 0.8931 -0.4387
vn 0.1139 0.8855 -0.4505
vn 0.1346 0.8681 -0.4777
vn 0.1296 0.8729 -0.4703
vn 0.1035 0.8922 -0.4396
vn 0.1441 0.8561 -0.4963
vn 0.1511 0.8595 -0.4883
vn 0.1533 0.8562 -0.4933
vn 0.1488 0.8465 -0.5111
vn 0.1612 0.8394 -0.5191
vn 0.1606 0.8360 -0.5248
vn 0.1681 0.8295 -0.5326
vn 0.1018 0.9693 -0.2237
vn 0.1045 0.9688 -0.2245
vn 0.1193 0.9668 -0.2261
vn 0.1075 0.9639 -0.2438
vn 0.1193 0.9619 -0.2459
vn 0.1215 0.9698 -0.2114
vn 0.1267 0.9645 -0.2315
vn 0.1277 0.9614 -0.2438
vn 0.1217 0.9562 -0.2663
vn 0.1230 0.9455 -0.3014
vn 0.1193 0.9471 -0.2980
vn 0.1333 0.9551 -0.2644
vn 0.1040 0.9588 -0.2643
vn 0.1058 0.9491 -0.2968
vn 0.1017 0.9492 -0.2977
vn 0.1028 0.9646 -0.2429
vn 0.1073 0.9584 -0.2646
vn 0.1013 0.9333 -0.3447
vn 0.1149 0.9315 -0.3452
vn 0.1092 0.9044 -0.4124
vn 0.0977 0.9332 -0.3458
vn 0.1258 0.9015 -0.4141
vn 0.1234 0.9300 -0.3463
vn 0.1326 0.9032 -0.4082
vn 0.1530 0.8491 -0.5056
vn 0.1468 0.8184 -0.5556
vn 0.1534 0.8499 -0.5042
vn 0.1327 0.8557 -0.5001
vn 0.1282 0.8232 -0.5531
vn 0.1200 0.8602 -0.4957
vn 0.1034 0.9062 -0.4101
vn 0.1303 0.8228 -0.5532
vn 0.2387 0.9285 -0.2845
vn 0.2357 0.9287 -0.2864
vn 0.2401 0.9282 -0.2841
vn 0.2621 0.9233 -0.2806
vn 0.2704 0.9224 -0.2756
vn 0.2351 0.9311 -0.2790
vn 0.2333 0.9301 -0.2837
vn 0.2535 0.9272 -0.2758
vn 0.2710 0.9237 -0.2709
vn 0.2831 0.9205 -0.2694
vn 0.2626 0.9266 -0.2691
vn 0.2507 0.9301 -0.2684
vn 0.2589 0.9312 -0.2567
vn 0.2451 0.9353 -0.2553
vn 0.2612 0.9275 -0.2675
vn 0.2274 0.9365 -0.2669
vn 0.2292 0.9392 -0.2555
vn 0.2225 0.9419 -0.2517
vn 0.2301 0.9333 -0.2757
vn 0.2332 0.9341 -0.2703
vn 0.1456 0.8225 -0.5498
vn 0.1585 0.8157 -0.5563
vn 0.1519 0.8213 -0.5499
vn 0.1551 0.8245 -0.5441
vn 0.1496 0.8336 -0.5317
vn 0.1591 0.8393 -0.5199
vn 0.1637 0.8299 -0.5334
vn 0.1498 0.8559 -0.4950
vn 0.1509 0.8529 -0.4998
vn 0.1430 0.8428 -0.5189
vn 0.1428 0.8414 -0.5212
vn 0.1341 0.8276 -0.5451
vn 0.1328 0.8284 -0.5442
vn 0.1552 0.9707 -0.1836
vn 0.0970 0.9879 -0.1208
vn 0.1559 0.9733 -0.1682
vn 0.1943 0.9559 -0.2202
vn 0.2182 0.9486 -0.2293
vn 0.2495 0.9334 -0.2579
vn 0.2512 0.9347 -0.2515
vn 0.2303 0.9333 -0.2756
vn 0.2285 0.9321 -0.2812
vn 0.2083 0.9436 -0.2572
vn 0.2116 0.9402 -0.2669
vn 0.1774 0.9586 -0.2226
vn 0.1938 0.9489 -0.2489
vn 0.1869 0.9524 -0.2410
vn 0.1332 0.9797 -0.1497
vn 0.1870 0.9534 -0.2366
vn 0.0940 0.9612 -0.2593
vn 0.0907 0.9676 -0.2357
vn 0.0993 0.9598 -0.2625
vn 0.0945 0.9506 -0.2956
vn 0.0970 0.9661 -0.2393
vn 0.0878 0.9770 -0.1945
vn 0.0937 0.9759 -0.1968
vn 0.0891 0.9723 -0.2163
vn 0.0947 0.9711 -0.2190
vn 0.0992 0.9701 -0.2217
vn 0.1018 0.9651 -0.2412
vn 0.0982 0.9752 -0.1982
vn 0.1016 0.9590 -0.2644
vn 0.1001 0.9488 -0.2997
vn 0.0982 0.9491 -0.2993
vn 0.1936 0.9472 -0.2556
vn 0.2105 0.9401 -0.2680
vn 0.1829 0.9505 -0.2511
vn 0.1854 0.9518 -0.2444
vn 0.1983 0.9466 -0.2540
vn 0.2263 0.9332 -0.2791
vn 0.2212 0.9371 -0.2701
vn 0.2169 0.9416 -0.2577
vn 0.2123 0.9460 -0.2451
vn 0.1972 0.9490 -0.2461
vn 0.1944 0.9529 -0.2329
vn 0.1729 0.9607 -0.2170
vn 0.1745 0.9585 -0.2255
vn 0.1718 0.9566 -0.2353
vn 0.1710 0.9559 -0.2387
vn 0.1687 0.9559 -0.2405
vn 0.1795 0.9519 -0.2481
vn 0.0892 0.9812 -0.1710
vn 0.0914 0.9849 -0.1471
vn 0.0949 0.9806 -0.1716
vn 0.0970 0.9843 -0.1474
vn 0.0935 0.9873 -0.1283
vn 0.0951 0.9885 -0.1177
vn 0.0988 0.9869 -0.1277
vn 0.1007 0.9880 -0.1171
vn 0.1044 0.9876 -0.1169
vn 0.1033 0.9865 -0.1271
vn 0.1009 0.9840 -0.1470
vn 0.0995 0.9801 -0.1719
vn 0.1209 0.9847 -0.1256
vn 0.1279 0.9824 -0.1359
vn 0.1266 0.9847 -0.1195
vn 0.1339 0.9826 -0.1284
vn 0.1141 0.9868 -0.1148
vn 0.1209 0.9864 -0.1112
vn 0.1379 0.9827 -0.1236
vn 0.1312 0.9847 -0.1150
vn 0.1253 0.9862 -0.1077
vn 0.1208 0.9875 -0.1011
vn 0.1163 0.9879 -0.1028
vn 0.1100 0.9883 -0.1058
vn 0.0796 0.9922 -0.0959
vn 0.0832 0.9922 -0.0931
vn 0.0809 0.9924 -0.0922
vn 0.0820 0.9921 -0.0950
vn 0.0832 0.9923 -0.0922
vn 0.0787 0.9920 -0.0987
vn 0.0827 0.9920 -0.0958
vn 0.0808 0.9919 -0.0978
vn 0.0880 0.9920 -0.0910
vn 0.0874 0.9917 -0.0945
vn 0.0857 0.9916 -0.0971
vn 0.0849 0.9913 -0.1002
vn 0.0801 0.9917 -0.1008
vn 0.0807 0.9915 -0.1020
vn 0.0813 0.9917 -0.0997
vn 0.0785 0.9918 -0.1012
vn 0.0814 0.9928 -0.0880
vn 0.0834 0.9926 -0.0888
vn 0.0814 0.9928 -0.0878
vn 0.0838 0.9927 -0.0871
vn 0.0843 0.9925 -0.0882
vn 0.0888 0.9920 -0.0902
vn 0.0891 0.9921 -0.0885
vn 0.0882 0.9922 -0.0887
vn 0.0835 0.9926 -0.0887
vn 0.0841 0.9924 -0.0900
vn 0.0843 0.9925 -0.0885
vn 0.0809 0.9927 -0.0894
vn 0.1057 0.9881 -0.1121
vn 0.1022 0.9884 -0.1124
vn 0.1072 0.9884 -0.1074
vn 0.1028 0.9888 -0.1079
vn 0.0962 0.9889 -0.1128
vn 0.0974 0.9893 -0.1088
vn 0.0982 0.9896 -0.1049
vn 0.1042 0.9891 -0.1042
vn 0.1074 0.9888 -0.1038
vn 0.0967 0.9319 -0.3495
vn 0.1009 0.9049 -0.4134
vn 0.0985 0.9313 -0.3507
vn 0.1096 0.9023 -0.4169
vn 0.1161 0.8632 -0.4914
vn 0.1269 0.8651 -0.4853
vn 0.1337 0.8680 -0.4783
vn 0.1448 0.8624 -0.4851
vn 0.1217 0.8829 -0.4535
vn 0.1095 0.8949 -0.4326
vn 0.1001 0.9147 -0.3916
vn 0.0972 0.9339 -0.3442
vn 0.1728 0.9594 -0.2227
vn 0.1731 0.9564 -0.2350
vn 0.1347 0.9776 -0.1615
vn 0.1410 0.9735 -0.1801
vn 0.1568 0.9613 -0.2268
vn 0.1343 0.9744 -0.1805
vn 0.1099 0.9812 -0.1587
vn 0.1096 0.9842 -0.1393
vn 0.1032 0.9879 -0.1161
vn 0.0873 0.8998 -0.4274
vn 0.0906 0.8957 -0.4353
vn 0.0761 0.9035 -0.4217
vn 0.0786 0.9003 -0.4281
vn 0.1160 0.8861 -0.4487
vn 0.1052 0.8982 -0.4267
vn 0.0875 0.9025 -0.4217
vn 0.0686 0.9013 -0.4278
vn 0.0678 0.9012 -0.4281
vn 0.0589 0.9020 -0.4276
vn 0.0700 0.9015 -0.4271
vn 0.0579 0.9057 -0.4199
vn 0.0670 0.9050 -0.4201
vn 0.0478 0.9126 -0.4060
vn 0.0490 0.9068 -0.4188
vn 0.0386 0.9127 -0.4067
vn 0.0389 0.9070 -0.4193
vn 0.0445 0.9261 -0.3745
vn 0.0403 0.9258 -0.3759
vn 0.0231 0.9138 -0.4054
vn 0.0299 0.9076 -0.4188
vn 0.0231 0.9084 -0.4175
vn 0.0291 0.9252 -0.3785
vn 0.0296 0.9129 -0.4070
vn 0.0332 0.9246 -0.3795
vn 0.0481 0.9391 -0.3402
vn 0.0704 0.9503 -0.3034
vn 0.0794 0.9506 -0.3002
vn 0.0512 0.9404 -0.3363
vn 0.0803 0.9521 -0.2950
vn 0.0437 0.9387 -0.3419
vn 0.0717 0.9544 -0.2897
vn 0.0495 0.9416 -0.3330
vn 0.0026 0.9939 -0.1104
vn -0.0000 0.9942 -0.1071
vn 0.0030 0.9942 -0.1072
vn 0.0046 0.9939 -0.1102
vn 0.0050 0.9942 -0.1071
vn 0.0020 0.9935 -0.1138
vn -0.0000 0.9939 -0.1106
vn 0.0037 0.9935 -0.1141
vn 0.0070 0.9943 -0.1061
vn 0.0053 0.9940 -0.1089
vn 0.0051 0.9936 -0.1128
vn 0.0042 0.9931 -0.1172
vn 0.0028 0.9924 -0.1229
vn 0.0032 0.9930 -0.1181
vn 0.0021 0.9923 -0.1241
vn -0.0000 0.9928 -0.1194
vn 0.0010 0.9921 -0.1251
vn -0.0000 0.9921 -0.1251
vn -0.0005 0.9935 -0.1143
vn 0.0018 0.9929 -0.1191
vn 0.0420 0.9854 -0.1651
vn 0.0414 0.9851 -0.1668
vn 0.0467 0.9869 -0.1543
vn 0.0453 0.9875 -0.1512
vn 0.0402 0.9855 -0.1646
vn 0.0425 0.9883 -0.1464
vn 0.0545 0.9878 -0.1459
vn 0.0487 0.9907 -0.1268
vn 0.0555 0.9877 -0.1463
vn 0.0416 0.9940 -0.1010
vn 0.0396 0.9941 -0.1005
vn 0.0419 0.9904 -0.1320
vn 0.0401 0.9907 -0.1301
vn 0.0400 0.9891 -0.1418
vn 0.0400 0.9894 -0.1398
vn 0.0380 0.9890 -0.1427
vn 0.0387 0.9884 -0.1469
vn 0.0360 0.9885 -0.1466
vn 0.0422 0.9892 -0.1403
vn 0.0339 0.9876 -0.1530
vn 0.0359 0.9867 -0.1587
vn 0.0166 0.9956 -0.0918
vn 0.0151 0.9953 -0.0961
vn 0.0194 0.9956 -0.0918
vn 0.0194 0.9957 -0.0902
vn 0.0179 0.9952 -0.0965
vn 0.0144 0.9949 -0.1003
vn 0.0169 0.9947 -0.1016
vn 0.0190 0.9944 -0.1039
vn 0.0220 0.9940 -0.1068
vn 0.0207 0.9950 -0.0980
vn 0.0230 0.9946 -0.1007
vn 0.0254 0.9957 -0.0888
vn 0.0251 0.9952 -0.0945
vn 0.0272 0.9954 -0.0915
vn 0.0223 0.9958 -0.0890
vn 0.0221 0.9954 -0.0928
vn 0.0038 0.9945 -0.1051
vn 0.0071 0.9945 -0.1040
vn 0.0038 0.9945 -0.1042
vn -0.0000 0.9945 -0.1050
vn 0.0063 0.9947 -0.1029
vn 0.0091 0.9947 -0.1027
vn 0.0077 0.9947 -0.1024
vn 0.0073 0.9947 -0.1029
vn 0.0062 0.9945 -0.1041
vn -0.0000 0.9944 -0.1054
vn 0.0004 0.9945 -0.1048
vn 0.0034 0.9945 -0.1047
vn 0.0010 0.9908 -0.1352
vn 0.0017 0.9908 -0.1350
vn 0.0007 0.9883 -0.1523
vn 0.0005 0.9908 -0.1354
vn 0.0011 0.9885 -0.1513
vn 0.0019 0.9910 -0.1335
vn 0.0014 0.9885 -0.1510
vn 0.0012 0.9854 -0.1704
vn 0.0006 0.9852 -0.1713
vn -0.0000 0.9852 -0.1711
vn -0.0004 0.9884 -0.1516
vn 0.0004 0.9853 -0.1710
vn -0.0023 0.9704 -0.2415
vn 0.0073 0.9666 -0.2563
vn 0.0043 0.9621 -0.2728
vn -0.0037 0.9692 -0.2464
vn -0.0012 0.9589 -0.2837
vn 0.0003 0.9751 -0.2218
vn 0.0074 0.9709 -0.2395
vn -0.0012 0.9746 -0.2240
vn -0.0032 0.9579 -0.2871
vn -0.0023 0.9683 -0.2498
vn -0.0011 0.9743 -0.2251
vn -0.0002 0.9784 -0.2067
vn 0.0010 0.9785 -0.2064
vn 0.0057 0.9788 -0.2048
vn 0.0068 0.9752 -0.2212
vn 0.0024 0.9786 -0.2057
vn 0.0123 0.9149 -0.4035
vn 0.0130 0.9110 -0.4121
vn 0.0104 0.9161 -0.4009
vn 0.0100 0.9125 -0.4090
vn 0.0116 0.9082 -0.4184
vn 0.0121 0.9080 -0.4188
vn 0.0130 0.9105 -0.4133
vn 0.0052 0.9139 -0.4060
vn 0.0050 0.9137 -0.4064
vn -0.0000 0.9136 -0.4066
vn 0.0062 0.9141 -0.4054
vn -0.0000 0.9174 -0.3979
vn 0.0057 0.9170 -0.3988
vn 0.0389 0.9874 -0.1531
vn 0.0329 0.9931 -0.1126
vn 0.0445 0.9887 -0.1433
vn 0.0343 0.9949 -0.0950
vn 0.0355 0.9959 -0.0834
vn 0.0330 0.9978 -0.0580
vn 0.0394 0.9960 -0.0800
vn 0.0219 0.9991 -0.0373
vn 0.0523 0.9899 -0.1320
vn 0.1299 0.9785 -0.1605
vn 0.1396 0.9783 -0.1529
vn 0.1399 0.9739 -0.1787
vn 0.1548 0.9718 -0.1778
vn 0.1469 0.9780 -0.1479
vn 0.1672 0.9694 -0.1797
vn 0.1677 0.9647 -0.2030
vn 0.1861 0.9590 -0.2135
vn 0.1492 0.9696 -0.1942
vn 0.2070 0.9525 -0.2232
vn 0.2004 0.9547 -0.2201
vn 0.1789 0.9677 -0.1778
vn 0.1751 0.9681 -0.1793
vn 0.1520 0.9779 -0.1435
vn 0.1545 0.9778 -0.1416
vn 0.0220 0.9921 -0.1232
vn 0.0250 0.9930 -0.1157
vn 0.0249 0.9902 -0.1372
vn 0.0280 0.9913 -0.1287
vn 0.0260 0.9937 -0.1087
vn 0.0300 0.9921 -0.1216
vn 0.0312 0.9892 -0.1434
vn 0.0334 0.9900 -0.1373
vn 0.0278 0.9880 -0.1522
vn 0.0371 0.9910 -0.1284
vn 0.0350 0.9905 -0.1328
vn 0.0330 0.9931 -0.1124
vn 0.0320 0.9927 -0.1166
vn 0.0283 0.9943 -0.1026
vn 0.0312 0.9946 -0.0987
vn 0.1571 0.9776 -0.1402
vn 0.1820 0.9671 -0.1776
vn 0.1726 0.9751 -0.1394
vn 0.1971 0.9643 -0.1770
vn 0.2118 0.9511 -0.2248
vn 0.2268 0.9480 -0.2234
vn 0.2413 0.9425 -0.2314
vn 0.2102 0.9596 -0.1871
vn 0.1881 0.9718 -0.1422
vn 0.1204 0.9715 -0.2042
vn 0.1242 0.9724 -0.1976
vn 0.1190 0.9709 -0.2077
vn 0.1217 0.9703 -0.2090
vn 0.1218 0.9730 -0.1958
vn 0.1340 0.9718 -0.1939
vn 0.1277 0.9742 -0.1862
vn 0.1201 0.9775 -0.1737
vn 0.1160 0.9752 -0.1882
vn 0.1212 0.9678 -0.2207
vn 0.1220 0.9687 -0.2163
vn 0.1148 0.9719 -0.2053
vn -0.0000 0.9900 -0.1414
vn 0.0069 0.9901 -0.1405
vn -0.0000 0.9873 -0.1591
vn 0.0079 0.9875 -0.1575
vn 0.0132 0.9906 -0.1361
vn 0.0150 0.9882 -0.1525
vn 0.0087 0.9848 -0.1737
vn 0.0159 0.9856 -0.1682
vn -0.0013 0.9846 -0.1747
vn 0.0227 0.9868 -0.1606
vn 0.0209 0.9892 -0.1453
vn 0.0180 0.9913 -0.1302
vn 0.7476 0.6261 -0.2214
vn 0.7692 0.6081 -0.1965
vn 0.7825 0.5856 -0.2115
vn 0.7817 0.5925 -0.1945
vn 0.7914 0.5756 -0.2061
vn 0.3789 0.8882 -0.2601
vn 0.4579 0.8521 -0.2534
vn 0.4905 0.8370 -0.2425
vn 0.7870 0.5819 -0.2047
vn 0.7318 0.6520 -0.1987
vn 0.7695 0.6064 -0.2002
vn 0.4683 0.8526 -0.2320
vn 0.3894 0.8930 -0.2257
vn 0.7699 0.6060 -0.1998
vn 0.1768 0.9526 -0.2476
vn 0.1922 0.9477 -0.2549
vn 0.1378 0.9608 -0.2405
vn 0.1532 0.9527 -0.2625
vn 0.1750 0.9479 -0.2663
vn 0.7615 0.6313 -0.1469
vn 0.8069 0.5750 -0.1350
vn 0.8050 0.5757 -0.1430
vn 0.8183 0.5590 -0.1339
vn 0.8162 0.5599 -0.1422
vn 0.7570 0.6328 -0.1631
vn 0.8015 0.5768 -0.1579
vn 0.8129 0.5608 -0.1568
vn 0.8072 0.5727 -0.1430
vn 0.7655 0.6284 -0.1380
vn 0.7648 0.6275 -0.1461
vn 0.8018 0.5764 -0.1580
vn 0.7611 0.6284 -0.1609
vn 0.8074 0.5741 -0.1361
vn 0.7507 0.6357 -0.1798
vn 0.7926 0.5839 -0.1757
vn 0.8024 0.5707 -0.1747
vn 0.7897 0.5875 -0.1768
vn 0.7206 0.6654 -0.1948
vn 0.7421 0.6451 -0.1819
vn 0.7648 0.6335 -0.1170
vn 0.8145 0.5700 -0.1080
vn 0.8099 0.5752 -0.1150
vn 0.8243 0.5557 -0.1081
vn 0.8231 0.5564 -0.1140
vn 0.7672 0.6298 -0.1210
vn 0.8101 0.5739 -0.1198
vn 0.8203 0.5594 -0.1191
vn 0.8132 0.5707 -0.1139
vn 0.7719 0.6261 -0.1101
vn 0.7733 0.6233 -0.1160
vn 0.8109 0.5730 -0.1191
vn 0.7686 0.6281 -0.1212
vn 0.8147 0.5700 -0.1072
vn 0.7706 0.6250 -0.1249
vn 0.8100 0.5729 -0.1250
vn 0.8108 0.5723 -0.1229
vn 0.8198 0.5591 -0.1240
vn 0.8210 0.5577 -0.1221
vn 0.8093 0.5744 -0.1230
vn 0.7628 0.6340 -0.1271
vn 0.7638 0.6333 -0.1250
vn 0.8074 0.5763 -0.1261
vn 0.8136 0.5723 -0.1031
vn 0.7523 0.6505 -0.1044
vn 0.8022 0.5882 -0.1024
vn 0.8329 0.5439 -0.1023
vn 0.8306 0.5474 -0.1021
vn 0.8162 0.5686 -0.1024
vn 0.7666 0.6336 -0.1046
vn 0.8307 0.5481 -0.0977
vn 0.8101 0.5816 -0.0742
vn 0.8549 0.5092 -0.0997
vn 0.8326 0.5439 -0.1045
vn 0.7883 0.6082 -0.0935
vn 0.8345 0.5421 -0.0982
vn 0.8227 0.5599 -0.0983
vn 0.8206 0.5628 -0.0989
vn 0.8304 0.5482 -0.0998
vn 0.7771 0.6211 -0.1015
vn 0.7680 0.6309 -0.1101
vn 0.7691 0.6300 -0.1079
vn 0.7686 0.6317 -0.1011
vn 0.8155 0.5692 -0.1046
vn 0.7626 0.6338 -0.1290
vn 0.8077 0.5757 -0.1269
vn 0.8198 0.5586 -0.1260
vn 0.7619 0.6341 -0.1320
vn 0.8070 0.5763 -0.1290
vn 0.8191 0.5592 -0.1280
vn 0.8097 0.5729 -0.1269
vn 0.7672 0.6290 -0.1258
vn 0.7691 0.6260 -0.1290
vn 0.8098 0.5723 -0.1290
vn 0.7654 0.6301 -0.1310
vn 0.7680 0.6263 -0.1340
vn 0.8078 0.5745 -0.1320
vn 0.8185 0.5594 -0.1311
vn 0.8066 0.5761 -0.1320
vn 0.7565 0.6396 -0.1362
vn 0.7627 0.6325 -0.1349
vn 0.5870 0.7983 -0.1349
vn 0.5570 0.8185 -0.1408
vn 0.6373 0.7572 -0.1430
vn 0.6090 0.7792 -0.1486
vn 0.6623 0.7334 -0.1530
vn 0.6578 0.7422 -0.1286
vn 0.7098 0.6921 -0.1313
vn 0.7425 0.6583 -0.1242
vn 0.6637 0.7334 -0.1467
vn 0.6493 0.7469 -0.1433
vn 0.6218 0.7691 -0.1477
vn 0.7291 0.6697 -0.1411
vn 0.6756 0.7225 -0.1469
vn 0.7324 0.6640 -0.1508
vn 0.8156 0.5665 -0.1180
vn 0.7965 0.5931 -0.1176
vn 0.8173 0.5585 -0.1420
vn 0.7058 0.6983 -0.1192
vn 0.7668 0.6315 -0.1152
vn 0.6151 0.7782 -0.1267
vn 0.5935 0.7963 -0.1166
vn 0.5856 0.8028 -0.1122
vn 0.6015 0.7890 -0.1255
vn 0.5680 0.8146 -0.1171
vn 0.5077 0.8516 -0.1302
vn 0.5165 0.8456 -0.1347
vn 0.4782 0.8686 -0.1301
vn 0.5052 0.8540 -0.1244
vn 0.4627 0.8777 -0.1245
vn 0.4871 0.8652 -0.1193
vn 0.5232 0.8443 -0.1161
vn 0.5264 0.8420 -0.1181
vn 0.5674 0.8151 -0.1171
vn 0.0912 0.9916 -0.0914
vn 0.0944 0.9919 -0.0855
vn 0.1460 0.9847 -0.0950
vn 0.1573 0.9836 -0.0879
vn 0.1002 0.9873 -0.1230
vn 0.1208 0.9875 -0.1009
vn 0.6696 0.7297 -0.1381
vn 0.6669 0.7280 -0.1592
vn 0.2624 0.9442 -0.1989
vn 0.2458 0.9440 -0.2203
vn 0.5960 0.7961 -0.1048
vn 0.1417 0.9611 -0.2371
vn 0.1273 0.9732 -0.1917
vn 0.4555 0.8653 -0.2092
vn 0.4998 0.8386 -0.2167
vn 0.1278 0.9726 -0.1940
vn 0.1309 0.9692 -0.2089
vn 0.2311 0.9448 -0.2321
vn 0.1009 0.9688 -0.2263
vn 0.0811 0.9753 -0.2053
vn 0.0749 0.9728 -0.2191
vn 0.0792 0.9788 -0.1891
vn 0.0613 0.9700 -0.2353
vn 0.0710 0.9673 -0.2433
vn 0.0966 0.9653 -0.2428
vn 0.4814 0.8649 -0.1420
vn 0.4819 0.8629 -0.1522
vn 0.1377 0.9809 -0.1375
vn 0.1418 0.9817 -0.1269
vn 0.4781 0.8617 -0.1701
vn 0.1346 0.9786 -0.1555
vn 0.0876 0.9885 -0.1233
vn 0.0863 0.9873 -0.1338
vn 0.0831 0.9850 -0.1512
vn 0.0809 0.9820 -0.1709
vn 0.1319 0.9757 -0.1750
vn 0.4672 0.8635 -0.1901
vn 0.0595 0.9916 -0.1149
vn 0.0745 0.9939 -0.0817
vn 0.0937 0.9904 -0.1021
vn 0.1576 0.9780 -0.1367
vn 0.1016 0.9873 -0.1224
vn 0.0501 0.9898 -0.1334
vn 0.0753 0.9879 -0.1353
vn 0.2999 0.9445 -0.1342
vn 0.5063 0.8540 -0.1196
vn 0.2836 0.9496 -0.1334
vn 0.3670 0.9156 -0.1643
vn 0.3020 0.9432 -0.1384
vn 0.2852 0.9486 -0.1369
vn 0.0718 0.9877 -0.1389
vn 0.0715 0.9875 -0.1404
vn 0.0467 0.9893 -0.1386
vn 0.0489 0.9889 -0.1402
vn 0.4926 0.8624 -0.1168
vn 0.4923 0.8633 -0.1110
vn 0.1507 0.9834 -0.1013
vn 0.1527 0.9834 -0.0978
vn 0.4905 0.8630 -0.1210
vn 0.1509 0.9830 -0.1047
vn 0.0972 0.9908 -0.0940
vn 0.0959 0.9906 -0.0975
vn 0.0950 0.9903 -0.1009
vn 0.0939 0.9902 -0.1038
vn 0.0928 0.9900 -0.1061
vn 0.1479 0.9832 -0.1074
vn 0.1470 0.9830 -0.1100
vn 0.4900 0.8628 -0.1242
vn 0.4835 0.8658 -0.1288
vn 0.5239 0.8458 -0.1010
vn 0.1581 0.9833 -0.0900
vn 0.5032 0.8580 -0.1028
vn 0.1538 0.9838 -0.0918
vn 0.0974 0.9914 -0.0874
vn 0.0984 0.9912 -0.0888
vn 0.0971 0.9911 -0.0911
vn 0.1517 0.9839 -0.0942
vn 0.4960 0.8619 -0.1058
vn 0.4888 0.8626 -0.1301
vn 0.1456 0.9829 -0.1124
vn 0.4845 0.8647 -0.1328
vn 0.1455 0.9825 -0.1162
vn 0.0917 0.9897 -0.1098
vn 0.0900 0.9895 -0.1132
vn 0.0889 0.9891 -0.1176
vn 0.1415 0.9825 -0.1208
vn 0.4853 0.8635 -0.1373
vn 0.0450 0.9908 -0.1280
vn 0.0734 0.9889 -0.1291
vn 0.0414 0.9930 -0.1110
vn 0.0738 0.9908 -0.1136
vn 0.3371 0.9316 -0.1363
vn 0.3763 0.9179 -0.1260
vn 0.4022 0.9081 -0.1160
vn 0.4375 0.8930 -0.1056
vn 0.0744 0.9922 -0.0997
vn 0.0757 0.9929 -0.0920
vn 0.0371 0.9952 -0.0908
vn 0.0388 0.9944 -0.0982
vn 0.0155 0.9784 -0.2062
vn 0.0159 0.9817 -0.1898
vn 0.0567 0.9760 -0.2105
vn 0.0584 0.9794 -0.1931
vn 0.0207 0.9746 -0.2230
vn 0.0573 0.9713 -0.2307
vn 0.4316 0.8708 -0.2355
vn 0.2089 0.9452 -0.2511
vn 0.4140 0.8847 -0.2142
vn 0.1012 0.9593 -0.2635
vn 0.0535 0.9512 -0.3040
vn 0.0294 0.9565 -0.2903
vn 0.0492 0.9650 -0.2575
vn 0.0278 0.9689 -0.2461
vn 0.0215 0.9621 -0.2718
vn 0.0178 0.9914 -0.1299
vn 0.0189 0.9927 -0.1188
vn 0.0621 0.9890 -0.1339
vn 0.0636 0.9905 -0.1220
vn 0.0175 0.9888 -0.1479
vn 0.0606 0.9864 -0.1526
vn 0.4399 0.8851 -0.1520
vn 0.4370 0.8832 -0.1701
vn 0.4385 0.8876 -0.1410
vn 0.4275 0.8834 -0.1919
vn 0.0604 0.9830 -0.1731
vn 0.0166 0.9855 -0.1690
vn 0.0243 0.9953 -0.0938
vn 0.0271 0.9955 -0.0908
vn 0.0682 0.9930 -0.0962
vn 0.0694 0.9932 -0.0930
vn 0.0240 0.9951 -0.0963
vn 0.0666 0.9929 -0.0990
vn 0.4492 0.8866 -0.1101
vn 0.4443 0.8878 -0.1199
vn 0.4468 0.8872 -0.1152
vn 0.4438 0.8872 -0.1260
vn 0.4440 0.8875 -0.1230
vn 0.0654 0.9926 -0.1021
vn 0.0662 0.9923 -0.1049
vn 0.0218 0.9946 -0.1013
vn 0.0223 0.9948 -0.0990
vn 0.0346 0.9956 -0.0877
vn 0.0752 0.9932 -0.0893
vn 0.0318 0.9956 -0.0880
vn 0.0752 0.9932 -0.0885
vn 0.4464 0.8887 -0.1050
vn 0.4567 0.8837 -0.1027
vn 0.4476 0.8877 -0.1077
vn 0.0730 0.9932 -0.0903
vn 0.0290 0.9956 -0.0888
vn 0.0213 0.9943 -0.1043
vn 0.0653 0.9920 -0.1077
vn 0.0207 0.9940 -0.1077
vn 0.0639 0.9916 -0.1121
vn 0.4411 0.8883 -0.1279
vn 0.4408 0.8878 -0.1320
vn 0.4431 0.8861 -0.1361
vn 0.0638 0.9912 -0.1163
vn 0.0195 0.9934 -0.1130
vn 0.4339 0.8825 -0.1815
vn 0.3903 0.9037 -0.1759
vn 0.1684 0.9635 -0.2082
vn 0.1620 0.9667 -0.1979
vn 0.4778 0.8562 -0.1966
vn 0.1841 0.9596 -0.2129
vn 0.1292 0.9711 -0.2008
vn 0.1321 0.9684 -0.2115
vn 0.1374 0.9653 -0.2222
vn 0.1379 0.9630 -0.2315
vn 0.2157 0.9527 -0.2139
vn 0.6023 0.7759 -0.1876
vn 0.3656 0.9183 -0.1517
vn 0.1980 0.9658 -0.1675
vn 0.3596 0.9199 -0.1567
vn 0.1625 0.9690 -0.1862
vn 0.1263 0.9743 -0.1867
vn 0.1532 0.9735 -0.1700
vn 0.1260 0.9730 -0.1932
vn 0.1566 0.9694 -0.1892
vn 0.3710 0.9142 -0.1628
vn 0.0222 0.8998 -0.4358
vn 0.0301 0.9028 -0.4290
vn 0.0291 0.8994 -0.4362
vn 0.0398 0.9020 -0.4299
vn 0.0296 0.9066 -0.4209
vn 0.0388 0.9061 -0.4212
vn 0.0491 0.9060 -0.4205
vn 0.0500 0.9018 -0.4293
vn 0.0501 0.8974 -0.4383
vn 0.0299 0.9386 -0.3438
vn 0.0226 0.9254 -0.3784
vn 0.0129 0.9452 -0.3263
vn 0.0099 0.9305 -0.3662
vn 0.0178 0.9147 -0.4038
vn 0.0127 0.9158 -0.4013
vn 0.0099 0.9173 -0.3981
vn 0.0032 0.9294 -0.3691
vn -0.0017 0.9437 -0.3309
vn 0.0019 0.9447 -0.3279
vn 0.0092 0.9525 -0.3046
vn -0.0716 0.9750 -0.2106
vn -0.0796 0.9780 -0.1927
vn -0.0717 0.9790 -0.1908
vn -0.0668 0.9758 -0.2084
vn -0.0667 0.9795 -0.1899
vn -0.0737 0.9708 -0.2283
vn -0.0800 0.9736 -0.2137
vn -0.0700 0.9719 -0.2249
vn -0.0672 0.9765 -0.2048
vn -0.0647 0.9799 -0.1888
vn -0.0667 0.9798 -0.1888
vn -0.0666 0.9736 -0.2181
vn -0.0652 0.9763 -0.2064
vn -0.0676 0.9731 -0.2204
vn -0.0698 0.9686 -0.2388
vn -0.0653 0.9669 -0.2468
vn -0.0691 0.9621 -0.2640
vn -0.0726 0.9668 -0.2451
vn -0.0723 0.9580 -0.2775
vn -0.0658 0.9700 -0.2339
vn -0.0850 0.9633 -0.2546
vn -0.0770 0.9554 -0.2850
vn -0.0861 0.9529 -0.2909
vn -0.0829 0.9691 -0.2322
vn -0.0762 0.9653 -0.2497
vn -0.0869 0.9809 -0.1740
vn -0.0673 0.9860 -0.1522
vn -0.0687 0.9868 -0.1463
vn -0.0892 0.9841 -0.1533
vn -0.0617 0.9923 -0.1069
vn -0.1075 0.9739 -0.2001
vn -0.0845 0.9808 -0.1760
vn -0.1095 0.9759 -0.1887
vn -0.1028 0.9853 -0.1365
vn -0.0592 0.9966 -0.0576
vn -0.0757 0.9966 -0.0339
vn -0.1131 0.9779 -0.1760
vn -0.0930 0.9855 -0.1419
vn -0.1040 0.9796 -0.1719
vn -0.1174 0.9742 -0.1929
vn -0.1190 0.9726 -0.1996
vn -0.1139 0.9747 -0.1921
vn -0.1240 0.9725 -0.1973
vn -0.1204 0.9736 -0.1939
vn -0.1349 0.9702 -0.2015
vn -0.1504 0.9672 -0.2048
vn -0.1496 0.9662 -0.2100
vn -0.1328 0.9691 -0.2079
vn -0.1506 0.9639 -0.2195
vn -0.1331 0.9711 -0.1982
vn -0.1517 0.9615 -0.2291
vn -0.1282 0.9680 -0.2157
vn -0.1309 0.9673 -0.2174
vn -0.1047 0.9745 -0.1984
vn -0.0038 0.9225 -0.3860
vn -0.0048 0.9178 -0.3971
vn -0.0073 0.9218 -0.3877
vn -0.0086 0.9170 -0.3988
vn -0.0021 0.9326 -0.3609
vn -0.0043 0.9321 -0.3621
vn -0.0082 0.9202 -0.3913
vn -0.0121 0.9139 -0.4058
vn -0.0091 0.9187 -0.3948
vn -0.0039 0.9312 -0.3646
vn -0.0038 0.9301 -0.3673
vn -0.0111 0.9155 -0.4021
vn 0.0010 0.9437 -0.3307
vn 0.0001 0.9576 -0.2880
vn -0.0008 0.9442 -0.3295
vn 0.0002 0.9576 -0.2880
vn -0.0018 0.9446 -0.3281
vn -0.0008 0.9449 -0.3273
vn -0.0009 0.9579 -0.2872
vn -0.0058 0.9943 -0.1064
vn -0.0070 0.9945 -0.1041
vn -0.0060 0.9941 -0.1081
vn -0.0051 0.9939 -0.1104
vn -0.0051 0.9938 -0.1111
vn -0.0067 0.9944 -0.1050
vn -0.0069 0.9946 -0.1033
vn -0.0058 0.9940 -0.1089
vn -0.0032 0.9926 -0.1214
vn -0.0039 0.9932 -0.1160
vn -0.0030 0.9925 -0.1220
vn -0.0040 0.9928 -0.1198
vn -0.0043 0.9933 -0.1155
vn -0.0049 0.9935 -0.1139
vn -0.0061 0.9936 -0.1130
vn -0.0081 0.9930 -0.1181
vn -0.0090 0.9936 -0.1130
vn -0.0068 0.9941 -0.1081
vn -0.0102 0.9941 -0.1079
vn -0.0052 0.9929 -0.1190
vn -0.0087 0.9949 -0.1009
vn -0.0111 0.9945 -0.1040
vn -0.0119 0.9948 -0.1010
vn -0.0070 0.9947 -0.1022
vn -0.0073 0.9945 -0.1043
vn -0.0263 0.9847 -0.1723
vn -0.0301 0.9865 -0.1611
vn -0.0320 0.9858 -0.1651
vn -0.0280 0.9842 -0.1751
vn -0.0341 0.9848 -0.1702
vn -0.0192 0.9837 -0.1787
vn -0.0258 0.9852 -0.1692
vn -0.0200 0.9835 -0.1798
vn -0.0290 0.9838 -0.1770
vn -0.0361 0.9845 -0.1714
vn -0.0289 0.9840 -0.1757
vn -0.0202 0.9832 -0.1812
vn -0.0202 0.9838 -0.1782
vn -0.0358 0.9842 -0.1735
vn -0.0112 0.9832 -0.1823
vn -0.0104 0.9830 -0.1836
vn -0.0108 0.9836 -0.1800
vn -0.0098 0.9833 -0.1815
vn -0.0174 0.9844 -0.1753
vn -0.0103 0.9831 -0.1830
vn -0.0810 0.9821 -0.1700
vn -0.0737 0.9827 -0.1698
vn -0.0838 0.9854 -0.1481
vn -0.0760 0.9861 -0.1481
vn -0.0688 0.9831 -0.1699
vn -0.0711 0.9864 -0.1484
vn -0.0798 0.9897 -0.1188
vn -0.0862 0.9879 -0.1290
vn -0.0870 0.9891 -0.1190
vn -0.0749 0.9899 -0.1201
vn -0.0781 0.9885 -0.1297
vn -0.0727 0.9888 -0.1306
vn -0.0708 0.9888 -0.1311
vn -0.0751 0.9897 -0.1219
vn -0.0734 0.9885 -0.1324
vn -0.0690 0.9864 -0.1490
vn -0.0707 0.9861 -0.1503
vn -0.0730 0.9900 -0.1206
vn -0.0672 0.9832 -0.1695
vn -0.0689 0.9831 -0.1698
vn -0.0116 0.9941 -0.1083
vn -0.0108 0.9947 -0.1021
vn -0.0130 0.9944 -0.1045
vn -0.0129 0.9937 -0.1110
vn -0.0150 0.9941 -0.1072
vn -0.0090 0.9939 -0.1098
vn -0.0104 0.9944 -0.1049
vn -0.0102 0.9935 -0.1136
vn -0.0159 0.9925 -0.1209
vn -0.0169 0.9938 -0.1102
vn -0.0199 0.9932 -0.1143
vn -0.0118 0.9921 -0.1251
vn -0.0148 0.9933 -0.1147
vn -0.0106 0.9929 -0.1185
vn -0.0057 0.9928 -0.1199
vn -0.0051 0.9933 -0.1156
vn -0.0066 0.9917 -0.1284
vn -0.0042 0.9942 -0.1075
vn -0.0078 0.9943 -0.1064
vn -0.0048 0.9938 -0.1111
vn -0.0958 0.9823 -0.1608
vn -0.1165 0.9700 -0.2134
vn -0.1011 0.9796 -0.1739
vn -0.0835 0.9889 -0.1231
vn -0.0841 0.9891 -0.1212
vn -0.0974 0.9836 -0.1520
vn -0.1092 0.9751 -0.1930
vn -0.0881 0.9884 -0.1238
vn -0.0795 0.9927 -0.0911
vn -0.0798 0.9923 -0.0947
vn -0.0810 0.9928 -0.0877
vn -0.0831 0.9921 -0.0940
vn -0.0795 0.9916 -0.1017
vn -0.0838 0.9909 -0.1054
vn -0.0905 0.9901 -0.1078
vn -0.0979 0.9905 -0.0969
vn -0.1001 0.9892 -0.1072
vn -0.0949 0.9879 -0.1226
vn -0.1040 0.9872 -0.1206
vn -0.0890 0.9914 -0.0962
vn -0.1115 0.9808 -0.1600
vn -0.1116 0.9846 -0.1344
vn -0.1198 0.9819 -0.1470
vn -0.1077 0.9786 -0.1752
vn -0.1025 0.9844 -0.1432
vn -0.1020 0.9904 -0.0933
vn -0.0951 0.9913 -0.0910
vn -0.0949 0.9910 -0.0940
vn -0.1011 0.9902 -0.0963
vn -0.0940 0.9908 -0.0970
vn -0.1079 0.9898 -0.0926
vn -0.1030 0.9906 -0.0905
vn -0.1066 0.9897 -0.0951
vn -0.0992 0.9898 -0.1021
vn -0.0928 0.9907 -0.0999
vn -0.0919 0.9905 -0.1021
vn -0.1048 0.9893 -0.1011
vn -0.1003 0.9900 -0.0993
vn -0.1058 0.9895 -0.0983
vn -0.1103 0.9891 -0.0978
vn -0.1111 0.9888 -0.0999
vn -0.1120 0.9890 -0.0970
vn -0.1113 0.9892 -0.0951
vn -0.1140 0.9890 -0.0940
vn -0.1085 0.9890 -0.1004
vn -0.1132 0.9896 -0.0890
vn -0.1150 0.9892 -0.0910
vn -0.1159 0.9893 -0.0881
vn -0.1091 0.9900 -0.0896
vn -0.1125 0.9894 -0.0919
vn -0.0102 0.9950 -0.0990
vn -0.0098 0.9948 -0.1010
vn -0.0093 0.9950 -0.0997
vn -0.0087 0.9948 -0.1010
vn -0.0109 0.9952 -0.0969
vn -0.0116 0.9950 -0.0992
vn -0.0097 0.9952 -0.0977
vn -0.0081 0.9948 -0.1019
vn -0.0080 0.9949 -0.1010
vn -0.0087 0.9949 -0.1001
vn -0.0096 0.9950 -0.0989
vn -0.0131 0.9951 -0.0979
vn -0.0106 0.9953 -0.0967
vn -0.0136 0.9953 -0.0960
vn -0.0136 0.9956 -0.0931
vn -0.0151 0.9955 -0.0937
vn -0.0169 0.9957 -0.0915
vn -0.0122 0.9953 -0.0963
vn -0.0120 0.9954 -0.0949
vn -0.1060 0.9902 -0.0906
vn -0.0971 0.9911 -0.0907
vn -0.1047 0.9906 -0.0882
vn -0.0968 0.9914 -0.0886
vn -0.1118 0.9897 -0.0898
vn -0.1073 0.9895 -0.0967
vn -0.1112 0.9899 -0.0877
vn -0.0960 0.9914 -0.0891
vn -0.1037 0.9907 -0.0885
vn -0.1096 0.9901 -0.0882
vn -0.1142 0.9896 -0.0872
vn -0.1171 0.9893 -0.0870
vn -0.1148 0.9896 -0.0871
vn -0.1181 0.9892 -0.0870
vn -0.1182 0.9884 -0.0949
vn -0.1191 0.9889 -0.0889
vn -0.1209 0.9882 -0.0939
vn -0.1138 0.9889 -0.0957
vn -0.1167 0.9891 -0.0897
vn -0.0810 0.9902 -0.1141
vn -0.0890 0.9896 -0.1129
vn -0.0822 0.9905 -0.1099
vn -0.0896 0.9900 -0.1091
vn -0.0762 0.9905 -0.1147
vn -0.0772 0.9909 -0.1102
vn -0.0840 0.9911 -0.1030
vn -0.0909 0.9903 -0.1051
vn -0.0794 0.9914 -0.1039
vn -0.0831 0.9909 -0.1060
vn -0.0778 0.9912 -0.1067
vn -0.0758 0.9913 -0.1072
vn -0.0799 0.9913 -0.1051
vn -0.0791 0.9910 -0.1080
vn -0.0752 0.9910 -0.1108
vn -0.0779 0.9906 -0.1120
vn -0.0771 0.9916 -0.1041
vn -0.0770 0.9903 -0.1161
vn -0.0737 0.9906 -0.1155
vn -0.0596 0.9124 -0.4049
vn -0.0568 0.9068 -0.4178
vn -0.0639 0.9059 -0.4187
vn -0.0660 0.9111 -0.4069
vn -0.0719 0.9043 -0.4208
vn -0.0517 0.9262 -0.3734
vn -0.0532 0.9127 -0.4052
vn -0.0586 0.9287 -0.3662
vn -0.0929 0.9023 -0.4209
vn -0.0819 0.9008 -0.4265
vn -0.0996 0.8941 -0.4367
vn -0.0881 0.9189 -0.3845
vn -0.0769 0.9076 -0.4128
vn -0.0733 0.9223 -0.3796
vn -0.0758 0.9402 -0.3320
vn -0.0649 0.9451 -0.3203
vn -0.0869 0.9370 -0.3383
vn -0.0502 0.9635 -0.2630
vn -0.0504 0.9610 -0.2721
vn -0.0563 0.9534 -0.2965
vn -0.0551 0.9459 -0.3197
vn -0.0490 0.9421 -0.3316
vn -0.0586 0.9568 -0.2848
vn -0.0441 0.9417 -0.3336
vn -0.0480 0.9261 -0.3743
vn -0.0528 0.9574 -0.2839
vn -0.0032 0.9913 -0.1314
vn -0.0021 0.9911 -0.1329
vn -0.0017 0.9889 -0.1488
vn -0.0009 0.9887 -0.1500
vn -0.0034 0.9914 -0.1309
vn -0.0018 0.9889 -0.1483
vn -0.0004 0.9819 -0.1893
vn -0.0008 0.9855 -0.1698
vn -0.0014 0.9820 -0.1890
vn -0.0006 0.9856 -0.1693
vn -0.0012 0.9857 -0.1688
vn -0.0031 0.9857 -0.1687
vn -0.0049 0.9820 -0.1890
vn -0.0060 0.9857 -0.1686
vn -0.0032 0.9890 -0.1481
vn -0.0069 0.9890 -0.1480
vn -0.0024 0.9820 -0.1887
vn -0.0071 0.9916 -0.1289
vn -0.0042 0.9915 -0.1302
vn 0.0007 0.9677 -0.2522
vn 0.0021 0.9578 -0.2874
vn 0.0011 0.9680 -0.2510
vn -0.0001 0.9739 -0.2268
vn 0.0001 0.9741 -0.2260
vn 0.0001 0.9678 -0.2519
vn 0.0002 0.9819 -0.1893
vn -0.0001 0.9783 -0.2071
vn -0.0001 0.9783 -0.2072
vn -0.0002 0.9819 -0.1896
vn -0.0001 0.9678 -0.2518
vn -0.1365 0.9844 -0.1108
vn -0.1410 0.9826 -0.1206
vn -0.1332 0.9848 -0.1117
vn -0.1311 0.9859 -0.1041
vn -0.1282 0.9862 -0.1050
vn -0.1522 0.9822 -0.1098
vn -0.1440 0.9823 -0.1196
vn -0.1464 0.9838 -0.1038
vn -0.1238 0.9879 -0.0931
vn -0.1239 0.9873 -0.0991
vn -0.1398 0.9858 -0.0931
vn -0.1268 0.9870 -0.0987
vn -0.1436 0.9847 -0.0983
vn -0.1541 0.9839 -0.0909
vn -0.1542 0.9834 -0.0956
vn -0.1557 0.9826 -0.1017
vn -0.1584 0.9802 -0.1190
vn -0.1623 0.9805 -0.1106
vn -0.1686 0.9778 -0.1245
vn -0.1212 0.9717 -0.2026
vn -0.1515 0.9621 -0.2268
vn -0.1418 0.9663 -0.2150
vn -0.0991 0.9838 -0.1496
vn -0.1180 0.9784 -0.1696
vn -0.0993 0.9781 -0.1828
vn -0.0811 0.9880 -0.1311
vn -0.0845 0.9905 -0.1086
vn -0.1061 0.9845 -0.1397
vn -0.0727 0.9929 -0.0942
vn -0.0592 0.9932 -0.0999
vn -0.0202 0.9995 -0.0251
vn -0.0404 0.9971 -0.0640
vn -0.0395 0.9978 -0.0540
vn -0.0594 0.9893 -0.1336
vn -0.0778 0.9842 -0.1589
vn -0.0238 0.9076 -0.4192
vn -0.0190 0.9097 -0.4149
vn -0.0200 0.9081 -0.4182
vn -0.0149 0.9106 -0.4130
vn -0.0170 0.9097 -0.4150
vn -0.0238 0.9034 -0.4281
vn -0.0209 0.9048 -0.4252
vn -0.0180 0.9060 -0.4229
vn -0.0157 0.9113 -0.4114
vn -0.0139 0.9129 -0.4079
vn -0.0159 0.9074 -0.4201
vn -0.0151 0.9094 -0.4156
vn -0.0127 0.9122 -0.4095
vn -0.0209 0.9059 -0.4230
vn -0.0236 0.9052 -0.4243
vn -0.0292 0.9022 -0.4303
vn -0.0134 0.9021 -0.4313
vn -0.0350 0.9862 -0.1618
vn -0.0280 0.9857 -0.1662
vn -0.0310 0.9920 -0.1221
vn -0.0260 0.9912 -0.1300
vn -0.0203 0.9852 -0.1701
vn -0.0190 0.9909 -0.1331
vn -0.0208 0.9955 -0.0919
vn -0.0179 0.9940 -0.1080
vn -0.0131 0.9942 -0.1068
vn -0.0098 0.9900 -0.1406
vn -0.0096 0.9935 -0.1132
vn -0.0103 0.9850 -0.1725
vn -0.1143 0.9881 -0.1031
vn -0.1101 0.9886 -0.1030
vn -0.1133 0.9878 -0.1071
vn -0.1094 0.9882 -0.1069
vn -0.1293 0.9862 -0.1030
vn -0.1148 0.9884 -0.0995
vn -0.1273 0.9861 -0.1068
vn -0.1113 0.9870 -0.1158
vn -0.1080 0.9880 -0.1108
vn -0.1072 0.9874 -0.1161
vn -0.1260 0.9852 -0.1162
vn -0.1117 0.9875 -0.1110
vn -0.1267 0.9856 -0.1118
vn -0.1335 0.9842 -0.1166
vn -0.1328 0.9842 -0.1173
vn -0.1340 0.9849 -0.1094
vn -0.1300 0.9865 -0.0996
vn -0.1392 0.9849 -0.1031
vn -0.1380 0.9849 -0.1041
vn -0.1180 0.9888 -0.0911
vn -0.1173 0.9887 -0.0938
vn -0.1338 0.9868 -0.0909
vn -0.1196 0.9889 -0.0876
vn -0.1328 0.9867 -0.0939
vn -0.1162 0.9885 -0.0967
vn -0.1313 0.9866 -0.0967
vn -0.1413 0.9850 -0.0991
vn -0.1428 0.9850 -0.0967
vn -0.1352 0.9869 -0.0881
vn -0.1388 0.9861 -0.0912
vn -0.1457 0.9852 -0.0901
vn -0.1232 0.9884 -0.0887
vn -0.1217 0.9888 -0.0860
vn -0.1386 0.9864 -0.0886
vn -0.1364 0.9868 -0.0870
vn -0.1202 0.9890 -0.0858
vn -0.1368 0.9868 -0.0863
vn -0.1486 0.9852 -0.0854
vn -0.1469 0.9854 -0.0858
vn -0.1520 0.9846 -0.0869
vn -0.1090 0.9859 -0.1270
vn -0.1059 0.9863 -0.1268
vn -0.1070 0.9833 -0.1471
vn -0.1039 0.9837 -0.1467
vn -0.1245 0.9840 -0.1273
vn -0.1218 0.9814 -0.1480
vn -0.1052 0.9793 -0.1730
vn -0.0995 0.9748 -0.1998
vn -0.1026 0.9742 -0.2009
vn -0.1200 0.9773 -0.1745
vn -0.1177 0.9723 -0.2020
vn -0.1018 0.9797 -0.1724
vn -0.1248 0.9782 -0.1659
vn -0.1296 0.9814 -0.1413
vn -0.1393 0.9815 -0.1317
vn -0.1079 0.8871 -0.4487
vn -0.1272 0.8700 -0.4764
vn -0.1256 0.8750 -0.4676
vn -0.1496 0.8544 -0.4975
vn -0.1427 0.8568 -0.4955
vn -0.1614 0.8391 -0.5194
vn -0.1619 0.8393 -0.5190
vn -0.1573 0.8312 -0.5333
vn -0.1481 0.8476 -0.5096
vn -0.1509 0.8548 -0.4966
vn -0.1521 0.8587 -0.4894
vn -0.1445 0.8615 -0.4867
vn -0.1316 0.8714 -0.4726
vn -0.1352 0.8681 -0.4776
vn -0.1540 0.8563 -0.4929
vn -0.1196 0.8824 -0.4550
vn -0.1039 0.8924 -0.4391
vn -0.1151 0.8849 -0.4514
vn -0.1018 0.9693 -0.2236
vn -0.1045 0.9688 -0.2245
vn -0.1075 0.9641 -0.2429
vn -0.1041 0.9647 -0.2420
vn -0.1193 0.9668 -0.2261
vn -0.1204 0.9621 -0.2448
vn -0.1057 0.9492 -0.2965
vn -0.1046 0.9589 -0.2638
vn -0.1018 0.9492 -0.2977
vn -0.1194 0.9471 -0.2978
vn -0.1072 0.9586 -0.2637
vn -0.1218 0.9562 -0.2663
vn -0.1287 0.9481 -0.2908
vn -0.1322 0.9552 -0.2648
vn -0.1277 0.9607 -0.2467
vn -0.1323 0.9728 -0.1900
vn -0.1323 0.9665 -0.2200
vn -0.0995 0.9326 -0.3469
vn -0.0966 0.9329 -0.3469
vn -0.1100 0.9034 -0.4143
vn -0.1028 0.9061 -0.4104
vn -0.1124 0.9309 -0.3475
vn -0.1230 0.8998 -0.4185
vn -0.1315 0.8585 -0.4956
vn -0.1280 0.8231 -0.5533
vn -0.1299 0.8232 -0.5527
vn -0.1502 0.8527 -0.5004
vn -0.1468 0.8184 -0.5556
vn -0.1186 0.8604 -0.4956
vn -0.1585 0.8471 -0.5072
vn -0.1376 0.9001 -0.4133
vn -0.1251 0.9323 -0.3394
vn -0.2387 0.9285 -0.2845
vn -0.2358 0.9288 -0.2860
vn -0.2331 0.9300 -0.2841
vn -0.2363 0.9307 -0.2792
vn -0.2309 0.9329 -0.2764
vn -0.2611 0.9242 -0.2788
vn -0.2400 0.9282 -0.2843
vn -0.2538 0.9265 -0.2778
vn -0.2288 0.9394 -0.2552
vn -0.2292 0.9361 -0.2669
vn -0.2242 0.9413 -0.2525
vn -0.2454 0.9352 -0.2552
vn -0.2346 0.9338 -0.2699
vn -0.2507 0.9301 -0.2686
vn -0.2597 0.9311 -0.2563
vn -0.2629 0.9259 -0.2714
vn -0.2646 0.9221 -0.2823
vn -0.2679 0.9238 -0.2736
vn -0.2692 0.9226 -0.2762
vn -0.2853 0.9185 -0.2737
vn -0.1459 0.8223 -0.5500
vn -0.1576 0.8151 -0.5575
vn -0.1550 0.8241 -0.5448
vn -0.1496 0.8336 -0.5317
vn -0.1336 0.8277 -0.5450
vn -0.1322 0.8283 -0.5444
vn -0.1428 0.8414 -0.5212
vn -0.1430 0.8428 -0.5190
vn -0.1495 0.8558 -0.4952
vn -0.1509 0.8529 -0.4998
vn -0.1568 0.8416 -0.5169
vn -0.1619 0.8299 -0.5340
vn -0.1555 0.9709 -0.1822
vn -0.1012 0.9873 -0.1225
vn -0.1305 0.9799 -0.1506
vn -0.1953 0.9567 -0.2160
vn -0.1568 0.9734 -0.1671
vn -0.1941 0.9483 -0.2512
vn -0.1760 0.9590 -0.2220
vn -0.1869 0.9524 -0.2410
vn -0.2116 0.9402 -0.2669
vn -0.1875 0.9534 -0.2363
vn -0.2081 0.9437 -0.2571
vn -0.2298 0.9333 -0.2760
vn -0.2480 0.9331 -0.2605
vn -0.2288 0.9320 -0.2810
vn -0.2535 0.9333 -0.2543
vn -0.2236 0.9474 -0.2290
vn -0.0942 0.9613 -0.2589
vn -0.0963 0.9502 -0.2962
vn -0.0993 0.9599 -0.2621
vn -0.0998 0.9489 -0.2994
vn -0.0913 0.9674 -0.2361
vn -0.0977 0.9661 -0.2389
vn -0.1029 0.9591 -0.2638
vn -0.1018 0.9652 -0.2411
vn -0.1003 0.9492 -0.2984
vn -0.0992 0.9701 -0.2217
vn -0.0976 0.9754 -0.1979
vn -0.0947 0.9711 -0.2190
vn -0.0937 0.9759 -0.1968
vn -0.0875 0.9770 -0.1946
vn -0.0888 0.9723 -0.2162
vn -0.1991 0.9463 -0.2545
vn -0.1862 0.9518 -0.2438
vn -0.1902 0.9486 -0.2531
vn -0.1842 0.9508 -0.2489
vn -0.2150 0.9387 -0.2694
vn -0.1978 0.9468 -0.2539
vn -0.1697 0.9555 -0.2413
vn -0.1715 0.9563 -0.2368
vn -0.1697 0.9561 -0.2391
vn -0.1739 0.9603 -0.2181
vn -0.1740 0.9586 -0.2256
vn -0.1963 0.9520 -0.2348
vn -0.1987 0.9485 -0.2467
vn -0.2177 0.9416 -0.2567
vn -0.2185 0.9366 -0.2739
vn -0.2146 0.9456 -0.2444
vn -0.2263 0.9332 -0.2791
vn -0.0889 0.9812 -0.1712
vn -0.0949 0.9806 -0.1716
vn -0.0908 0.9849 -0.1476
vn -0.0970 0.9843 -0.1474
vn -0.0987 0.9800 -0.1725
vn -0.1011 0.9840 -0.1469
vn -0.1049 0.9876 -0.1169
vn -0.1033 0.9865 -0.1271
vn -0.1011 0.9880 -0.1169
vn -0.0990 0.9868 -0.1279
vn -0.0931 0.9873 -0.1284
vn -0.0951 0.9885 -0.1177
vn -0.1206 0.9846 -0.1262
vn -0.1141 0.9867 -0.1154
vn -0.1270 0.9847 -0.1196
vn -0.1272 0.9823 -0.1376
vn -0.1209 0.9864 -0.1112
vn -0.1093 0.9884 -0.1051
vn -0.1162 0.9879 -0.1028
vn -0.1208 0.9875 -0.1011
vn -0.1252 0.9862 -0.1081
vn -0.1373 0.9825 -0.1255
vn -0.1351 0.9821 -0.1310
vn -0.1306 0.9847 -0.1150
vn -0.0801 0.9922 -0.0958
vn -0.0832 0.9922 -0.0931
vn -0.0822 0.9920 -0.0961
vn -0.0792 0.9919 -0.0990
vn -0.0820 0.9917 -0.0990
vn -0.0820 0.9921 -0.0950
vn -0.0803 0.9925 -0.0920
vn -0.0811 0.9919 -0.0979
vn -0.0810 0.9915 -0.1019
vn -0.0779 0.9918 -0.1015
vn -0.0801 0.9917 -0.1008
vn -0.0848 0.9914 -0.0999
vn -0.0856 0.9916 -0.0970
vn -0.0876 0.9920 -0.0909
vn -0.0827 0.9924 -0.0916
vn -0.0863 0.9918 -0.0943
vn -0.0807 0.9929 -0.0877
vn -0.0832 0.9927 -0.0869
vn -0.0810 0.9928 -0.0883
vn -0.0841 0.9926 -0.0879
vn -0.0830 0.9925 -0.0896
vn -0.0836 0.9926 -0.0878
vn -0.0841 0.9924 -0.0900
vn -0.0813 0.9926 -0.0896
vn -0.0835 0.9925 -0.0888
vn -0.0881 0.9921 -0.0893
vn -0.0891 0.9921 -0.0885
vn -0.0888 0.9920 -0.0902
vn -0.1063 0.9880 -0.1118
vn -0.1069 0.9885 -0.1068
vn -0.1018 0.9885 -0.1119
vn -0.1028 0.9888 -0.1079
vn -0.1080 0.9888 -0.1035
vn -0.1039 0.9891 -0.1042
vn -0.0982 0.9896 -0.1049
vn -0.0974 0.9893 -0.1088
vn -0.0964 0.9889 -0.1131
vn -0.0967 0.9319 -0.3495
vn -0.1006 0.9315 -0.3497
vn -0.1018 0.9067 -0.4092
vn -0.1097 0.9033 -0.4148
vn -0.0972 0.9339 -0.3442
vn -0.1025 0.9147 -0.3910
vn -0.1081 0.8955 -0.4317
vn -0.1252 0.8804 -0.4575
vn -0.1512 0.8679 -0.4731
vn -0.1370 0.8652 -0.4824
vn -0.1168 0.8613 -0.4944
vn -0.1720 0.9591 -0.2250
vn -0.1357 0.9767 -0.1664
vn -0.1755 0.9570 -0.2310
vn -0.1415 0.9745 -0.1741
vn -0.1036 0.9877 -0.1171
vn -0.1197 0.9839 -0.1329
vn -0.1343 0.9744 -0.1804
vn -0.1250 0.9802 -0.1535
vn -0.1608 0.9603 -0.2279
vn -0.0865 0.8998 -0.4277
vn -0.0744 0.9038 -0.4214
vn -0.0906 0.8957 -0.4353
vn -0.0773 0.9007 -0.4274
vn -0.0579 0.9057 -0.4199
vn -0.0586 0.9019 -0.4279
vn -0.0654 0.9048 -0.4208
vn -0.0686 0.9013 -0.4277
vn -0.0617 0.9026 -0.4259
vn -0.0634 0.9007 -0.4299
vn -0.0672 0.9024 -0.4255
vn -0.1106 0.8875 -0.4474
vn -0.0956 0.9006 -0.4239
vn -0.0478 0.9126 -0.4060
vn -0.0443 0.9252 -0.3769
vn -0.0388 0.9126 -0.4070
vn -0.0490 0.9068 -0.4188
vn -0.0389 0.9250 -0.3780
vn -0.0715 0.9541 -0.2907
vn -0.0801 0.9518 -0.2959
vn -0.0490 0.9395 -0.3390
vn -0.0509 0.9404 -0.3363
vn -0.0460 0.9386 -0.3420
vn -0.0704 0.9503 -0.3034
vn -0.0417 0.9382 -0.3437
vn -0.0331 0.9247 -0.3792
vn -0.0282 0.9250 -0.3790
vn -0.0828 0.9488 -0.3049
vn -0.0299 0.9077 -0.4186
vn -0.0225 0.9134 -0.4064
vn -0.0232 0.9081 -0.4181
vn -0.0389 0.9070 -0.4193
vn -0.0296 0.9129 -0.4070
vn -0.0025 0.9939 -0.1099
vn -0.0019 0.9934 -0.1144
vn -0.0051 0.9940 -0.1095
vn -0.0030 0.9942 -0.1072
vn -0.0043 0.9935 -0.1138
vn -0.0013 0.9921 -0.1254
vn -0.0022 0.9922 -0.1244
vn -0.0018 0.9929 -0.1191
vn -0.0032 0.9930 -0.1181
vn -0.0037 0.9931 -0.1172
vn -0.0051 0.9936 -0.1128
vn -0.0029 0.9924 -0.1234
vn -0.0072 0.9944 -0.1054
vn -0.0057 0.9943 -0.1061
vn -0.0061 0.9941 -0.1083
vn -0.0421 0.9854 -0.1650
vn -0.0414 0.9851 -0.1668
vn -0.0392 0.9856 -0.1645
vn -0.0467 0.9869 -0.1542
vn -0.0453 0.9875 -0.1512
vn -0.0425 0.9886 -0.1445
vn -0.0343 0.9877 -0.1528
vn -0.0366 0.9884 -0.1473
vn -0.0367 0.9867 -0.1585
vn -0.0383 0.9883 -0.1479
vn -0.0392 0.9888 -0.1437
vn -0.0400 0.9894 -0.1398
vn -0.0420 0.9891 -0.1408
vn -0.0398 0.9907 -0.1302
vn -0.0410 0.9906 -0.1308
vn -0.0383 0.9889 -0.1438
vn -0.0415 0.9939 -0.1020
vn -0.0403 0.9939 -0.1024
vn -0.0481 0.9909 -0.1258
vn -0.0522 0.9882 -0.1443
vn -0.0520 0.9880 -0.1452
vn -0.0157 0.9956 -0.0923
vn -0.0199 0.9958 -0.0898
vn -0.0188 0.9956 -0.0921
vn -0.0223 0.9958 -0.0890
vn -0.0151 0.9953 -0.0961
vn -0.0179 0.9952 -0.0965
vn -0.0240 0.9952 -0.0951
vn -0.0252 0.9957 -0.0887
vn -0.0272 0.9954 -0.0915
vn -0.0228 0.9946 -0.1017
vn -0.0221 0.9954 -0.0928
vn -0.0207 0.9950 -0.0980
vn -0.0193 0.9944 -0.1043
vn -0.0166 0.9947 -0.1018
vn -0.0211 0.9940 -0.1075
vn -0.0138 0.9948 -0.1005
vn -0.0043 0.9945 -0.1051
vn -0.0038 0.9945 -0.1042
vn -0.0071 0.9945 -0.1040
vn -0.0058 0.9946 -0.1037
vn -0.0034 0.9944 -0.1054
vn -0.0062 0.9945 -0.1041
vn -0.0068 0.9946 -0.1034
vn -0.0077 0.9947 -0.1024
vn -0.0091 0.9947 -0.1027
vn -0.0010 0.9908 -0.1352
vn -0.0013 0.9884 -0.1517
vn -0.0022 0.9909 -0.1346
vn -0.0011 0.9885 -0.1513
vn -0.0004 0.9853 -0.1710
vn -0.0006 0.9852 -0.1712
vn -0.0008 0.9855 -0.1699
vn -0.0014 0.9885 -0.1511
vn -0.0022 0.9910 -0.1337
vn 0.0029 0.9708 -0.2400
vn -0.0083 0.9674 -0.2532
vn -0.0074 0.9710 -0.2391
vn -0.0002 0.9754 -0.2204
vn -0.0064 0.9752 -0.2211
vn 0.0041 0.9694 -0.2455
vn 0.0023 0.9628 -0.2701
vn 0.0008 0.9747 -0.2234
vn -0.0050 0.9788 -0.2049
vn -0.0015 0.9789 -0.2046
vn -0.0009 0.9785 -0.2063
vn -0.0005 0.9783 -0.2070
vn 0.0012 0.9744 -0.2250
vn 0.0033 0.9582 -0.2860
vn 0.0055 0.9596 -0.2815
vn 0.0028 0.9685 -0.2490
vn -0.0123 0.9149 -0.4035
vn -0.0104 0.9161 -0.4009
vn -0.0130 0.9110 -0.4121
vn -0.0102 0.9125 -0.4089
vn -0.0051 0.9167 -0.3995
vn -0.0052 0.9138 -0.4061
vn -0.0016 0.9133 -0.4072
vn -0.0084 0.9107 -0.4130
vn -0.0110 0.9067 -0.4217
vn -0.0155 0.9074 -0.4200
vn -0.0402 0.9872 -0.1544
vn -0.0449 0.9888 -0.1425
vn -0.0345 0.9930 -0.1131
vn -0.0361 0.9948 -0.0957
vn -0.0470 0.9900 -0.1330
vn -0.0394 0.9960 -0.0802
vn -0.0241 0.9989 -0.0403
vn -0.0239 0.9979 -0.0598
vn -0.0202 0.9966 -0.0801
vn -0.1285 0.9786 -0.1605
vn -0.1396 0.9783 -0.1529
vn -0.1470 0.9781 -0.1476
vn -0.1395 0.9738 -0.1796
vn -0.1549 0.9718 -0.1778
vn -0.1672 0.9694 -0.1797
vn -0.1517 0.9779 -0.1441
vn -0.1549 0.9777 -0.1417
vn -0.1750 0.9684 -0.1776
vn -0.1785 0.9677 -0.1780
vn -0.2073 0.9531 -0.2205
vn -0.2004 0.9547 -0.2201
vn -0.1865 0.9590 -0.2133
vn -0.1684 0.9649 -0.2015
vn -0.1476 0.9698 -0.1942
vn -0.0218 0.9921 -0.1236
vn -0.0250 0.9930 -0.1157
vn -0.0260 0.9937 -0.1087
vn -0.0249 0.9902 -0.1372
vn -0.0280 0.9913 -0.1287
vn -0.0300 0.9921 -0.1216
vn -0.0274 0.9943 -0.1030
vn -0.0301 0.9947 -0.0985
vn -0.0313 0.9927 -0.1165
vn -0.0330 0.9931 -0.1124
vn -0.0372 0.9908 -0.1299
vn -0.0350 0.9905 -0.1328
vn -0.0334 0.9900 -0.1373
vn -0.0312 0.9892 -0.1434
vn -0.0278 0.9880 -0.1522
vn -0.1571 0.9776 -0.1402
vn -0.1726 0.9751 -0.1394
vn -0.1821 0.9671 -0.1779
vn -0.1972 0.9643 -0.1767
vn -0.1874 0.9719 -0.1425
vn -0.2104 0.9610 -0.1797
vn -0.2439 0.9417 -0.2317
vn -0.2272 0.9478 -0.2238
vn -0.2116 0.9516 -0.2229
vn -0.1204 0.9714 -0.2044
vn -0.1197 0.9723 -0.2009
vn -0.1222 0.9701 -0.2096
vn -0.1206 0.9709 -0.2068
vn -0.1233 0.9684 -0.2170
vn -0.1234 0.9723 -0.1985
vn -0.1219 0.9732 -0.1949
vn -0.1215 0.9677 -0.2207
vn -0.1170 0.9720 -0.2039
vn -0.1160 0.9752 -0.1882
vn -0.1198 0.9775 -0.1736
vn -0.1281 0.9741 -0.1862
vn -0.1314 0.9722 -0.1940
vn -0.0069 0.9901 -0.1405
vn -0.0132 0.9906 -0.1361
vn -0.0079 0.9875 -0.1575
vn -0.0150 0.9882 -0.1525
vn -0.0183 0.9913 -0.1303
vn -0.0207 0.9893 -0.1447
vn -0.0230 0.9868 -0.1605
vn -0.0160 0.9856 -0.1683
vn -0.0099 0.9850 -0.1723
vn -0.7641 0.6166 -0.1895
vn -0.7478 0.6265 -0.2198
vn -0.7825 0.5856 -0.2116
vn -0.3789 0.8882 -0.2600
vn -0.4579 0.8521 -0.2534
vn -0.7798 0.5959 -0.1917
vn -0.7914 0.5755 -0.2062
vn -0.4905 0.8370 -0.2425
vn -0.1451 0.9520 -0.2694
vn -0.1818 0.9438 -0.2759
vn -0.1921 0.9477 -0.2549
vn -0.1640 0.9529 -0.2551
vn -0.1264 0.9607 -0.2472
vn -0.4682 0.8529 -0.2308
vn -0.3893 0.8930 -0.2257
vn -0.7304 0.6710 -0.1279
vn -0.7318 0.6520 -0.1987
vn -0.7728 0.6041 -0.1945
vn -0.7071 0.6995 -0.1030
vn -0.8070 0.5748 -0.1358
vn -0.7615 0.6313 -0.1469
vn -0.8050 0.5758 -0.1430
vn -0.7570 0.6328 -0.1631
vn -0.8018 0.5763 -0.1578
vn -0.8190 0.5574 -0.1364
vn -0.8162 0.5599 -0.1422
vn -0.8129 0.5609 -0.1568
vn -0.7862 0.5937 -0.1717
vn -0.7217 0.6642 -0.1948
vn -0.8012 0.5727 -0.1734
vn -0.7397 0.6489 -0.1784
vn -0.7507 0.6357 -0.1798
vn -0.7926 0.5839 -0.1757
vn -0.7611 0.6284 -0.1610
vn -0.8018 0.5764 -0.1580
vn -0.8062 0.5745 -0.1413
vn -0.7656 0.6283 -0.1380
vn -0.8077 0.5739 -0.1350
vn -0.7641 0.6285 -0.1454
vn -0.8111 0.5754 -0.1049
vn -0.7648 0.6335 -0.1170
vn -0.8106 0.5742 -0.1151
vn -0.7673 0.6298 -0.1211
vn -0.8101 0.5739 -0.1199
vn -0.8249 0.5548 -0.1080
vn -0.8231 0.5564 -0.1140
vn -0.8203 0.5594 -0.1191
vn -0.8093 0.5743 -0.1233
vn -0.7629 0.6340 -0.1271
vn -0.8079 0.5759 -0.1251
vn -0.8213 0.5570 -0.1233
vn -0.8198 0.5590 -0.1240
vn -0.7645 0.6322 -0.1261
vn -0.8083 0.5754 -0.1245
vn -0.7704 0.6252 -0.1250
vn -0.8115 0.5713 -0.1229
vn -0.7686 0.6281 -0.1212
vn -0.8105 0.5734 -0.1194
vn -0.8126 0.5713 -0.1153
vn -0.7720 0.6260 -0.1101
vn -0.8153 0.5688 -0.1081
vn -0.7727 0.6243 -0.1152
vn -0.8167 0.5688 -0.0975
vn -0.7523 0.6505 -0.1044
vn -0.7691 0.6313 -0.0997
vn -0.8188 0.5655 -0.0988
vn -0.7755 0.6232 -0.1008
vn -0.8371 0.5385 -0.0963
vn -0.7996 0.5923 -0.0988
vn -0.8309 0.5477 -0.0979
vn -0.7716 0.6275 -0.1041
vn -0.7691 0.6300 -0.1079
vn -0.8156 0.5701 -0.0987
vn -0.8304 0.5482 -0.0997
vn -0.8183 0.5657 -0.1022
vn -0.7759 0.6223 -0.1040
vn -0.8227 0.5599 -0.0983
vn -0.7840 0.6127 -0.1000
vn -0.8549 0.5093 -0.0990
vn -0.7852 0.6112 -0.0993
vn -0.8516 0.5149 -0.0985
vn -0.8286 0.5517 -0.0956
vn -0.8342 0.5430 -0.0960
vn -0.7631 0.6333 -0.1290
vn -0.8077 0.5757 -0.1269
vn -0.7619 0.6341 -0.1320
vn -0.8070 0.5763 -0.1290
vn -0.8198 0.5586 -0.1260
vn -0.8190 0.5593 -0.1280
vn -0.8062 0.5768 -0.1314
vn -0.7567 0.6394 -0.1361
vn -0.8196 0.5572 -0.1335
vn -0.7614 0.6346 -0.1322
vn -0.7680 0.6263 -0.1339
vn -0.8076 0.5747 -0.1320
vn -0.7654 0.6301 -0.1310
vn -0.8098 0.5723 -0.1290
vn -0.8108 0.5714 -0.1273
vn -0.7676 0.6284 -0.1262
vn -0.7676 0.6284 -0.1263
vn -0.5768 0.8037 -0.1460
vn -0.5869 0.7984 -0.1348
vn -0.6373 0.7572 -0.1430
vn -0.6577 0.7422 -0.1284
vn -0.7098 0.6920 -0.1313
vn -0.6298 0.7596 -0.1623
vn -0.6623 0.7334 -0.1531
vn -0.7326 0.6665 -0.1382
vn -0.7096 0.6953 -0.1145
vn -0.7657 0.6328 -0.1147
vn -0.7965 0.5931 -0.1175
vn -0.8044 0.5803 -0.1272
vn -0.8178 0.5560 -0.1483
vn -0.7324 0.6639 -0.1509
vn -0.7023 0.6919 -0.1673
vn -0.6494 0.7468 -0.1433
vn -0.6414 0.7484 -0.1691
vn -0.6218 0.7691 -0.1477
vn -0.6754 0.7178 -0.1692
vn -0.6227 0.7731 -0.1211
vn -0.6016 0.7890 -0.1249
vn -0.5788 0.8070 -0.1170
vn -0.5692 0.8139 -0.1166
vn -0.5660 0.8135 -0.1338
vn -0.5497 0.8260 -0.1251
vn -0.4880 0.8648 -0.1182
vn -0.5232 0.8443 -0.1161
vn -0.5066 0.8543 -0.1167
vn -0.4788 0.8683 -0.1294
vn -0.5257 0.8423 -0.1188
vn -0.5076 0.8528 -0.1232
vn -0.5234 0.8417 -0.1329
vn -0.5142 0.8462 -0.1398
vn -0.4743 0.8702 -0.1337
vn -0.0904 0.9916 -0.0926
vn -0.0984 0.9878 -0.1207
vn -0.1484 0.9840 -0.0983
vn -0.0940 0.9918 -0.0862
vn -0.1173 0.9871 -0.1090
vn -0.1474 0.9628 -0.2266
vn -0.2462 0.9447 -0.2166
vn -0.1295 0.9734 -0.1890
vn -0.2461 0.9509 -0.1875
vn -0.5723 0.8119 -0.1150
vn -0.5953 0.7972 -0.1000
vn -0.1564 0.9839 -0.0867
vn -0.6766 0.7190 -0.1588
vn -0.4542 0.8665 -0.2073
vn -0.4998 0.8385 -0.2169
vn -0.2329 0.9464 -0.2237
vn -0.1283 0.9726 -0.1940
vn -0.1309 0.9692 -0.2089
vn -0.1053 0.9696 -0.2208
vn -0.0918 0.9644 -0.2478
vn -0.0706 0.9673 -0.2436
vn -0.0599 0.9701 -0.2352
vn -0.0747 0.9731 -0.2179
vn -0.0794 0.9758 -0.2038
vn -0.0786 0.9787 -0.1898
vn -0.4814 0.8649 -0.1420
vn -0.4818 0.8630 -0.1521
vn -0.4783 0.8616 -0.1700
vn -0.1379 0.9808 -0.1377
vn -0.1344 0.9787 -0.1550
vn -0.4667 0.8641 -0.1886
vn -0.1316 0.9757 -0.1750
vn -0.0806 0.9820 -0.1710
vn -0.0830 0.9850 -0.1513
vn -0.0876 0.9885 -0.1233
vn -0.1419 0.9817 -0.1272
vn -0.0866 0.9872 -0.1339
vn -0.0573 0.9915 -0.1170
vn -0.0489 0.9897 -0.1346
vn -0.1483 0.9814 -0.1221
vn -0.1016 0.9873 -0.1224
vn -0.0753 0.9879 -0.1353
vn -0.0470 0.9893 -0.1384
vn -0.0722 0.9876 -0.1393
vn -0.0474 0.9889 -0.1405
vn -0.0712 0.9876 -0.1402
vn -0.2970 0.9449 -0.1378
vn -0.2853 0.9486 -0.1369
vn -0.2836 0.9497 -0.1327
vn -0.3112 0.9423 -0.1236
vn -0.3705 0.9177 -0.1438
vn -0.4927 0.8624 -0.1160
vn -0.4906 0.8630 -0.1210
vn -0.1507 0.9834 -0.1013
vn -0.4900 0.8650 -0.1082
vn -0.1507 0.9831 -0.1040
vn -0.4892 0.8632 -0.1250
vn -0.4877 0.8637 -0.1270
vn -0.1468 0.9830 -0.1100
vn -0.1477 0.9832 -0.1075
vn -0.0937 0.9903 -0.1030
vn -0.0952 0.9903 -0.1009
vn -0.0924 0.9901 -0.1057
vn -0.0971 0.9908 -0.0939
vn -0.1530 0.9834 -0.0975
vn -0.0954 0.9907 -0.0973
vn -0.5239 0.8458 -0.1011
vn -0.5033 0.8580 -0.1028
vn -0.1581 0.9833 -0.0900
vn -0.1538 0.9838 -0.0918
vn -0.4953 0.8624 -0.1051
vn -0.1519 0.9839 -0.0946
vn -0.0971 0.9911 -0.0911
vn -0.0984 0.9912 -0.0887
vn -0.0966 0.9915 -0.0869
vn -0.4876 0.8634 -0.1298
vn -0.4845 0.8647 -0.1328
vn -0.1446 0.9830 -0.1131
vn -0.1449 0.9825 -0.1170
vn -0.4853 0.8635 -0.1373
vn -0.1416 0.9825 -0.1207
vn -0.0893 0.9891 -0.1175
vn -0.0900 0.9895 -0.1132
vn -0.0912 0.9899 -0.1086
vn -0.0446 0.9909 -0.1269
vn -0.0414 0.9930 -0.1110
vn -0.0729 0.9890 -0.1290
vn -0.0731 0.9909 -0.1128
vn -0.0369 0.9953 -0.0900
vn -0.0758 0.9928 -0.0923
vn -0.0388 0.9945 -0.0972
vn -0.0744 0.9922 -0.0997
vn -0.4046 0.9074 -0.1138
vn -0.3763 0.9179 -0.1263
vn -0.4348 0.8948 -0.1019
vn -0.3341 0.9329 -0.1345
vn -0.0146 0.9781 -0.2075
vn -0.0197 0.9742 -0.2246
vn -0.0547 0.9757 -0.2123
vn -0.0160 0.9818 -0.1893
vn -0.0564 0.9709 -0.2326
vn -0.0270 0.9692 -0.2449
vn -0.0273 0.9619 -0.2719
vn -0.0537 0.9633 -0.2630
vn -0.0355 0.9566 -0.2893
vn -0.0958 0.9586 -0.2682
vn -0.2088 0.9452 -0.2511
vn -0.3855 0.9043 -0.1836
vn -0.4155 0.8845 -0.2121
vn -0.0586 0.9792 -0.1940
vn -0.0178 0.9914 -0.1299
vn -0.0170 0.9888 -0.1480
vn -0.0626 0.9892 -0.1329
vn -0.0189 0.9927 -0.1188
vn -0.0619 0.9865 -0.1517
vn -0.0158 0.9854 -0.1697
vn -0.0604 0.9830 -0.1731
vn -0.4277 0.8834 -0.1917
vn -0.4370 0.8832 -0.1701
vn -0.4408 0.8846 -0.1524
vn -0.4380 0.8879 -0.1407
vn -0.0641 0.9904 -0.1225
vn -0.0249 0.9953 -0.0939
vn -0.0241 0.9951 -0.0958
vn -0.0680 0.9931 -0.0959
vn -0.0271 0.9955 -0.0908
vn -0.0666 0.9929 -0.0990
vn -0.0218 0.9946 -0.1013
vn -0.0663 0.9923 -0.1049
vn -0.0226 0.9949 -0.0985
vn -0.0656 0.9926 -0.1019
vn -0.4444 0.8869 -0.1263
vn -0.4440 0.8875 -0.1230
vn -0.4443 0.8878 -0.1199
vn -0.4492 0.8866 -0.1101
vn -0.0693 0.9933 -0.0927
vn -0.4476 0.8866 -0.1166
vn -0.0346 0.9956 -0.0877
vn -0.0318 0.9956 -0.0876
vn -0.0749 0.9932 -0.0891
vn -0.0747 0.9932 -0.0891
vn -0.0290 0.9956 -0.0888
vn -0.0729 0.9932 -0.0902
vn -0.4498 0.8868 -0.1059
vn -0.4568 0.8836 -0.1028
vn -0.4471 0.8888 -0.1005
vn -0.0207 0.9944 -0.1040
vn -0.0202 0.9939 -0.1082
vn -0.0653 0.9920 -0.1077
vn -0.0649 0.9916 -0.1117
vn -0.0196 0.9935 -0.1125
vn -0.0638 0.9912 -0.1163
vn -0.4431 0.8861 -0.1361
vn -0.4408 0.8879 -0.1320
vn -0.4398 0.8891 -0.1272
vn -0.4160 0.8881 -0.1957
vn -0.4803 0.8549 -0.1963
vn -0.1688 0.9627 -0.2114
vn -0.3912 0.9029 -0.1783
vn -0.1832 0.9589 -0.2166
vn -0.6023 0.7787 -0.1757
vn -0.2145 0.9523 -0.2170
vn -0.1429 0.9632 -0.2277
vn -0.1377 0.9654 -0.2213
vn -0.1292 0.9711 -0.2008
vn -0.1633 0.9663 -0.1990
vn -0.1334 0.9683 -0.2109
vn -0.3555 0.9226 -0.1500
vn -0.3627 0.9188 -0.1559
vn -0.2040 0.9645 -0.1674
vn -0.1676 0.9674 -0.1899
vn -0.3718 0.9137 -0.1642
vn -0.1574 0.9693 -0.1888
vn -0.1265 0.9728 -0.1939
vn -0.1316 0.9740 -0.1843
vn -0.1054 0.9883 -0.1105
vn -0.1492 0.9767 -0.1543
vn -0.0360 0.9018 -0.4306
vn -0.0301 0.9028 -0.4290
vn -0.0467 0.9019 -0.4293
vn -0.0398 0.9020 -0.4299
vn -0.0489 0.9013 -0.4305
vn -0.0497 0.8972 -0.4389
vn -0.0491 0.9060 -0.4205
vn -0.0388 0.9061 -0.4212
vn -0.0300 0.9068 -0.4206
vn -0.0555 0.9518 -0.3018
vn -0.0296 0.9386 -0.3437
vn -0.0167 0.9433 -0.3314
vn -0.0216 0.9254 -0.3784
vn -0.0108 0.9297 -0.3683
vn -0.0094 0.9527 -0.3039
vn -0.0007 0.9460 -0.3243
vn 0.0016 0.9436 -0.3311
vn -0.0038 0.9285 -0.3713
vn -0.0097 0.9172 -0.3983
vn -0.0127 0.9159 -0.4012
vn -0.0180 0.9146 -0.4040
vn -0.9941 0.0092 0.1084
vn 0.9996 -0.0023 -0.0272
vn 0.9996 -0.0028 -0.0267
vn -0.1500 0.8210 -0.5508
vt 0.500000 0.500000
vt 0.902000 0.914000
vt 0.500000 0.914000
vt 0.098000 0.914000
vt 0.098000 0.500000
vt 0.098000 0.086000
vt 0.500000 0.086000
vt 0.902000 0.086000
vt 0.902000 0.500000
vt 0.500000 0.354000
vt 0.902000 0.707000
vt 0.500000 0.639000
vt 0.098000 0.707000
vt 0.098000 0.354000
vt 0.500000 0.000000
vt 0.907000 0.336000
vt 0.500000 0.518000
vt 0.896000 0.722000
vt 0.907000 0.673000
vt 0.853000 0.786000
vt 0.821000 0.800000
vt 0.504000 0.743000
vt 0.178000 0.752000
vt 0.146000 0.715000
vt 0.103000 0.576000
vt 0.114000 0.679000
vt 0.177000 0.310000
vt 0.178000 -0.007000
vt 0.500000 0.433000
vt 0.902000 0.866000
vt 0.500000 0.767000
vt 0.162000 0.746000
vt 0.169000 0.419000
vt 0.902000 0.433000
vt 0.902000 0.000000
vt 0.824000 0.332000
vt 0.500000 0.553000
vt 0.896000 0.617000
vt 0.893000 0.476000
vt 0.853000 0.766000
vt 0.821000 0.805000
vt 0.498000 0.786000
vt 0.178000 0.851000
vt 0.146000 0.835000
vt 0.103000 0.767000
vt 0.114000 0.820000
vt 0.170000 0.410000
vt 0.172000 -0.005000
vt 0.516000 0.901000
vt 0.887000 0.909000
vt 0.532000 1.027000
vt 0.952000 1.018000
vt 0.145000 0.894000
vt 0.493000 0.937000
vt 0.863000 0.926000
vt 0.486000 1.046000
vt 0.905000 1.046000
vt 0.123000 0.948000
vt 0.025000 0.250000
vt 0.109000 0.448000
vt 0.024000 0.480000
vt -0.043000 0.265000
vt -0.048000 0.589000
vt 1.061000 0.286000
vt 0.983000 0.506000
vt 0.984000 0.269000
vt -0.040000 0.683000
vt -0.022000 0.377000
vt -0.169000 0.681000
vt -0.142000 0.320000
vt -0.009000 -0.020000
vt -0.006000 0.371000
vt 0.096000 0.610000
vt -0.008000 0.674000
vt -0.106000 0.385000
vt -0.120000 0.809000
vt -0.091000 -0.039000
vt 0.001000 -0.019000
vt 0.500000 1.025000
vt 0.098000 0.945000
vt 0.500000 0.945000
vt 0.098000 0.866000
vt 0.500000 0.866000
vt 0.902000 0.945000
vt 0.902000 1.025000
vt 0.500000 1.011000
vt 0.098000 0.974000
vt 0.500000 0.974000
vt 0.098000 0.938000
vt 0.500000 0.938000
vt 0.902000 0.938000
vt 0.902000 0.974000
vt 0.902000 1.011000
vt 0.944000 0.874000
vt 0.874000 0.749000
vt 0.954000 0.795000
vt 0.885000 0.668000
vt 0.965000 0.716000
vt 1.035000 0.841000
vt 1.024000 0.917000
vt 0.038000 0.759000
vt -0.029000 0.891000
vt -0.033000 0.815000
vt 0.033000 0.683000
vt -0.038000 0.740000
vt 0.103000 0.626000
vt 0.109000 0.702000
vt 0.043000 0.835000
vt 0.114000 0.779000
vt 0.036000 0.883000
vt -0.055000 0.969000
vt -0.071000 0.929000
vt 0.019000 0.843000
vt -0.087000 0.889000
vt 0.125000 0.796000
vt 0.142000 0.838000
vt 0.052000 0.924000
vt 0.159000 0.879000
vt -0.158000 0.914000
vt -0.263000 0.788000
vt -0.127000 0.879000
vt -0.231000 0.753000
vt -0.097000 0.844000
vt 0.008000 0.970000
vt -0.023000 1.005000
vt 0.098000 0.787000
vt 0.500000 0.787000
vt 0.902000 0.787000
vt 0.500000 0.902000
vt 0.098000 0.902000
vt 0.902000 0.902000
vt 0.976000 0.637000
vt 0.896000 0.587000
vt 1.066000 0.611000
vt 1.055000 0.688000
vt 1.045000 0.764000
vt 0.027000 0.607000
vt -0.043000 0.664000
vt 0.098000 0.549000
vt -0.103000 0.849000
vt 0.003000 0.802000
vt 0.109000 0.755000
vt -0.066000 0.809000
vt -0.200000 0.717000
vt 0.068000 0.900000
vt 0.038000 0.935000
vt 0.902000 0.354000
vt 0.885000 0.772000
vt 0.907000 0.000000
vt 0.885000 0.727000
vt 0.824000 -0.005000
vt 0.000000 0.000000
vt 0.112000 1.035000
vt 0.067000 1.045000
vt -0.116000 -0.040000
vt 0.098000 1.025000
vt 0.098000 1.011000
vt 0.863000 0.830000
vt -0.294000 0.824000
s 1
g off
g Cofre_black
usemtl black
f 1/1/1 3/2/2 4/3/3
f 1/1/1 6/4/4 5/5/5
f 1/1/1 7/6/6 8/7/7
f 1/1/1 9/8/8 2/9/9
f 10/10/10 12/11/11 13/12/12
f 10/10/10 15/13/13 14/14/14
f 17/15/15 19/16/16 16/17/17
f 20/18/18 19/16/16 21/19/19
f 20/18/18 23/20/20 16/17/17
f 16/17/17 25/21/21 24/22/22
f 16/17/17 26/23/23 27/24/24
f 28/25/25 27/24/24 29/26/26
f 28/25/25 31/27/27 16/17/17
f 17/15/15 31/27/27 32/28/28
f 33/29/29 35/30/30 36/31/31
f 33/29/29 38/32/32 37/33/33
f 37/33/33 40/15/34 33/29/29
f 34/34/35 40/15/34 41/35/36
f 43/15/37 45/36/38 42/37/39
f 46/38/40 45/36/38 47/39/41
f 46/38/40 49/40/42 42/37/39
f 42/37/39 51/41/43 50/42/44
f 42/37/39 52/43/45 53/44/46
f 54/45/47 53/44/46 55/46/48
f 54/45/47 57/47/49 42/37/39
f 43/15/37 57/47/49 58/48/50
f 59/49/51 25/21/21 60/50/52
f 2/51/9 60/50/52 3/52/2
f 2/51/9 61/53/53 59/49/51
f 59/49/51 26/23/23 24/22/22
f 62/54/54 51/41/43 63/55/55
f 5/56/5 63/55/55 7/57/6
f 5/56/5 64/58/56 62/54/54
f 62/54/54 52/43/45 50/42/44
f 65/59/57 30/60/58 66/61/59
f 11/62/60 66/61/59 12/63/11
f 14/64/14 68/65/61 67/66/62
f 67/66/62 47/39/41 45/36/38
f 37/33/33 70/67/63 69/68/64
f 69/68/64 21/69/19 19/70/16
f 19/70/16 71/71/65 69/68/64
f 69/68/64 39/48/66 37/33/33
f 72/72/67 56/73/68 73/74/69
f 34/75/35 73/74/69 35/76/30
f 72/72/67 41/77/36 74/78/70
f 57/47/49 74/78/70 58/48/50
f 8/79/7 76/80/71 75/81/72
f 75/81/72 78/82/73 77/83/74
f 75/81/72 79/30/75 80/84/76
f 8/79/7 80/84/76 9/85/8
f 4/86/3 82/87/77 81/88/78
f 81/88/78 84/89/79 83/90/80
f 81/88/78 85/91/81 86/92/82
f 4/86/3 86/92/82 6/93/4
f 63/94/55 49/95/42 87/96/83
f 87/96/83 48/97/84 88/98/85
f 88/98/85 76/99/71 87/96/83
f 87/96/83 7/100/6 63/94/55
f 89/101/86 9/102/8 80/103/76
f 90/104/87 80/103/76 79/105/75
f 89/101/86 29/106/26 27/107/24
f 61/108/53 27/107/24 26/109/23
f 91/110/88 6/111/4 86/112/82
f 92/113/89 86/112/82 85/114/81
f 91/110/88 55/115/48 53/116/46
f 64/117/56 53/116/46 52/118/45
f 60/119/52 23/120/20 93/121/90
f 93/121/90 22/122/91 94/123/92
f 94/123/92 82/124/77 93/121/90
f 93/121/90 3/125/2 60/119/52
f 77/83/74 96/126/93 95/127/94
f 13/12/12 96/126/93 15/13/13
f 13/12/12 97/128/95 95/127/94
f 77/83/74 97/128/95 79/30/75
f 98/129/96 84/89/79 99/130/97
f 36/31/31 99/130/97 38/32/32
f 36/31/31 100/131/98 98/129/96
f 98/129/96 85/91/81 83/90/80
f 101/132/99 48/97/84 46/133/40
f 101/132/99 47/39/41 68/65/61
f 101/132/99 15/134/13 96/135/93
f 101/132/99 78/136/73 88/98/85
f 102/137/100 79/105/75 97/138/95
f 102/137/100 12/63/11 66/61/59
f 102/137/100 30/60/58 28/139/25
f 102/137/100 29/106/26 90/104/87
f 92/113/89 100/140/98 103/141/101
f 103/141/101 35/76/30 73/74/69
f 103/141/101 56/73/68 54/142/47
f 103/141/101 55/115/48 92/113/89
f 104/143/102 22/122/91 20/144/18
f 104/143/102 21/69/19 70/67/63
f 104/143/102 38/32/32 99/145/97
f 94/123/92 99/145/97 84/146/79
s 2
f 105/1/1 107/2/103 108/9/104
f 105/1/1 110/8/105 109/7/7
f 105/1/1 111/6/106 112/5/107
f 105/1/1 113/4/108 106/3/109
f 114/10/10 116/11/110 117/147/111
f 114/10/10 119/13/112 115/12/113
f 121/25/114 123/24/115 120/17/116
f 120/17/116 125/23/117 124/22/118
f 120/17/116 126/21/119 127/20/120
f 128/18/121 127/20/120 129/148/122
f 128/18/121 131/16/123 120/17/116
f 132/15/37 131/16/123 133/149/124
f 132/15/37 135/27/125 120/17/116
f 121/25/114 135/27/125 136/60/126
f 137/29/29 139/30/127 140/34/128
f 141/15/34 140/34/128 142/35/66
f 141/15/34 144/33/129 137/29/29
f 137/29/29 145/32/130 138/31/131
f 147/45/132 149/44/133 146/37/134
f 146/37/134 151/43/135 150/42/136
f 146/37/134 152/41/137 153/40/138
f 154/38/139 153/40/138 155/150/140
f 154/38/139 157/36/141 146/37/134
f 158/15/142 157/36/141 159/151/143
f 158/15/142 161/47/144 146/37/134
f 147/45/132 161/47/144 162/73/145
f 163/49/146 126/21/119 124/22/118
f 163/49/146 125/23/117 165/53/147
f 165/53/147 108/51/104 163/49/146
f 164/50/148 108/51/104 107/52/103
f 166/54/149 152/41/137 150/42/136
f 166/54/149 151/43/135 168/58/150
f 168/58/150 112/56/107 166/54/149
f 167/55/151 112/56/107 111/57/106
f 169/59/152 136/60/126 135/27/125
f 170/61/153 117/62/111 116/63/110
f 171/66/154 156/39/155 172/65/156
f 172/65/156 118/64/157 171/66/154
f 174/67/158 144/33/129 173/68/159
f 173/68/159 143/48/36 175/71/160
f 175/71/160 131/70/123 173/68/159
f 173/68/159 130/69/161 174/67/158
f 176/72/162 162/73/145 161/47/144
f 178/78/163 161/47/144 160/48/164
f 176/72/162 142/77/66 140/75/128
f 177/74/165 140/75/128 139/76/127
f 180/80/166 109/79/7 179/81/72
f 181/84/167 109/79/7 110/85/105
f 179/81/72 182/30/168 183/83/74
f 179/81/72 184/82/169 180/80/166
f 186/87/170 106/86/109 185/88/78
f 187/92/171 106/86/109 113/93/108
f 185/88/78 188/91/79 189/90/80
f 185/88/78 190/89/172 186/87/170
f 153/95/138 167/94/151 191/96/173
f 191/96/173 111/100/106 180/99/166
f 180/99/166 192/98/174 191/96/173
f 191/96/173 155/97/140 153/95/138
f 193/101/175 110/102/105 165/108/147
f 123/107/115 165/108/147 125/109/117
f 193/101/175 122/106/176 194/104/177
f 181/103/167 194/104/177 182/105/168
f 195/110/178 113/111/108 168/117/150
f 149/116/133 168/117/150 151/118/135
f 195/110/178 148/115/179 196/113/180
f 187/112/171 196/113/180 188/114/79
f 127/120/120 164/119/148 197/121/181
f 197/121/181 107/125/103 186/124/170
f 186/124/170 198/123/182 197/121/181
f 197/121/181 129/122/122 127/120/120
f 200/126/183 183/83/74 199/127/184
f 201/128/185 183/83/74 182/30/168
f 201/128/185 115/12/113 199/127/184
f 200/126/183 115/12/113 119/13/112
f 202/129/186 190/89/172 189/90/80
f 202/129/186 188/91/79 204/131/187
f 204/131/187 138/31/131 202/129/186
f 203/130/188 138/31/131 145/32/130
f 205/132/189 155/97/140 192/98/174
f 205/132/189 184/136/169 200/135/183
f 205/132/189 119/134/112 172/65/156
f 205/132/189 156/39/155 154/133/139
f 206/137/190 182/105/168 194/104/177
f 206/137/190 122/106/176 121/139/114
f 206/137/190 136/60/126 170/61/153
f 206/137/190 116/63/110 201/138/185
f 204/140/187 196/113/180 207/141/191
f 207/141/191 148/115/179 147/142/132
f 207/141/191 162/73/145 177/74/165
f 207/141/191 139/76/127 204/140/187
f 208/143/192 129/122/122 198/123/182
f 203/145/188 198/123/182 190/146/172
f 208/143/192 145/32/130 174/67/158
f 208/143/192 130/69/161 128/144/121
s 1
f 1/1/1 2/9/9 3/2/2
f 1/1/1 4/3/3 6/4/4
f 1/1/1 5/5/5 7/6/6
f 1/1/1 8/7/7 9/8/8
f 10/10/10 11/147/60 12/11/11
f 10/10/10 13/12/12 15/13/13
f 17/15/15 18/149/2599 19/16/16
f 20/18/18 16/17/17 19/16/16
f 20/18/18 22/148/91 23/20/20
f 16/17/17 23/20/20 25/21/21
f 16/17/17 24/22/22 26/23/23
f 28/25/25 16/17/17 27/24/24
f 28/25/25 30/60/58 31/27/27
f 17/15/15 16/17/17 31/27/27
f 33/29/29 34/34/35 35/30/30
f 33/29/29 36/31/31 38/32/32
f 37/33/33 39/48/66 40/15/34
f 34/34/35 33/29/29 40/15/34
f 43/15/37 44/151/2600 45/36/38
f 46/38/40 42/37/39 45/36/38
f 46/38/40 48/150/84 49/40/42
f 42/37/39 49/40/42 51/41/43
f 42/37/39 50/42/44 52/43/45
f 54/45/47 42/37/39 53/44/46
f 54/45/47 56/73/68 57/47/49
f 43/15/37 42/37/39 57/47/49
f 59/49/51 24/22/22 25/21/21
f 2/51/9 59/49/51 60/50/52
f 2/51/9 9/153/8 61/53/53
f 59/49/51 61/53/53 26/23/23
f 62/54/54 50/42/44 51/41/43
f 5/56/5 62/54/54 63/55/55
f 5/56/5 6/154/4 64/58/56
f 62/54/54 64/58/56 52/43/45
f 65/59/57 31/27/27 30/60/58
f 11/62/60 65/59/57 66/61/59
f 14/64/14 15/134/13 68/65/61
f 67/66/62 68/65/61 47/39/41
f 37/33/33 38/32/32 70/67/63
f 69/68/64 70/67/63 21/69/19
f 19/70/16 18/155/2599 71/71/65
f 69/68/64 71/71/65 39/48/66
f 72/72/67 57/47/49 56/73/68
f 34/75/35 72/72/67 73/74/69
f 72/72/67 34/75/35 41/77/36
f 57/47/49 72/72/67 74/78/70
f 8/79/7 7/156/6 76/80/71
f 75/81/72 76/80/71 78/82/73
f 75/81/72 77/83/74 79/30/75
f 8/79/7 75/81/72 80/84/76
f 4/86/3 3/157/2 82/87/77
f 81/88/78 82/87/77 84/89/79
f 81/88/78 83/90/80 85/91/81
f 4/86/3 81/88/78 86/92/82
f 63/94/55 51/158/43 49/95/42
f 87/96/83 49/95/42 48/97/84
f 88/98/85 78/136/73 76/99/71
f 87/96/83 76/99/71 7/100/6
f 89/101/86 61/108/53 9/102/8
f 90/104/87 89/101/86 80/103/76
f 89/101/86 90/104/87 29/106/26
f 61/108/53 89/101/86 27/107/24
f 91/110/88 64/117/56 6/111/4
f 92/113/89 91/110/88 86/112/82
f 91/110/88 92/113/89 55/115/48
f 64/117/56 91/110/88 53/116/46
f 60/119/52 25/159/21 23/120/20
f 93/121/90 23/120/20 22/122/91
f 94/123/92 84/146/79 82/124/77
f 93/121/90 82/124/77 3/125/2
f 77/83/74 78/82/73 96/126/93
f 13/12/12 95/127/94 96/126/93
f 13/12/12 12/11/11 97/128/95
f 77/83/74 95/127/94 97/128/95
f 98/129/96 83/90/80 84/89/79
f 36/31/31 98/129/96 99/130/97
f 36/31/31 35/30/30 100/131/98
f 98/129/96 100/131/98 85/91/81
f 101/132/99 88/98/85 48/97/84
f 101/132/99 46/133/40 47/39/41
f 101/132/99 68/65/61 15/134/13
f 101/132/99 96/135/93 78/136/73
f 102/137/100 90/104/87 79/105/75
f 102/137/100 97/138/95 12/63/11
f 102/137/100 66/61/59 30/60/58
f 102/137/100 28/139/25 29/106/26
f 92/113/89 85/114/81 100/140/98
f 103/141/101 100/140/98 35/76/30
f 103/141/101 73/74/69 56/73/68
f 103/141/101 54/142/47 55/115/48
f 104/143/102 94/123/92 22/122/91
f 104/143/102 20/144/18 21/69/19
f 104/143/102 70/67/63 38/32/32
f 94/123/92 104/143/102 99/145/97
s 2
f 105/1/1 106/3/109 107/2/103
f 105/1/1 108/9/104 110/8/105
f 105/1/1 109/7/7 111/6/106
f 105/1/1 112/5/107 113/4/108
f 114/10/10 115/12/113 116/11/110
f 114/10/10 118/14/157 119/13/112
f 121/25/114 122/26/176 123/24/115
f 120/17/116 123/24/115 125/23/117
f 120/17/116 124/22/118 126/21/119
f 128/18/121 120/17/116 127/20/120
f 128/18/121 130/19/161 131/16/123
f 132/15/37 120/17/116 131/16/123
f 132/15/37 134/28/2601 135/27/125
f 121/25/114 120/17/116 135/27/125
f 137/29/29 138/31/131 139/30/127
f 141/15/34 137/29/29 140/34/128
f 141/15/34 143/48/36 144/33/129
f 137/29/29 144/33/129 145/32/130
f 147/45/132 148/46/179 149/44/133
f 146/37/134 149/44/133 151/43/135
f 146/37/134 150/42/136 152/41/137
f 154/38/139 146/37/134 153/40/138
f 154/38/139 156/39/155 157/36/141
f 158/15/142 146/37/134 157/36/141
f 158/15/142 160/48/164 161/47/144
f 147/45/132 146/37/134 161/47/144
f 163/49/146 164/50/148 126/21/119
f 163/49/146 124/22/118 125/23/117
f 165/53/147 110/153/105 108/51/104
f 164/50/148 163/49/146 108/51/104
f 166/54/149 167/55/151 152/41/137
f 166/54/149 150/42/136 151/43/135
f 168/58/150 113/154/108 112/56/107
f 167/55/151 166/54/149 112/56/107
f 169/59/152 170/61/153 136/60/126
f 170/61/153 169/59/152 117/62/111
f 171/66/154 157/36/141 156/39/155
f 172/65/156 119/134/112 118/64/157
f 174/67/158 145/32/130 144/33/129
f 173/68/159 144/33/129 143/48/36
f 175/71/160 133/155/124 131/70/123
f 173/68/159 131/70/123 130/69/161
f 176/72/162 177/74/165 162/73/145
f 178/78/163 176/72/162 161/47/144
f 176/72/162 178/78/163 142/77/66
f 177/74/165 176/72/162 140/75/128
f 180/80/166 111/156/106 109/79/7
f 181/84/167 179/81/72 109/79/7
f 179/81/72 181/84/167 182/30/168
f 179/81/72 183/83/74 184/82/169
f 186/87/170 107/157/103 106/86/109
f 187/92/171 185/88/78 106/86/109
f 185/88/78 187/92/171 188/91/79
f 185/88/78 189/90/80 190/89/172
f 153/95/138 152/158/137 167/94/151
f 191/96/173 167/94/151 111/100/106
f 180/99/166 184/136/169 192/98/174
f 191/96/173 192/98/174 155/97/140
f 193/101/175 181/103/167 110/102/105
f 123/107/115 193/101/175 165/108/147
f 193/101/175 123/107/115 122/106/176
f 181/103/167 193/101/175 194/104/177
f 195/110/178 187/112/171 113/111/108
f 149/116/133 195/110/178 168/117/150
f 195/110/178 149/116/133 148/115/179
f 187/112/171 195/110/178 196/113/180
f 127/120/120 126/159/119 164/119/148
f 197/121/181 164/119/148 107/125/103
f 186/124/170 190/146/172 198/123/182
f 197/121/181 198/123/182 129/122/122
f 200/126/183 184/82/169 183/83/74
f 201/128/185 199/127/184 183/83/74
f 201/128/185 116/11/110 115/12/113
f 200/126/183 199/127/184 115/12/113
f 202/129/186 203/130/188 190/89/172
f 202/129/186 189/90/80 188/91/79
f 204/131/187 139/30/127 138/31/131
f 203/130/188 202/129/186 138/31/131
f 205/132/189 154/133/139 155/97/140
f 205/132/189 192/98/174 184/136/169
f 205/132/189 200/135/183 119/134/112
f 205/132/189 172/65/156 156/39/155
f 206/137/190 201/138/185 182/105/168
f 206/137/190 194/104/177 122/106/176
f 206/137/190 121/139/114 136/60/126
f 206/137/190 170/61/153 116/63/110
f 204/140/187 188/114/79 196/113/180
f 207/141/191 196/113/180 148/115/179
f 207/141/191 147/142/132 162/73/145
f 207/141/191 177/74/165 139/76/127
f 208/143/192 128/144/121 129/122/122
f 203/145/188 208/143/192 198/123/182
f 208/143/192 203/145/188 145/32/130
f 208/143/192 174/67/158 130/69/161
s 3
g Cofre_carpaint
usemtl carpaint
f 209/152/193 211/152/194 212/152/195
f 213/152/196 212/152/195 214/152/197
f 215/152/198 210/152/199 209/152/193
f 217/152/200 209/152/193 213/152/196
f 218/152/201 220/152/202 221/152/203
f 222/152/204 219/152/205 218/152/201
f 219/152/205 214/152/197 220/152/202
f 223/152/206 213/152/196 219/152/205
f 224/152/207 226/152/208 227/152/209
f 228/152/210 227/152/209 229/152/211
f 223/152/206 225/152/212 224/152/207
f 217/152/200 224/152/207 228/152/210
f 230/152/213 232/152/214 233/152/215
f 216/152/216 231/152/217 230/152/213
f 231/152/217 229/152/211 232/152/214
f 215/152/198 228/152/210 231/152/217
f 234/152/218 236/152/219 237/152/220
f 238/152/221 237/152/220 239/152/222
f 240/152/223 235/152/224 234/152/218
f 242/152/225 234/152/218 238/152/221
f 243/152/226 245/152/227 246/152/228
f 247/152/229 244/152/230 243/152/226
f 244/152/230 239/152/222 245/152/227
f 248/152/231 238/152/221 244/152/230
f 249/152/232 251/152/233 252/152/234
f 253/152/235 252/152/234 254/152/236
f 248/152/231 250/152/237 249/152/232
f 248/152/231 253/152/235 242/152/225
f 255/152/238 257/152/239 258/152/240
f 260/152/241 255/152/238 259/152/242
f 256/152/243 254/152/236 257/152/239
f 242/152/225 256/152/243 260/152/241
f 262/152/244 264/152/245 261/152/246
f 261/152/246 241/152/247 240/152/223
f 259/152/242 261/152/246 260/152/241
f 260/152/241 240/152/223 242/152/225
f 265/152/248 267/152/249 268/152/250
f 269/152/251 268/152/250 270/152/252
f 271/152/253 266/152/254 265/152/248
f 273/152/255 265/152/248 269/152/251
f 275/152/256 277/152/257 274/152/258
f 279/152/259 274/152/258 278/152/260
f 275/152/256 270/152/252 276/152/261
f 273/152/255 275/152/256 279/152/259
f 281/152/262 283/152/263 280/152/264
f 280/152/264 285/152/265 284/152/266
f 278/152/260 280/152/264 279/152/259
f 279/152/259 284/152/266 273/152/255
f 287/152/267 289/152/268 286/152/269
f 271/152/253 286/152/269 272/152/270
f 284/152/266 288/152/271 287/152/267
f 273/152/255 287/152/267 271/152/253
f 290/152/272 292/152/273 293/152/274
f 294/152/275 293/152/274 295/152/276
f 296/152/277 291/152/278 290/152/272
f 298/152/279 290/152/272 294/152/275
f 299/152/280 301/152/281 302/152/282
f 303/152/283 300/152/284 299/152/280
f 300/152/284 295/152/276 301/152/281
f 304/152/285 294/152/275 300/152/284
f 305/152/286 307/152/287 308/152/288
f 309/152/289 308/152/288 310/152/290
f 304/152/285 306/152/291 305/152/286
f 298/152/279 305/152/286 309/152/289
f 311/152/292 313/152/293 314/152/294
f 297/152/295 312/152/296 311/152/292
f 312/152/296 310/152/290 313/152/293
f 296/152/277 309/152/289 312/152/296
f 315/152/297 317/152/298 318/152/299
f 319/152/300 318/152/299 320/152/301
f 321/152/302 316/152/303 315/152/297
f 323/152/304 315/152/297 319/152/300
f 324/152/305 326/152/306 327/152/307
f 328/152/308 325/152/309 324/152/305
f 325/152/309 320/152/301 326/152/306
f 329/152/310 319/152/300 325/152/309
f 330/152/311 332/152/312 333/152/313
f 334/152/314 333/152/313 335/152/315
f 329/152/310 331/152/316 330/152/311
f 323/152/304 330/152/311 334/152/314
f 337/152/317 339/152/318 336/152/319
f 321/152/302 336/152/319 322/152/320
f 334/152/314 338/152/321 337/152/317
f 321/152/302 334/152/314 337/152/317
f 341/152/322 210/152/199 340/152/323
f 340/152/323 216/152/216 342/152/324
f 344/152/325 340/152/323 343/152/326
f 345/152/327 340/152/323 342/152/324
f 347/152/328 233/152/215 346/152/329
f 348/152/330 347/152/328 346/152/329
f 342/152/324 230/152/213 347/152/328
f 349/152/331 342/152/324 347/152/328
f 350/152/332 352/152/333 353/152/334
f 354/152/335 353/152/334 355/152/336
f 349/152/331 351/152/337 350/152/332
f 345/152/327 350/152/332 354/152/335
f 356/152/338 358/152/339 359/152/340
f 344/152/325 357/152/341 356/152/338
f 357/152/341 355/152/336 358/152/339
f 343/152/326 354/152/335 357/152/341
f 360/152/342 362/152/343 363/152/344
f 364/152/345 363/152/344 365/152/346
f 366/152/347 361/152/348 360/152/342
f 368/152/349 360/152/342 364/152/345
f 369/152/350 371/152/351 372/152/352
f 373/152/353 370/152/354 369/152/350
f 370/152/354 365/152/346 371/152/351
f 374/152/355 364/152/345 370/152/354
f 375/152/356 377/152/357 378/152/358
f 379/152/359 378/152/358 380/152/360
f 374/152/355 376/152/361 375/152/356
f 368/152/349 375/152/356 379/152/359
f 381/152/362 383/152/363 384/152/364
f 367/152/365 382/152/366 381/152/362
f 382/152/366 380/152/360 383/152/363
f 366/152/347 379/152/359 382/152/366
f 385/152/367 387/152/368 388/152/369
f 389/152/370 388/152/369 390/152/371
f 391/152/372 386/152/373 385/152/367
f 393/152/374 385/152/367 389/152/370
f 394/152/375 396/152/376 397/152/377
f 398/152/378 395/152/379 394/152/375
f 395/152/379 390/152/371 396/152/376
f 399/152/380 389/152/370 395/152/379
f 400/152/381 402/152/382 403/152/383
f 404/152/384 403/152/383 405/152/385
f 399/152/380 401/152/386 400/152/381
f 393/152/374 400/152/381 404/152/384
f 406/152/387 408/152/388 409/152/389
f 392/152/390 407/152/391 406/152/387
f 407/152/391 405/152/385 408/152/388
f 391/152/372 404/152/384 407/152/391
f 410/152/392 412/152/393 413/152/394
f 414/152/395 413/152/394 415/152/396
f 416/152/397 411/152/398 410/152/392
f 418/152/399 410/152/392 414/152/395
f 419/152/400 421/152/401 422/152/402
f 423/152/403 420/152/404 419/152/400
f 420/152/404 415/152/396 421/152/401
f 424/152/405 414/152/395 420/152/404
f 425/152/406 427/152/407 428/152/408
f 429/152/409 428/152/408 430/152/410
f 424/152/405 426/152/411 425/152/406
f 418/152/399 425/152/406 429/152/409
f 431/152/412 433/152/413 434/152/414
f 417/152/415 432/152/416 431/152/412
f 432/152/416 430/152/410 433/152/413
f 416/152/397 429/152/409 432/152/416
f 435/152/417 362/152/343 437/152/418
f 438/152/419 437/152/418 439/152/420
f 440/152/421 436/152/422 435/152/417
f 442/152/423 435/152/417 438/152/419
f 443/152/424 445/152/425 446/152/426
f 447/152/427 444/152/428 443/152/424
f 444/152/428 439/152/420 445/152/425
f 448/152/429 438/152/419 444/152/428
f 449/152/430 302/152/282 301/152/281
f 451/152/431 301/152/281 295/152/276
f 448/152/429 450/152/432 449/152/430
f 442/152/423 449/152/430 451/152/431
f 452/152/433 293/152/274 292/152/273
f 441/152/434 453/152/435 452/152/433
f 453/152/435 295/152/276 293/152/274
f 440/152/421 451/152/431 453/152/435
f 454/152/436 402/152/382 456/152/437
f 457/152/438 456/152/437 458/152/439
f 459/152/440 455/152/441 454/152/436
f 461/152/442 454/152/436 457/152/438
f 462/152/443 464/152/444 465/152/445
f 466/152/446 463/152/447 462/152/443
f 463/152/447 458/152/439 464/152/444
f 467/152/448 457/152/438 463/152/447
f 468/152/449 422/152/402 421/152/401
f 470/152/450 421/152/401 415/152/396
f 467/152/448 469/152/451 468/152/449
f 461/152/442 468/152/449 470/152/450
f 471/152/452 413/152/394 412/152/393
f 460/152/453 472/152/454 471/152/452
f 472/152/454 415/152/396 413/152/394
f 459/152/440 470/152/450 472/152/454
f 473/152/455 359/152/340 358/152/339
f 475/152/456 358/152/339 355/152/336
f 476/152/457 474/152/458 473/152/455
f 478/152/459 473/152/455 475/152/456
f 479/152/460 353/152/334 352/152/333
f 481/152/461 480/152/462 479/152/460
f 480/152/462 355/152/336 353/152/334
f 482/152/463 475/152/456 480/152/462
f 483/152/464 485/152/465 486/152/466
f 487/152/467 486/152/466 488/152/468
f 482/152/463 484/152/469 483/152/464
f 478/152/459 483/152/464 487/152/467
f 489/152/470 491/152/471 434/152/414
f 477/152/472 490/152/473 489/152/470
f 490/152/473 488/152/468 491/152/471
f 476/152/457 487/152/467 490/152/473
f 492/152/474 494/152/475 495/152/476
f 496/152/477 495/152/476 497/152/478
f 498/152/479 493/152/480 492/152/474
f 500/152/481 492/152/474 496/152/477
f 502/152/482 504/152/483 501/152/484
f 506/152/485 501/152/484 505/152/486
f 502/152/482 497/152/478 503/152/487
f 506/152/485 496/152/477 502/152/482
f 508/152/488 225/152/212 507/152/489
f 507/152/489 222/152/204 509/152/490
f 505/152/486 507/152/489 506/152/485
f 506/152/485 509/152/490 500/152/481
f 511/152/491 221/152/203 510/152/492
f 513/152/493 510/152/492 512/152/494
f 509/152/490 218/152/201 511/152/491
f 500/152/481 511/152/491 513/152/493
f 515/152/495 517/152/496 514/152/497
f 514/152/497 499/152/498 498/152/479
f 512/152/494 514/152/497 513/152/493
f 513/152/493 498/152/479 500/152/481
f 518/152/499 314/152/294 313/152/293
f 520/152/500 313/152/293 310/152/290
f 521/152/501 519/152/502 518/152/499
f 523/152/503 518/152/499 520/152/500
f 524/152/504 308/152/288 307/152/287
f 526/152/505 525/152/506 524/152/504
f 525/152/506 310/152/290 308/152/288
f 527/152/507 520/152/500 525/152/506
f 528/152/508 530/152/509 531/152/510
f 532/152/511 531/152/510 533/152/512
f 527/152/507 529/152/513 528/152/508
f 523/152/503 528/152/508 532/152/511
f 534/152/514 536/152/515 537/152/515
f 522/152/516 535/152/517 534/152/514
f 535/152/517 533/152/512 536/152/515
f 521/152/501 532/152/511 535/152/517
f 538/152/518 282/152/519 281/152/262
f 540/152/520 281/152/262 278/152/260
f 541/152/521 539/152/522 538/152/518
f 543/152/523 538/152/518 540/152/520
f 544/152/524 274/152/258 277/152/257
f 546/152/523 545/152/525 544/152/524
f 545/152/525 278/152/260 274/152/258
f 547/152/523 540/152/520 545/152/525
f 548/152/526 550/152/527 551/152/528
f 552/152/529 551/152/528 553/152/515
f 547/152/523 549/152/530 548/152/526
f 543/152/523 548/152/526 552/152/529
f 554/152/531 556/152/532 537/152/515
f 542/152/533 555/152/534 554/152/531
f 555/152/534 553/152/515 556/152/532
f 541/152/521 552/152/529 555/152/534
f 557/152/535 559/152/536 560/152/537
f 561/152/538 560/152/537 562/152/539
f 563/152/540 558/152/541 557/152/535
f 565/152/542 557/152/535 561/152/538
f 566/152/543 562/152/539 567/152/544
f 568/152/545 561/152/538 566/152/543
f 571/152/546 570/152/547 572/152/548
f 565/152/542 569/152/549 571/152/546
f 573/152/550 575/152/551 465/152/445
f 564/152/552 574/152/553 573/152/550
f 574/152/553 572/152/548 575/152/551
f 563/152/540 571/152/546 574/152/553
f 576/152/554 246/152/228 245/152/227
f 578/152/555 245/152/227 239/152/222
f 579/152/556 577/152/557 576/152/554
f 581/152/558 576/152/554 578/152/555
f 582/152/559 237/152/220 236/152/219
f 584/152/560 583/152/561 582/152/559
f 583/152/561 239/152/222 237/152/220
f 585/152/562 578/152/555 583/152/561
f 585/152/562 587/152/563 586/152/564
f 581/152/558 586/152/564 588/152/565
f 580/152/566 590/152/567 589/152/568
f 579/152/556 588/152/565 590/152/567
f 592/152/569 594/152/570 591/152/571
f 591/152/571 596/152/572 595/152/573
f 598/152/574 591/152/571 597/152/575
f 597/152/575 595/152/573 599/152/576
f 595/152/573 601/152/577 600/152/578
f 599/152/576 600/152/578 602/152/579
f 603/152/580 606/152/581 605/152/582
f 602/152/579 605/152/582 599/152/576
f 608/152/583 289/152/268 607/152/584
f 597/152/575 607/152/584 598/152/574
f 605/152/582 609/152/585 608/152/583
f 599/152/576 608/152/583 597/152/575
f 611/152/586 338/152/321 610/152/587
f 610/152/587 335/152/315 612/152/588
f 614/152/589 610/152/587 613/152/590
f 613/152/590 612/152/588 615/152/591
f 616/152/592 333/152/313 332/152/312
f 618/152/593 617/152/594 616/152/592
f 617/152/594 335/152/315 333/152/313
f 619/152/595 612/152/588 617/152/594
f 619/152/595 621/152/596 620/152/597
f 615/152/591 620/152/597 622/152/598
f 613/152/590 623/152/599 614/152/589
f 615/152/591 624/152/600 613/152/590
f 625/152/601 427/152/407 627/152/602
f 628/152/603 627/152/602 629/152/604
f 630/152/605 626/152/606 625/152/601
f 632/152/607 625/152/601 628/152/603
f 633/152/608 629/152/604 634/152/609
f 635/152/610 628/152/603 633/152/608
f 638/152/611 637/152/612 639/152/613
f 632/152/607 636/152/614 638/152/611
f 640/152/615 642/152/616 643/152/617
f 631/152/618 641/152/619 640/152/615
f 641/152/619 639/152/613 642/152/616
f 630/152/605 638/152/611 641/152/619
f 644/152/620 422/152/402 645/152/621
f 646/152/622 645/152/621 647/152/623
f 648/152/624 419/152/400 644/152/620
f 649/152/625 644/152/620 646/152/622
f 650/152/626 647/152/623 651/152/627
f 652/152/628 646/152/622 650/152/626
f 654/152/629 634/152/609 629/152/604
f 649/152/625 653/152/630 654/152/629
f 426/152/411 627/152/602 427/152/407
f 423/152/403 655/152/631 426/152/411
f 655/152/631 629/152/604 627/152/602
f 648/152/624 654/152/629 655/152/631
f 656/152/632 465/152/445 575/152/551
f 657/152/633 575/152/551 572/152/548
f 658/152/634 462/152/443 656/152/632
f 659/152/635 656/152/632 657/152/633
f 660/152/636 572/152/548 570/152/547
f 661/152/637 657/152/633 660/152/636
f 663/152/638 651/152/627 647/152/623
f 659/152/635 662/152/639 663/152/638
f 469/152/451 645/152/621 422/152/402
f 466/152/446 664/152/640 469/152/451
f 664/152/640 647/152/623 645/152/621
f 658/152/634 663/152/638 664/152/640
f 665/152/641 643/152/617 642/152/616
f 667/152/642 642/152/616 639/152/613
f 668/152/643 666/152/644 665/152/641
f 668/152/643 667/152/642 670/152/645
f 671/152/646 639/152/613 637/152/612
f 670/152/645 671/152/646 672/152/647
f 673/152/648 676/152/649 675/152/650
f 672/152/647 675/152/650 670/152/645
f 678/152/651 680/152/652 677/152/653
f 668/152/643 677/152/653 669/152/654
f 675/152/650 679/152/655 678/152/651
f 670/152/645 678/152/651 668/152/643
f 681/152/656 684/152/657 683/152/658
f 685/152/659 683/152/658 686/152/660
f 688/152/661 516/152/662 687/152/663
f 691/152/664 687/152/663 690/152/665
f 683/152/658 689/152/666 688/152/661
f 686/152/660 688/152/661 691/152/664
f 692/152/667 694/152/668 695/152/669
f 696/152/670 695/152/669 697/152/671
f 690/152/665 692/152/667 691/152/664
f 686/152/660 692/152/667 696/152/670
f 698/152/672 697/152/671 699/152/673
f 685/152/659 696/152/670 698/152/672
f 701/152/674 679/152/655 700/152/675
f 700/152/675 676/152/649 702/152/676
f 703/152/677 701/152/674 700/152/675
f 705/152/678 700/152/675 702/152/676
f 702/152/676 674/152/679 706/152/680
f 705/152/678 706/152/680 707/152/681
f 710/152/682 709/152/683 711/152/684
f 705/152/678 708/152/685 710/152/682
f 712/152/686 714/152/687 715/152/688
f 704/152/689 713/152/690 712/152/686
f 713/152/690 711/152/684 714/152/687
f 703/152/677 710/152/682 713/152/690
f 716/152/691 715/152/688 714/152/687
f 718/152/692 714/152/687 711/152/684
f 719/152/693 717/152/694 716/152/691
f 721/152/695 716/152/691 718/152/692
f 722/152/696 711/152/684 709/152/683
f 723/152/697 718/152/692 722/152/696
f 724/152/698 727/152/699 726/152/700
f 721/152/695 724/152/698 726/152/700
f 729/152/701 731/152/702 728/152/703
f 720/152/704 729/152/701 728/152/703
f 726/152/700 730/152/705 729/152/701
f 719/152/693 726/152/700 729/152/701
f 732/152/706 734/152/707 735/152/708
f 736/152/709 735/152/708 737/152/710
f 738/152/711 733/152/712 732/152/706
f 740/152/713 732/152/706 736/152/709
f 741/152/714 737/152/710 742/152/715
f 743/152/716 736/152/709 741/152/714
f 746/152/717 745/152/718 747/152/719
f 740/152/713 744/152/720 746/152/717
f 748/152/721 750/152/722 751/152/723
f 739/152/724 749/152/725 748/152/721
f 749/152/725 747/152/719 750/152/722
f 738/152/711 746/152/717 749/152/725
f 754/152/726 725/152/727 752/152/728
f 754/152/726 753/152/729 755/152/730
f 757/152/731 699/152/673 697/152/671
f 755/152/730 756/152/732 757/152/731
f 695/152/669 759/152/733 758/152/734
f 758/152/734 761/152/735 760/152/736
f 697/152/671 758/152/734 757/152/731
f 757/152/731 760/152/736 755/152/730
f 762/152/737 731/152/702 730/152/705
f 727/152/699 762/152/737 730/152/705
f 760/152/736 763/152/738 762/152/737
f 755/152/730 762/152/737 754/152/726
f 767/152/739 765/152/740 764/152/741
f 769/152/742 764/152/741 766/152/743
f 771/152/744 742/152/715 737/152/710
f 771/152/744 766/152/743 770/152/745
f 772/152/746 734/152/707 773/152/747
f 774/152/748 773/152/747 775/152/749
f 737/152/710 772/152/746 771/152/744
f 769/152/742 772/152/746 774/152/748
f 776/152/750 778/152/751 779/152/752
f 768/152/753 777/152/754 776/152/750
f 777/152/754 775/152/749 778/152/751
f 767/152/739 774/152/748 777/152/754
f 780/152/755 221/152/203 220/152/202
f 782/152/756 220/152/202 214/152/197
f 783/152/757 781/152/758 780/152/755
f 785/152/759 780/152/755 782/152/756
f 786/152/760 212/152/195 211/152/194
f 788/152/761 787/152/762 786/152/760
f 787/152/762 214/152/197 212/152/195
f 789/152/763 782/152/756 787/152/762
f 790/152/764 680/152/652 701/152/674
f 790/152/764 704/152/689 792/152/765
f 789/152/763 791/152/766 790/152/764
f 785/152/759 790/152/764 792/152/765
f 794/152/767 715/152/688 793/152/768
f 783/152/757 793/152/768 784/152/769
f 792/152/765 712/152/686 794/152/767
f 783/152/757 792/152/765 794/152/767
f 795/152/770 779/152/752 778/152/751
f 797/152/771 778/152/751 775/152/749
f 798/152/772 796/152/773 795/152/770
f 800/152/774 795/152/770 797/152/771
f 733/152/712 773/152/747 734/152/707
f 739/152/724 801/152/775 733/152/712
f 801/152/775 775/152/749 773/152/747
f 802/152/776 797/152/771 801/152/775
f 803/152/777 751/152/723 804/152/778
f 805/152/779 804/152/778 806/152/780
f 802/152/776 748/152/721 803/152/777
f 800/152/774 803/152/777 805/152/779
f 250/152/237 808/152/781 251/152/233
f 247/152/229 807/152/782 250/152/237
f 807/152/782 806/152/780 808/152/781
f 809/152/783 805/152/779 807/152/782
f 810/152/784 246/152/228 811/152/785
f 810/152/784 799/152/786 798/152/772
f 809/152/783 243/152/226 810/152/784
f 809/152/783 798/152/772 800/152/774
f 812/152/787 211/152/194 341/152/322
f 813/152/788 341/152/322 344/152/325
f 814/152/789 786/152/760 812/152/787
f 815/152/790 812/152/787 813/152/788
f 817/152/791 359/152/340 816/152/792
f 819/152/793 816/152/792 818/152/794
f 813/152/788 356/152/338 817/152/791
f 815/152/790 817/152/791 819/152/793
f 821/152/795 666/152/644 820/152/796
f 820/152/796 669/152/654 822/152/797
f 818/152/794 820/152/796 819/152/793
f 819/152/793 822/152/797 815/152/790
f 791/152/766 677/152/653 680/152/652
f 788/152/761 823/152/798 791/152/766
f 823/152/798 669/152/654 677/152/653
f 814/152/789 822/152/797 823/152/798
f 824/152/799 397/152/377 825/152/800
f 826/152/801 825/152/800 827/152/802
f 828/152/803 394/152/375 824/152/799
f 829/152/804 824/152/799 826/152/801
f 558/152/541 831/152/805 559/152/536
f 564/152/552 830/152/806 558/152/541
f 830/152/806 827/152/802 831/152/805
f 832/152/807 826/152/801 830/152/806
f 833/152/808 465/152/445 464/152/444
f 834/152/809 464/152/444 458/152/439
f 832/152/807 573/152/550 833/152/808
f 829/152/804 833/152/808 834/152/809
f 401/152/386 456/152/437 402/152/382
f 398/152/378 835/152/810 401/152/386
f 835/152/810 458/152/439 456/152/437
f 828/152/803 834/152/809 835/152/810
f 836/152/811 838/152/812 839/152/813
f 840/152/814 839/152/813 841/152/815
f 842/152/816 837/152/817 836/152/811
f 844/152/818 836/152/811 840/152/814
f 411/152/398 846/152/819 412/152/393
f 417/152/415 845/152/820 411/152/398
f 845/152/820 841/152/815 846/152/819
f 847/152/821 840/152/814 845/152/820
f 848/152/822 434/152/414 491/152/471
f 849/152/823 491/152/471 488/152/468
f 847/152/821 431/152/412 848/152/822
f 844/152/818 848/152/822 849/152/823
f 850/152/824 486/152/466 485/152/465
f 843/152/825 851/152/826 850/152/824
f 851/152/826 488/152/468 486/152/466
f 842/152/816 849/152/823 851/152/826
f 852/152/827 409/152/389 408/152/388
f 854/152/828 408/152/388 405/152/385
f 855/152/829 853/152/830 852/152/827
f 857/152/831 852/152/827 854/152/828
f 455/152/441 403/152/383 402/152/382
f 460/152/453 858/152/832 455/152/441
f 858/152/832 405/152/385 403/152/383
f 859/152/833 854/152/828 858/152/832
f 860/152/834 412/152/393 846/152/819
f 861/152/835 846/152/819 841/152/815
f 859/152/833 471/152/452 860/152/834
f 857/152/831 860/152/834 861/152/835
f 862/152/836 839/152/813 838/152/812
f 856/152/837 863/152/838 862/152/836
f 863/152/838 841/152/815 839/152/813
f 855/152/829 861/152/835 863/152/838
f 864/152/839 643/152/617 821/152/795
f 865/152/840 821/152/795 818/152/794
f 866/152/841 640/152/615 864/152/839
f 867/152/842 864/152/839 865/152/840
f 474/152/458 816/152/792 359/152/340
f 477/152/472 868/152/843 474/152/458
f 868/152/843 818/152/794 816/152/792
f 869/152/844 865/152/840 868/152/843
f 870/152/845 434/152/414 433/152/413
f 871/152/846 433/152/413 430/152/410
f 869/152/844 489/152/470 870/152/845
f 867/152/842 870/152/845 871/152/846
f 626/152/606 428/152/408 427/152/407
f 631/152/618 872/152/847 626/152/606
f 872/152/847 430/152/410 428/152/408
f 866/152/841 871/152/846 872/152/847
f 793/152/768 717/152/694 873/152/848
f 873/152/848 720/152/704 874/152/849
f 784/152/769 873/152/848 875/152/850
f 876/152/851 873/152/848 874/152/849
f 763/152/738 728/152/703 731/152/702
f 761/152/735 877/152/852 763/152/738
f 877/152/852 720/152/704 728/152/703
f 878/152/853 874/152/849 877/152/852
f 879/152/854 694/152/668 693/152/855
f 880/152/856 693/152/855 690/152/665
f 878/152/853 759/152/733 879/152/854
f 876/152/851 879/152/854 880/152/856
f 515/152/495 687/152/663 516/152/662
f 512/152/494 881/152/857 515/152/495
f 881/152/857 690/152/665 687/152/663
f 882/152/858 880/152/856 881/152/857
f 510/152/492 781/152/758 883/152/859
f 883/152/859 784/152/769 875/152/850
f 512/152/494 883/152/859 882/152/858
f 882/152/858 875/152/850 876/152/851
f 884/152/860 779/152/752 796/152/773
f 885/152/861 796/152/773 799/152/786
f 886/152/862 776/152/750 884/152/860
f 887/152/863 884/152/860 885/152/861
f 577/152/557 811/152/785 246/152/228
f 580/152/566 888/152/864 577/152/557
f 885/152/861 811/152/785 888/152/864
f 889/152/865 885/152/861 888/152/864
f 889/152/865 589/152/568 890/152/866
f 887/152/863 890/152/866 891/152/867
f 768/152/753 892/152/868 765/152/740
f 886/152/862 891/152/867 892/152/868
f 893/152/869 516/152/662 689/152/666
f 893/152/869 684/152/657 894/152/870
f 895/152/871 517/152/496 893/152/869
f 896/152/872 893/152/869 894/152/870
f 894/152/870 682/152/873 897/152/874
f 898/152/875 894/152/870 897/152/874
f 901/152/876 900/152/877 902/152/878
f 896/152/872 899/152/879 901/152/876
f 493/152/480 904/152/880 494/152/475
f 499/152/498 903/152/881 493/152/480
f 903/152/881 902/152/878 904/152/880
f 895/152/871 901/152/876 903/152/881
f 905/152/882 494/152/475 906/152/883
f 907/152/884 906/152/883 908/152/885
f 909/152/886 495/152/476 905/152/882
f 910/152/887 905/152/882 907/152/884
f 911/152/888 913/152/889 593/152/890
f 914/152/891 912/152/892 911/152/888
f 912/152/892 908/152/885 913/152/889
f 915/152/893 907/152/884 912/152/892
f 916/152/894 918/152/895 919/152/896
f 920/152/897 919/152/896 921/152/898
f 915/152/893 917/152/899 916/152/894
f 910/152/887 916/152/894 920/152/897
f 503/152/487 923/152/900 504/152/483
f 497/152/478 922/152/901 503/152/487
f 922/152/901 921/152/898 923/152/900
f 909/152/886 920/152/897 922/152/901
f 924/152/902 926/152/903 927/152/904
f 928/152/905 927/152/904 929/152/906
f 930/152/907 925/152/908 924/152/902
f 932/152/909 924/152/902 928/152/905
f 291/152/278 934/152/910 292/152/273
f 297/152/295 933/152/911 291/152/278
f 933/152/911 929/152/906 934/152/910
f 935/152/912 928/152/905 933/152/911
f 936/152/913 314/152/294 937/152/914
f 938/152/915 937/152/914 939/152/916
f 935/152/912 311/152/292 936/152/913
f 932/152/909 936/152/913 938/152/915
f 940/152/917 942/152/918 943/152/919
f 931/152/920 941/152/921 940/152/917
f 941/152/921 939/152/916 942/152/918
f 930/152/907 938/152/915 941/152/921
f 336/152/319 945/152/922 944/152/923
f 944/152/923 947/152/924 946/152/925
f 322/152/320 944/152/923 948/152/926
f 948/152/926 946/152/925 949/152/927
f 950/152/928 236/152/219 235/152/224
f 952/152/929 235/152/224 241/152/247
f 946/152/925 951/152/930 950/152/928
f 949/152/927 950/152/928 952/152/929
f 264/152/245 954/152/931 953/152/932
f 953/152/932 956/152/933 955/152/934
f 241/152/247 953/152/932 952/152/929
f 952/152/929 955/152/934 949/152/927
f 958/152/935 960/152/936 957/152/937
f 962/152/938 957/152/937 961/152/939
f 955/152/934 959/152/940 958/152/935
f 949/152/927 958/152/935 962/152/938
f 964/152/941 316/152/303 963/152/942
f 963/152/942 322/152/320 948/152/926
f 961/152/939 963/152/942 962/152/938
f 962/152/938 948/152/926 949/152/927
f 965/152/943 446/152/426 445/152/425
f 967/152/944 445/152/425 439/152/420
f 968/152/945 966/152/946 965/152/943
f 970/152/947 965/152/943 967/152/944
f 361/152/348 437/152/418 362/152/343
f 367/152/365 971/152/948 361/152/348
f 971/152/948 439/152/420 437/152/418
f 972/152/949 967/152/944 971/152/948
f 973/152/950 384/152/364 974/152/951
f 975/152/952 974/152/951 976/152/953
f 972/152/949 381/152/362 973/152/950
f 970/152/947 973/152/950 975/152/952
f 977/152/954 979/152/955 980/152/956
f 969/152/957 978/152/958 977/152/954
f 978/152/958 976/152/953 979/152/955
f 968/152/945 975/152/952 978/152/958
f 981/152/959 372/152/352 371/152/351
f 983/152/960 371/152/351 365/152/346
f 984/152/961 982/152/962 981/152/959
f 986/152/963 981/152/959 983/152/960
f 436/152/422 363/152/344 362/152/343
f 441/152/434 987/152/964 436/152/422
f 987/152/964 365/152/346 363/152/344
f 988/152/965 983/152/960 987/152/964
f 989/152/966 292/152/273 934/152/910
f 990/152/967 934/152/910 929/152/906
f 988/152/965 452/152/433 989/152/966
f 986/152/963 989/152/966 990/152/967
f 991/152/968 927/152/904 926/152/903
f 985/152/969 992/152/970 991/152/968
f 992/152/970 929/152/906 927/152/904
f 984/152/961 990/152/967 992/152/970
f 993/152/971 943/152/919 942/152/918
f 995/152/972 942/152/918 939/152/916
f 996/152/973 994/152/974 993/152/971
f 998/152/975 993/152/971 995/152/972
f 519/152/502 937/152/914 314/152/294
f 522/152/516 999/152/976 519/152/502
f 999/152/976 939/152/916 937/152/914
f 1000/152/977 995/152/972 999/152/976
f 1001/152/978 537/152/515 556/152/532
f 1002/152/979 556/152/532 553/152/515
f 1000/152/977 534/152/514 1001/152/978
f 998/152/975 1001/152/978 1002/152/979
f 1003/152/980 551/152/528 550/152/527
f 997/152/981 1004/152/982 1003/152/980
f 1004/152/982 553/152/515 551/152/528
f 996/152/973 1002/152/979 1004/152/982
f 1005/152/983 1007/152/984 1008/152/985
f 1009/152/986 1008/152/985 1010/152/987
f 1011/152/988 1006/152/989 1005/152/983
f 1013/152/990 1005/152/983 1009/152/986
f 539/152/522 1015/152/991 282/152/519
f 542/152/533 1014/152/992 539/152/522
f 1014/152/992 1010/152/987 1015/152/991
f 1016/152/993 1009/152/986 1014/152/992
f 1017/152/994 537/152/515 536/152/515
f 1018/152/995 536/152/515 533/152/512
f 1016/152/993 554/152/531 1017/152/994
f 1013/152/990 1017/152/994 1018/152/995
f 1019/152/996 531/152/510 530/152/509
f 1012/152/997 1020/152/998 1019/152/996
f 1020/152/998 533/152/512 531/152/510
f 1011/152/988 1018/152/995 1020/152/998
f 286/152/269 609/152/585 1021/152/999
f 1021/152/999 606/152/581 1022/152/1000
f 272/152/270 1021/152/999 1023/152/1001
f 1023/152/1001 1022/152/1000 1024/152/1002
f 1022/152/1000 604/152/1003 1025/152/1004
f 1024/152/1002 1025/152/1004 1026/152/1005
f 1029/152/1006 1028/152/1007 1030/152/1008
f 1024/152/1002 1027/152/1009 1029/152/1006
f 266/152/254 1032/152/1010 267/152/249
f 272/152/270 1031/152/1011 266/152/254
f 1031/152/1011 1030/152/1008 1032/152/1010
f 1023/152/1001 1029/152/1006 1031/152/1011
f 1033/152/1012 339/152/318 611/152/586
f 1034/152/1013 611/152/586 614/152/589
f 1035/152/1014 945/152/922 1033/152/1012
f 1036/152/1015 1033/152/1012 1034/152/1013
f 1037/152/1016 614/152/589 623/152/599
f 1038/152/1017 1034/152/1013 1037/152/1016
f 1040/152/1018 587/152/563 584/152/560
f 1036/152/1015 1039/152/1019 1040/152/1018
f 951/152/930 582/152/559 236/152/219
f 947/152/924 1041/152/1020 951/152/930
f 1041/152/1020 584/152/560 582/152/559
f 1035/152/1014 1040/152/1018 1041/152/1020
f 825/152/800 1043/152/1021 1042/152/1022
f 1042/152/1022 1045/152/1023 1044/152/1024
f 827/152/802 1042/152/1022 1046/152/1025
f 1046/152/1025 1044/152/1024 1047/152/1026
f 1048/152/1027 251/152/233 808/152/781
f 1050/152/1028 808/152/781 806/152/780
f 1044/152/1024 1049/152/1029 1048/152/1027
f 1047/152/1026 1048/152/1027 1050/152/1028
f 804/152/778 1052/152/1030 1051/152/1031
f 1051/152/1031 1054/152/1032 1053/152/1033
f 806/152/780 1051/152/1031 1050/152/1028
f 1050/152/1028 1053/152/1033 1047/152/1026
f 1055/152/1034 559/152/536 831/152/805
f 1046/152/1025 831/152/805 827/152/802
f 1053/152/1033 1056/152/1035 1055/152/1034
f 1047/152/1026 1055/152/1034 1046/152/1025
f 974/152/951 1058/152/1036 1057/152/1037
f 1057/152/1037 1060/152/1038 1059/152/1039
f 976/152/953 1057/152/1037 1061/152/1040
f 1061/152/1040 1059/152/1039 1062/152/1041
f 1063/152/1042 317/152/298 964/152/941
f 1065/152/1043 964/152/941 961/152/939
f 1059/152/1039 1064/152/1044 1063/152/1042
f 1062/152/1041 1063/152/1042 1065/152/1043
f 957/152/937 1067/152/1045 1066/152/1046
f 1066/152/1046 1069/152/1047 1068/152/1048
f 961/152/939 1066/152/1046 1065/152/1043
f 1065/152/1043 1068/152/1048 1062/152/1041
f 1070/152/1049 980/152/956 979/152/955
f 1061/152/1040 979/152/955 976/152/953
f 1068/152/1048 1071/152/1050 1070/152/1049
f 1062/152/1041 1070/152/1049 1061/152/1040
f 560/152/537 1056/152/1035 1072/152/1051
f 1072/152/1051 1054/152/1032 1073/152/1052
f 562/152/539 1072/152/1051 1074/152/1053
f 1074/152/1053 1073/152/1052 1075/152/1054
f 1076/152/1055 751/152/723 750/152/722
f 1077/152/1056 750/152/722 747/152/719
f 1073/152/1052 1052/152/1030 1076/152/1055
f 1075/152/1054 1076/152/1055 1077/152/1056
f 747/152/719 1078/152/1057 1077/152/1056
f 1077/152/1056 1079/152/1058 1075/152/1054
f 1074/152/1053 567/152/544 562/152/539
f 1075/152/1054 1080/152/1059 1074/152/1053
f 1081/152/1060 258/152/240 257/152/239
f 1083/152/1061 257/152/239 254/152/236
f 1084/152/1062 1082/152/1063 1081/152/1060
f 1086/152/1064 1081/152/1060 1083/152/1061
f 1049/152/1029 252/152/234 251/152/233
f 1045/152/1023 1087/152/1065 1049/152/1029
f 1087/152/1065 254/152/236 252/152/234
f 1088/152/1066 1083/152/1061 1087/152/1065
f 1089/152/1067 397/152/377 396/152/376
f 1090/152/1068 396/152/376 390/152/371
f 1088/152/1066 1043/152/1021 1089/152/1067
f 1086/152/1064 1089/152/1067 1090/152/1068
f 1091/152/1069 388/152/369 387/152/368
f 1085/152/1070 1092/152/1071 1091/152/1069
f 1092/152/1071 390/152/371 388/152/369
f 1084/152/1062 1090/152/1068 1092/152/1071
f 378/152/358 1094/152/1072 1093/152/1073
f 1093/152/1073 1096/152/1074 1095/152/1075
f 380/152/360 1093/152/1073 1097/152/1076
f 1097/152/1076 1095/152/1075 1098/152/1077
f 1099/152/1078 327/152/307 326/152/306
f 1101/152/1079 326/152/306 320/152/301
f 1095/152/1075 1100/152/1080 1099/152/1078
f 1098/152/1077 1099/152/1078 1101/152/1079
f 318/152/299 1064/152/1044 1102/152/1081
f 1102/152/1081 1060/152/1038 1103/152/1082
f 320/152/301 1102/152/1081 1101/152/1079
f 1101/152/1079 1103/152/1082 1098/152/1077
f 1104/152/1083 384/152/364 383/152/363
f 1097/152/1076 383/152/363 380/152/360
f 1103/152/1082 1058/152/1036 1104/152/1083
f 1098/152/1077 1104/152/1083 1097/152/1076
f 1106/152/1084 1108/152/1085 1105/152/1086
f 1105/152/1086 1110/152/1087 1109/152/1088
f 1112/152/1089 1105/152/1086 1111/152/1090
f 1111/152/1090 1109/152/1088 1113/152/1091
f 1115/152/1092 1117/152/1093 1114/152/1094
f 1119/152/1095 1114/152/1094 1118/152/1096
f 1109/152/1088 1116/152/1097 1115/152/1092
f 1113/152/1091 1115/152/1092 1119/152/1095
f 1120/152/1098 504/152/483 923/152/900
f 1122/152/1099 923/152/900 921/152/898
f 1119/152/1095 1121/152/1100 1120/152/1098
f 1113/152/1091 1120/152/1098 1122/152/1099
f 1123/152/1101 919/152/896 918/152/895
f 1111/152/1090 1123/152/1101 1112/152/1089
f 1124/152/1102 921/152/898 919/152/896
f 1113/152/1091 1124/152/1102 1111/152/1090
f 1126/152/1103 1128/152/1104 1125/152/1105
f 1125/152/1105 1130/152/1106 1129/152/1107
f 1132/152/1108 1125/152/1105 1131/152/1109
f 1131/152/1109 1129/152/1107 1133/152/1110
f 1135/152/1111 1137/152/1112 1134/152/1113
f 1139/152/1114 1134/152/1113 1138/152/1115
f 1129/152/1107 1136/152/1116 1135/152/1111
f 1133/152/1110 1135/152/1111 1139/152/1114
f 1141/152/1117 1116/152/1097 1140/152/1118
f 1140/152/1118 1110/152/1087 1142/152/1119
f 1138/152/1115 1140/152/1118 1139/152/1114
f 1139/152/1114 1142/152/1119 1133/152/1110
f 1144/152/1120 1107/152/1121 1143/152/1122
f 1131/152/1109 1143/152/1122 1132/152/1108
f 1142/152/1119 1108/152/1085 1144/152/1120
f 1133/152/1110 1144/152/1120 1131/152/1109
f 1146/152/1123 1148/152/1124 1145/152/1125
f 1145/152/1125 1150/152/1126 1149/152/1127
f 1152/152/1128 1145/152/1125 1151/152/1129
f 1151/152/1129 1149/152/1127 1153/152/1130
f 1155/152/1131 1157/152/1132 1154/152/1133
f 1159/152/1134 1154/152/1133 1158/152/1135
f 1149/152/1127 1156/152/1136 1155/152/1131
f 1153/152/1130 1155/152/1131 1159/152/1134
f 1161/152/1137 1163/152/1138 1160/152/1139
f 1160/152/1139 1165/152/1140 1164/152/1141
f 1158/152/1135 1160/152/1139 1159/152/1134
f 1159/152/1134 1164/152/1141 1153/152/1130
f 1167/152/1142 1169/152/1143 1166/152/1144
f 1151/152/1129 1166/152/1144 1152/152/1128
f 1164/152/1141 1168/152/1145 1167/152/1142
f 1153/152/1130 1167/152/1142 1151/152/1129
f 1170/152/1146 1172/152/1147 1173/152/1148
f 1174/152/1149 1173/152/1148 1175/152/1150
f 1176/152/1151 1171/152/1152 1170/152/1146
f 1178/152/1153 1170/152/1146 1174/152/1149
f 1179/152/1154 1181/152/1155 1182/152/1156
f 1183/152/1157 1180/152/1158 1179/152/1154
f 1180/152/1158 1175/152/1150 1181/152/1155
f 1184/152/1159 1174/152/1149 1180/152/1158
f 1185/152/1160 1157/152/1132 1156/152/1136
f 1187/152/1161 1156/152/1136 1150/152/1126
f 1184/152/1159 1186/152/1162 1185/152/1160
f 1178/152/1153 1185/152/1160 1187/152/1161
f 1188/152/1163 1148/152/1124 1147/152/1164
f 1177/152/1165 1189/152/1166 1188/152/1163
f 1189/152/1166 1150/152/1126 1148/152/1124
f 1176/152/1151 1187/152/1161 1189/152/1166
f 1191/152/1167 1168/152/1145 1190/152/1168
f 1190/152/1168 1165/152/1140 1192/152/1169
f 1194/152/1170 1190/152/1168 1193/152/1171
f 1193/152/1171 1192/152/1169 1195/152/1172
f 1197/152/1173 1162/152/1174 1196/152/1175
f 1199/152/1176 1196/152/1175 1198/152/1177
f 1192/152/1169 1163/152/1138 1197/152/1173
f 1195/152/1172 1197/152/1173 1199/152/1176
f 1201/152/1178 1136/152/1116 1200/152/1179
f 1200/152/1179 1130/152/1106 1202/152/1180
f 1198/152/1177 1200/152/1179 1199/152/1176
f 1199/152/1176 1202/152/1180 1195/152/1172
f 1204/152/1181 1127/152/1182 1203/152/1183
f 1193/152/1171 1203/152/1183 1194/152/1170
f 1202/152/1180 1128/152/1104 1204/152/1181
f 1195/152/1172 1204/152/1181 1193/152/1171
f 1206/152/1184 1208/152/1185 1205/152/1186
f 1205/152/1186 1210/152/1187 1209/152/1188
f 1212/152/1189 1205/152/1186 1211/152/1190
f 1213/152/1191 1205/152/1186 1209/152/1188
f 1214/152/1192 1216/152/1193 1217/152/1194
f 1218/152/1195 1215/152/1196 1214/152/1192
f 1215/152/1196 1210/152/1187 1216/152/1193
f 1219/152/1197 1209/152/1188 1215/152/1196
f 1220/152/1198 1182/152/1156 1181/152/1155
f 1222/152/1199 1181/152/1155 1175/152/1150
f 1219/152/1197 1221/152/1200 1220/152/1198
f 1213/152/1191 1220/152/1198 1222/152/1199
f 1223/152/1201 1173/152/1148 1172/152/1147
f 1212/152/1189 1224/152/1202 1223/152/1201
f 1224/152/1202 1175/152/1150 1173/152/1148
f 1211/152/1190 1222/152/1199 1224/152/1202
f 1225/152/1203 1217/152/1194 1216/152/1193
f 1227/152/1204 1216/152/1193 1210/152/1187
f 1228/152/1205 1226/152/1206 1225/152/1203
f 1230/152/1207 1225/152/1203 1227/152/1204
f 1232/152/1208 1207/152/1209 1231/152/1210
f 1234/152/1211 1231/152/1210 1233/152/1212
f 1227/152/1204 1208/152/1185 1232/152/1208
f 1230/152/1207 1232/152/1208 1234/152/1211
f 1236/152/1213 1238/152/1214 1235/152/1215
f 1235/152/1215 1229/152/1216 1228/152/1205
f 1233/152/1212 1235/152/1215 1234/152/1211
f 1234/152/1211 1228/152/1205 1230/152/1207
f 1239/152/1217 409/152/389 1240/152/1218
f 1241/152/1219 1240/152/1218 1242/152/1220
f 1243/152/1221 406/152/387 1239/152/1217
f 1244/152/1222 1239/152/1217 1241/152/1219
f 1246/152/1223 1182/152/1156 1245/152/1224
f 1249/152/1225 1245/152/1224 1248/152/1226
f 1241/152/1219 1247/152/1227 1246/152/1223
f 1244/152/1222 1246/152/1223 1249/152/1225
f 1251/152/1228 386/152/373 1250/152/1229
f 1250/152/1229 392/152/390 1243/152/1221
f 1248/152/1226 1250/152/1229 1249/152/1225
f 1249/152/1225 1243/152/1221 1244/152/1222
f 1114/152/1094 1253/152/1230 1252/152/1231
f 1252/152/1231 1255/152/1232 1254/152/1233
f 1256/152/1234 1114/152/1094 1252/152/1231
f 1257/152/1235 1252/152/1231 1254/152/1233
f 1258/152/1236 233/152/215 232/152/214
f 1260/152/1237 232/152/214 229/152/211
f 1254/152/1233 1259/152/1238 1258/152/1236
f 1260/152/1237 1254/152/1233 1258/152/1236
f 1261/152/1239 226/152/208 508/152/488
f 1262/152/1240 508/152/488 505/152/486
f 1260/152/1237 227/152/209 1261/152/1239
f 1257/152/1235 1261/152/1239 1262/152/1240
f 1121/152/1100 501/152/484 504/152/483
f 1118/152/1096 1263/152/1241 1121/152/1100
f 1263/152/1241 505/152/486 501/152/484
f 1256/152/1234 1262/152/1240 1263/152/1241
f 1134/152/1113 1265/152/1242 1264/152/1243
f 1266/152/1244 1265/152/1242 1267/152/1245
f 1138/152/1115 1264/152/1243 1268/152/1246
f 1269/152/1247 1264/152/1243 1266/152/1244
f 351/152/337 1271/152/1248 352/152/333
f 348/152/330 1270/152/1249 351/152/337
f 1270/152/1249 1267/152/1245 1271/152/1248
f 1272/152/1250 1266/152/1244 1270/152/1249
f 346/152/329 1259/152/1238 1273/152/1251
f 1273/152/1251 1255/152/1232 1274/152/1252
f 1272/152/1250 346/152/329 1273/152/1251
f 1269/152/1247 1273/152/1251 1274/152/1252
f 1275/152/1253 1117/152/1093 1141/152/1117
f 1268/152/1246 1141/152/1117 1138/152/1115
f 1274/152/1252 1253/152/1230 1275/152/1253
f 1269/152/1247 1275/152/1253 1268/152/1246
f 1276/152/1254 263/152/1255 1277/152/1256
f 1276/152/1254 1279/152/1257 1278/152/1258
f 1280/152/1259 954/152/931 1276/152/1254
f 1280/152/1259 1278/152/1258 1281/152/1260
f 1282/152/1261 1237/152/1262 1236/152/1213
f 1284/152/1263 1236/152/1213 1233/152/1212
f 1278/152/1258 1283/152/1264 1282/152/1261
f 1281/152/1260 1282/152/1261 1284/152/1263
f 1231/152/1210 1286/152/1265 1285/152/1266
f 1285/152/1266 1288/152/1267 1287/152/1268
f 1233/152/1212 1285/152/1266 1284/152/1263
f 1284/152/1263 1287/152/1268 1281/152/1260
f 959/152/940 1290/152/1269 960/152/936
f 956/152/933 1289/152/1270 959/152/940
f 1289/152/1270 1288/152/1267 1290/152/1269
f 1280/152/1259 1287/152/1268 1289/152/1270
f 1291/152/1271 1157/152/1132 1292/152/1272
f 1293/152/1273 1292/152/1272 1294/152/1274
f 1158/152/1135 1291/152/1271 1295/152/1275
f 1296/152/1276 1291/152/1271 1293/152/1273
f 837/152/817 1298/152/1277 838/152/812
f 843/152/825 1297/152/1278 837/152/817
f 1297/152/1278 1294/152/1274 1298/152/1277
f 1299/152/1279 1293/152/1273 1297/152/1278
f 1300/152/1280 485/152/465 1301/152/1281
f 1302/152/1282 1301/152/1281 1303/152/1283
f 1299/152/1279 850/152/824 1300/152/1280
f 1296/152/1276 1300/152/1280 1302/152/1282
f 1304/152/1284 1162/152/1174 1161/152/1137
f 1295/152/1275 1161/152/1137 1158/152/1135
f 1304/152/1284 1303/152/1283 1305/152/1285
f 1295/152/1275 1302/152/1282 1304/152/1284
f 1179/152/1154 1247/152/1227 1306/152/1286
f 1306/152/1286 1242/152/1220 1307/152/1287
f 1183/152/1157 1306/152/1286 1308/152/1288
f 1308/152/1288 1307/152/1287 1309/152/1289
f 853/152/830 1240/152/1218 409/152/389
f 856/152/837 1310/152/1290 853/152/830
f 1310/152/1290 1242/152/1220 1240/152/1218
f 1311/152/1291 1307/152/1287 1310/152/1290
f 1312/152/1292 838/152/812 1298/152/1277
f 1313/152/1293 1298/152/1277 1294/152/1274
f 1311/152/1291 862/152/836 1312/152/1292
f 1309/152/1289 1312/152/1292 1313/152/1293
f 1186/152/1162 1292/152/1272 1157/152/1132
f 1308/152/1288 1186/152/1162 1183/152/1157
f 1314/152/1294 1294/152/1274 1292/152/1272
f 1308/152/1288 1313/152/1293 1314/152/1294
f 1196/152/1175 1305/152/1285 1315/152/1295
f 1316/152/1296 1305/152/1285 1303/152/1283
f 1198/152/1177 1315/152/1295 1317/152/1297
f 1318/152/1298 1315/152/1295 1316/152/1296
f 484/152/469 1301/152/1281 485/152/465
f 481/152/461 1319/152/1299 484/152/469
f 1319/152/1299 1303/152/1283 1301/152/1281
f 1320/152/1300 1316/152/1296 1319/152/1299
f 1321/152/1301 352/152/333 1271/152/1248
f 1322/152/1302 1271/152/1248 1267/152/1245
f 1320/152/1300 479/152/460 1321/152/1301
f 1318/152/1298 1321/152/1301 1322/152/1302
f 1323/152/1303 1137/152/1112 1201/152/1178
f 1317/152/1297 1201/152/1178 1198/152/1177
f 1323/152/1303 1267/152/1245 1265/152/1242
f 1317/152/1297 1322/152/1302 1323/152/1303
f 1324/152/1304 960/152/936 1290/152/1269
f 1325/152/1305 1290/152/1269 1288/152/1267
f 1326/152/1306 1067/152/1045 1324/152/1304
f 1327/152/1307 1324/152/1304 1325/152/1305
f 1328/152/1308 1207/152/1209 1206/152/1184
f 1329/152/1309 1206/152/1184 1212/152/1189
f 1328/152/1308 1288/152/1267 1286/152/1265
f 1329/152/1309 1325/152/1305 1328/152/1308
f 1330/152/1310 1172/152/1147 1331/152/1311
f 1332/152/1312 1331/152/1311 1333/152/1313
f 1329/152/1309 1223/152/1201 1330/152/1310
f 1327/152/1307 1330/152/1310 1332/152/1312
f 1071/152/1050 1335/152/1314 980/152/956
f 1069/152/1047 1334/152/1315 1071/152/1050
f 1334/152/1315 1333/152/1313 1335/152/1314
f 1326/152/1306 1332/152/1312 1334/152/1315
f 1336/152/1316 530/152/509 1337/152/1317
f 1338/152/1318 1337/152/1317 1339/152/1319
f 1340/152/1320 1019/152/996 1336/152/1316
f 1341/152/1321 1336/152/1316 1338/152/1318
f 1342/152/1322 1107/152/1121 1106/152/1084
f 1344/152/1323 1106/152/1084 1112/152/1089
f 1342/152/1322 1339/152/1319 1343/152/1324
f 1344/152/1323 1338/152/1318 1342/152/1322
f 1345/152/1325 918/152/895 1346/152/1326
f 1345/152/1325 1348/152/1327 1347/152/1328
f 1112/152/1089 1345/152/1325 1344/152/1323
f 1344/152/1323 1347/152/1328 1341/152/1321
f 1349/152/1329 1007/152/984 1006/152/989
f 1012/152/997 1349/152/1329 1006/152/989
f 1347/152/1328 1350/152/1330 1349/152/1329
f 1341/152/1321 1349/152/1329 1340/152/1320
f 1351/152/1331 307/152/287 1352/152/1332
f 1353/152/1333 1352/152/1332 1354/152/1334
f 1355/152/1335 524/152/504 1351/152/1331
f 1356/152/1336 1351/152/1331 1353/152/1333
f 1357/152/1337 1127/152/1182 1126/152/1103
f 1359/152/1338 1126/152/1103 1132/152/1108
f 1357/152/1337 1354/152/1334 1358/152/1339
f 1359/152/1338 1353/152/1333 1357/152/1337
f 1143/152/1122 1343/152/1324 1360/152/1340
f 1361/152/1341 1343/152/1324 1339/152/1319
f 1132/152/1108 1360/152/1340 1359/152/1338
f 1356/152/1336 1360/152/1340 1361/152/1341
f 529/152/513 1337/152/1317 530/152/509
f 526/152/505 1362/152/1342 529/152/513
f 1362/152/1342 1339/152/1319 1337/152/1317
f 1355/152/1335 1361/152/1341 1362/152/1342
f 1363/152/1343 446/152/426 1364/152/1344
f 1365/152/1345 1364/152/1344 1366/152/1346
f 1367/152/1347 443/152/424 1363/152/1343
f 1368/152/1348 1363/152/1343 1365/152/1345
f 1146/152/1123 1370/152/1349 1147/152/1164
f 1371/152/1350 1146/152/1123 1152/152/1128
f 1369/152/1351 1366/152/1346 1370/152/1349
f 1371/152/1350 1365/152/1345 1369/152/1351
f 1166/152/1144 1373/152/1352 1372/152/1353
f 1374/152/1354 1373/152/1352 1375/152/1355
f 1152/152/1128 1372/152/1353 1371/152/1350
f 1368/152/1348 1372/152/1353 1374/152/1354
f 450/152/432 1377/152/1356 302/152/282
f 447/152/427 1376/152/1357 450/152/432
f 1376/152/1357 1375/152/1355 1377/152/1356
f 1367/152/1347 1374/152/1354 1376/152/1357
f 1378/152/1358 980/152/956 1335/152/1314
f 1379/152/1359 1335/152/1314 1333/152/1313
f 1380/152/1360 977/152/954 1378/152/1358
f 1381/152/1361 1378/152/1358 1379/152/1359
f 1171/152/1152 1331/152/1311 1172/152/1147
f 1177/152/1165 1382/152/1362 1171/152/1152
f 1382/152/1362 1333/152/1313 1331/152/1311
f 1383/152/1363 1379/152/1359 1382/152/1362
f 1384/152/1364 1147/152/1164 1370/152/1349
f 1385/152/1365 1370/152/1349 1366/152/1346
f 1383/152/1363 1188/152/1163 1384/152/1364
f 1381/152/1361 1384/152/1364 1385/152/1365
f 966/152/946 1364/152/1344 446/152/426
f 969/152/957 1386/152/1366 966/152/946
f 1386/152/1366 1366/152/1346 1364/152/1344
f 1380/152/1360 1385/152/1365 1386/152/1366
f 1387/152/1367 302/152/282 1377/152/1356
f 1388/152/1368 1377/152/1356 1375/152/1355
f 1389/152/1369 299/152/280 1387/152/1367
f 1390/152/1370 1387/152/1367 1388/152/1368
f 1391/152/1371 1169/152/1143 1191/152/1167
f 1392/152/1372 1191/152/1167 1194/152/1170
f 1391/152/1371 1375/152/1355 1373/152/1352
f 1392/152/1372 1388/152/1368 1391/152/1371
f 1203/152/1183 1358/152/1339 1393/152/1373
f 1394/152/1374 1358/152/1339 1354/152/1334
f 1194/152/1170 1393/152/1373 1392/152/1372
f 1390/152/1370 1393/152/1373 1394/152/1374
f 306/152/291 1352/152/1332 307/152/287
f 303/152/283 1395/152/1375 306/152/291
f 1395/152/1375 1354/152/1334 1352/152/1332
f 1389/152/1369 1394/152/1374 1395/152/1375
f 1396/152/1376 1217/152/1194 1397/152/1377
f 1398/152/1378 1397/152/1377 1399/152/1379
f 1400/152/1380 1214/152/1192 1396/152/1376
f 1401/152/1381 1396/152/1376 1398/152/1378
f 1082/152/1063 1403/152/1382 258/152/240
f 1085/152/1070 1402/152/1383 1082/152/1063
f 1402/152/1383 1399/152/1379 1403/152/1382
f 1404/152/1384 1398/152/1378 1402/152/1383
f 1405/152/1385 387/152/368 1251/152/1228
f 1406/152/1386 1251/152/1228 1248/152/1226
f 1404/152/1384 1091/152/1069 1405/152/1385
f 1401/152/1381 1405/152/1385 1406/152/1386
f 1221/152/1200 1245/152/1224 1182/152/1156
f 1218/152/1195 1407/152/1387 1221/152/1200
f 1407/152/1387 1248/152/1226 1245/152/1224
f 1400/152/1380 1406/152/1386 1407/152/1387
f 1408/152/1388 1237/152/1262 1283/152/1264
f 1409/152/1389 1283/152/1264 1279/152/1257
f 1410/152/1390 1238/152/1214 1408/152/1388
f 1411/152/1391 1408/152/1388 1409/152/1389
f 262/152/244 1277/152/1256 263/152/1255
f 1413/152/1392 262/152/244 259/152/242
f 1412/152/1393 1279/152/1257 1277/152/1256
f 1413/152/1392 1409/152/1389 1412/152/1393
f 1414/152/1394 258/152/240 1403/152/1382
f 1415/152/1395 1403/152/1382 1399/152/1379
f 1413/152/1392 255/152/238 1414/152/1394
f 1411/152/1391 1414/152/1394 1415/152/1395
f 1226/152/1206 1397/152/1377 1217/152/1194
f 1229/152/1216 1416/152/1396 1226/152/1206
f 1416/152/1396 1399/152/1379 1397/152/1377
f 1410/152/1390 1415/152/1395 1416/152/1396
f 1417/152/1397 596/152/572 1418/152/1398
f 1419/152/1399 1418/152/1398 1420/152/1400
f 1421/152/1401 593/152/890 913/152/889
f 1422/152/1402 913/152/889 908/152/885
f 1418/152/1398 594/152/570 1421/152/1401
f 1420/152/1400 1421/152/1401 1422/152/1402
f 906/152/883 904/152/880 1423/152/1403
f 1423/152/1403 902/152/878 1424/152/1404
f 908/152/885 1423/152/1403 1422/152/1402
f 1422/152/1402 1424/152/1404 1420/152/1400
f 1424/152/1404 900/152/877 1425/152/1405
f 1420/152/1400 1425/152/1405 1419/152/1399
f 1346/152/1326 917/152/899 1426/152/1406
f 1426/152/1406 914/152/891 1427/152/1407
f 1428/152/1408 1346/152/1326 1426/152/1406
f 1428/152/1408 1427/152/1407 1429/152/1409
f 1430/152/1410 593/152/890 592/152/569
f 1431/152/1411 592/152/569 598/152/574
f 1427/152/1407 911/152/888 1430/152/1410
f 1429/152/1409 1430/152/1410 1431/152/1411
f 607/152/584 288/152/271 1432/152/1412
f 1432/152/1412 285/152/265 1433/152/1413
f 598/152/574 1432/152/1412 1431/152/1411
f 1431/152/1411 1433/152/1413 1429/152/1409
f 1434/152/1414 282/152/519 1015/152/991
f 1435/152/1415 1015/152/991 1010/152/987
f 1433/152/1413 283/152/263 1434/152/1414
f 1429/152/1409 1434/152/1414 1435/152/1415
f 1008/152/985 1350/152/1330 1436/152/1416
f 1436/152/1416 1348/152/1327 1428/152/1408
f 1010/152/987 1436/152/1416 1435/152/1415
f 1435/152/1415 1428/152/1408 1429/152/1409
f 1437/152/1417 1439/152/1418 1440/152/1419
f 1441/152/1420 1440/152/1419 1442/152/1421
f 1443/152/1422 1438/152/1423 1437/152/1417
f 1445/152/1424 1437/152/1417 1441/152/1420
f 1446/152/1425 1448/152/1426 1449/152/1427
f 1450/152/1428 1447/152/1429 1446/152/1425
f 1447/152/1429 1442/152/1421 1448/152/1426
f 1451/152/1430 1441/152/1420 1447/152/1429
f 1452/152/1431 1454/152/1432 1455/152/1433
f 1456/152/1434 1455/152/1433 1457/152/1435
f 1451/152/1430 1453/152/1436 1452/152/1431
f 1445/152/1424 1452/152/1431 1456/152/1434
f 1458/152/1437 1460/152/1438 1461/152/1439
f 1444/152/1440 1459/152/1441 1458/152/1437
f 1459/152/1441 1457/152/1435 1460/152/1438
f 1443/152/1422 1456/152/1434 1459/152/1441
f 1462/152/1442 1464/152/1443 1465/152/1444
f 1466/152/1445 1465/152/1444 1467/152/1446
f 1468/152/1447 1463/152/1448 1462/152/1442
f 1470/152/1449 1462/152/1442 1466/152/1445
f 1471/152/1450 1473/152/1451 1474/152/1452
f 1475/152/1453 1472/152/1454 1471/152/1450
f 1472/152/1454 1467/152/1446 1473/152/1451
f 1476/152/1455 1466/152/1445 1472/152/1454
f 1478/152/1456 1480/152/1457 1477/152/1458
f 1477/152/1458 1482/152/1459 1481/152/1460
f 1476/152/1455 1478/152/1456 1477/152/1458
f 1470/152/1449 1477/152/1458 1481/152/1460
f 1484/152/1461 1486/152/1462 1483/152/1463
f 1488/152/1464 1483/152/1463 1487/152/1465
f 1481/152/1460 1485/152/1466 1484/152/1461
f 1488/152/1464 1481/152/1460 1484/152/1461
f 1490/152/1467 1492/152/1468 1489/152/1469
f 1489/152/1469 1469/152/1470 1468/152/1447
f 1487/152/1465 1489/152/1469 1488/152/1464
f 1488/152/1464 1468/152/1447 1470/152/1449
f 1493/152/1471 267/152/249 1494/152/1472
f 1495/152/1473 1494/152/1472 1496/152/1474
f 1497/152/1475 268/152/250 1493/152/1471
f 1498/152/1476 1493/152/1471 1495/152/1473
f 1500/152/1477 1502/152/1478 1499/152/1479
f 1504/152/1480 1499/152/1479 1503/152/1481
f 1495/152/1473 1501/152/1482 1500/152/1477
f 1498/152/1476 1500/152/1477 1504/152/1480
f 1506/152/1483 1508/152/1484 1505/152/1485
f 1505/152/1485 1510/152/1486 1509/152/1487
f 1503/152/1481 1505/152/1485 1504/152/1480
f 1504/152/1480 1509/152/1487 1498/152/1476
f 1511/152/1488 277/152/257 276/152/261
f 270/152/252 1511/152/1488 276/152/261
f 1509/152/1487 1512/152/1489 1511/152/1488
f 1498/152/1476 1511/152/1488 1497/152/1475
f 1513/152/1490 1515/152/1491 1516/152/1492
f 1517/152/1493 1516/152/1492 1518/152/1494
f 1519/152/1495 1514/152/1496 1513/152/1490
f 1521/152/1497 1513/152/1490 1517/152/1493
f 1522/152/1498 1524/152/1499 1525/152/1500
f 1526/152/1501 1523/152/1502 1522/152/1498
f 1523/152/1502 1518/152/1494 1524/152/1499
f 1527/152/1503 1517/152/1493 1523/152/1502
f 1528/152/1504 1530/152/1505 1531/152/1506
f 1532/152/1507 1531/152/1506 1533/152/1508
f 1527/152/1503 1529/152/1509 1528/152/1504
f 1521/152/1497 1528/152/1504 1532/152/1507
f 1534/152/1510 1536/152/1511 1537/152/1512
f 1520/152/1513 1535/152/1514 1534/152/1510
f 1535/152/1514 1533/152/1508 1536/152/1511
f 1519/152/1495 1532/152/1507 1535/152/1514
f 1538/152/1515 1540/152/1516 1541/152/1517
f 1542/152/1518 1541/152/1517 1543/152/1519
f 1544/152/1520 1539/152/1521 1538/152/1515
f 1546/152/1522 1538/152/1515 1542/152/1518
f 1548/152/1523 1550/152/1524 1547/152/1525
f 1552/152/1526 1547/152/1525 1551/152/1527
f 1542/152/1518 1549/152/1528 1548/152/1523
f 1552/152/1526 1542/152/1518 1548/152/1523
f 1553/152/1529 332/152/312 331/152/316
f 1555/152/1530 331/152/316 328/152/308
f 1552/152/1526 1554/152/1531 1553/152/1529
f 1546/152/1522 1553/152/1529 1555/152/1530
f 1556/152/1532 324/152/305 327/152/307
f 1545/152/1533 1557/152/1534 1556/152/1532
f 1557/152/1534 328/152/308 324/152/305
f 1544/152/1520 1555/152/1530 1557/152/1534
f 1440/152/1419 1559/152/1535 1558/152/1536
f 1558/152/1536 1561/152/1537 1560/152/1538
f 1442/152/1421 1558/152/1536 1562/152/1539
f 1563/152/1540 1558/152/1536 1560/152/1538
f 1564/152/1541 1566/152/1542 1567/152/1543
f 1568/152/1544 1565/152/1545 1564/152/1541
f 1565/152/1545 1561/152/1537 1566/152/1542
f 1569/152/1546 1560/152/1538 1565/152/1545
f 1570/152/1547 1572/152/1548 1573/152/1549
f 1574/152/1550 1573/152/1549 1575/152/1551
f 1569/152/1546 1571/152/1552 1570/152/1547
f 1563/152/1540 1570/152/1547 1574/152/1550
f 1576/152/1553 1449/152/1427 1448/152/1426
f 1562/152/1539 1448/152/1426 1442/152/1421
f 1576/152/1553 1575/152/1551 1577/152/1554
f 1562/152/1539 1574/152/1550 1576/152/1553
f 1578/152/1555 1580/152/1556 1581/152/1557
f 1582/152/1558 1581/152/1557 1583/152/1559
f 1584/152/1560 1579/152/1561 1578/152/1555
f 1586/152/1562 1578/152/1555 1582/152/1558
f 1587/152/1563 1589/152/1564 1590/152/1565
f 1591/152/1566 1588/152/1567 1587/152/1563
f 1588/152/1567 1583/152/1559 1589/152/1564
f 1592/152/1568 1582/152/1558 1588/152/1567
f 1593/152/1569 377/152/357 376/152/361
f 1595/152/1570 376/152/361 373/152/353
f 1592/152/1568 1594/152/1571 1593/152/1569
f 1586/152/1562 1593/152/1569 1595/152/1570
f 1596/152/1572 369/152/350 372/152/352
f 1585/152/1573 1597/152/1574 1596/152/1572
f 1597/152/1574 373/152/353 369/152/350
f 1584/152/1560 1595/152/1570 1597/152/1574
f 1598/152/1575 1600/152/1576 1601/152/1577
f 1602/152/1578 1601/152/1577 1603/152/1579
f 1604/152/1580 1599/152/1581 1598/152/1575
f 1606/152/1582 1598/152/1575 1602/152/1578
f 1607/152/1583 1609/152/1584 1610/152/1585
f 1611/152/1586 1608/152/1587 1607/152/1583
f 1608/152/1587 1603/152/1579 1609/152/1584
f 1612/152/1588 1602/152/1578 1608/152/1587
f 1613/152/1589 1615/152/1590 1616/152/1591
f 1617/152/1592 1616/152/1591 1618/152/1593
f 1612/152/1588 1614/152/1594 1613/152/1589
f 1606/152/1582 1613/152/1589 1617/152/1592
f 1619/152/1595 1621/152/1596 1622/152/1597
f 1605/152/1598 1620/152/1599 1619/152/1595
f 1620/152/1599 1618/152/1593 1621/152/1596
f 1604/152/1580 1617/152/1592 1620/152/1599
f 1623/152/1600 1625/152/1601 1626/152/1602
f 1627/152/1603 1626/152/1602 1628/152/1604
f 1629/152/1605 1624/152/1606 1623/152/1600
f 1631/152/1607 1623/152/1600 1627/152/1603
f 1632/152/1608 1634/152/1609 1635/152/1610
f 1636/152/1611 1633/152/1612 1632/152/1608
f 1633/152/1612 1628/152/1604 1634/152/1609
f 1637/152/1613 1627/152/1603 1633/152/1612
f 1638/152/1614 1640/152/1615 1641/152/1616
f 1642/152/1617 1641/152/1616 1643/152/1618
f 1637/152/1613 1639/152/1619 1638/152/1614
f 1631/152/1607 1638/152/1614 1642/152/1617
f 1644/152/1620 1646/152/1621 1647/152/1622
f 1630/152/1623 1645/152/1624 1644/152/1620
f 1645/152/1624 1643/152/1618 1646/152/1621
f 1629/152/1605 1642/152/1617 1645/152/1624
f 1648/152/1625 1580/152/1556 1650/152/1626
f 1651/152/1627 1650/152/1626 1652/152/1628
f 1653/152/1629 1649/152/1630 1648/152/1625
f 1655/152/1631 1648/152/1625 1651/152/1627
f 1514/152/1496 1657/152/1632 1515/152/1491
f 1520/152/1513 1656/152/1633 1514/152/1496
f 1656/152/1633 1652/152/1628 1657/152/1632
f 1658/152/1634 1651/152/1627 1656/152/1633
f 1659/152/1635 1537/152/1512 1660/152/1636
f 1661/152/1637 1660/152/1636 1662/152/1638
f 1658/152/1634 1534/152/1510 1659/152/1635
f 1655/152/1631 1659/152/1635 1661/152/1637
f 1663/152/1639 1665/152/1640 1666/152/1641
f 1654/152/1642 1664/152/1643 1663/152/1639
f 1664/152/1643 1662/152/1638 1665/152/1640
f 1653/152/1629 1661/152/1637 1664/152/1643
f 1667/152/1644 1615/152/1590 1669/152/1645
f 1670/152/1646 1669/152/1645 1671/152/1647
f 1672/152/1648 1668/152/1649 1667/152/1644
f 1674/152/1650 1667/152/1644 1670/152/1646
f 1624/152/1606 1676/152/1651 1625/152/1601
f 1630/152/1623 1675/152/1652 1624/152/1606
f 1675/152/1652 1671/152/1647 1676/152/1651
f 1677/152/1653 1670/152/1646 1675/152/1652
f 1678/152/1654 1647/152/1622 1679/152/1655
f 1680/152/1656 1679/152/1655 1681/152/1657
f 1677/152/1653 1644/152/1620 1678/152/1654
f 1674/152/1650 1678/152/1654 1680/152/1656
f 1682/152/1658 1684/152/1659 1685/152/1660
f 1673/152/1661 1683/152/1662 1682/152/1658
f 1683/152/1662 1681/152/1657 1684/152/1659
f 1672/152/1648 1680/152/1656 1683/152/1662
f 1686/152/1663 1567/152/1543 1687/152/1664
f 1688/152/1665 1687/152/1664 1689/152/1666
f 1690/152/1667 1564/152/1541 1686/152/1663
f 1691/152/1668 1686/152/1663 1688/152/1665
f 1692/152/1669 1694/152/1670 1635/152/1610
f 1695/152/1671 1693/152/1672 1692/152/1669
f 1693/152/1672 1689/152/1666 1694/152/1670
f 1696/152/1673 1688/152/1665 1693/152/1672
f 1697/152/1674 1699/152/1675 1700/152/1676
f 1701/152/1677 1700/152/1676 1702/152/1678
f 1696/152/1673 1698/152/1679 1697/152/1674
f 1691/152/1668 1697/152/1674 1701/152/1677
f 1571/152/1552 1704/152/1680 1572/152/1548
f 1568/152/1544 1703/152/1681 1571/152/1552
f 1703/152/1681 1702/152/1678 1704/152/1680
f 1690/152/1667 1701/152/1677 1703/152/1681
f 1705/152/1682 1707/152/1683 1708/152/1684
f 1709/152/1685 1708/152/1684 1710/152/1686
f 1711/152/1687 1706/152/1688 1705/152/1682
f 1713/152/1689 1705/152/1682 1709/152/1685
f 1714/152/1690 1716/152/1691 1717/152/1692
f 1718/152/1693 1715/152/1694 1714/152/1690
f 1715/152/1694 1710/152/1686 1716/152/1691
f 1719/152/1695 1709/152/1685 1715/152/1694
f 1720/152/1696 1461/152/1439 1460/152/1438
f 1722/152/1697 1460/152/1438 1457/152/1435
f 1719/152/1695 1721/152/1698 1720/152/1696
f 1713/152/1689 1720/152/1696 1722/152/1697
f 1723/152/1699 1455/152/1433 1454/152/1432
f 1725/152/1700 1724/152/1701 1723/152/1699
f 1724/152/1701 1457/152/1435 1455/152/1433
f 1726/152/1702 1722/152/1697 1724/152/1701
f 1727/152/1703 1729/152/1704 1730/152/1705
f 1727/152/1703 1712/152/1706 1711/152/1687
f 1726/152/1702 1728/152/1707 1727/152/1703
f 1726/152/1702 1711/152/1687 1713/152/1689
f 1731/152/1708 1525/152/1500 1732/152/1709
f 1733/152/1710 1732/152/1709 1734/152/1711
f 1735/152/1712 1522/152/1498 1731/152/1708
f 1736/152/1713 1731/152/1708 1733/152/1710
f 1737/152/1714 1739/152/1715 1740/152/515
f 1741/152/1716 1738/152/1717 1737/152/1714
f 1738/152/1717 1734/152/1711 1739/152/1715
f 1742/152/1718 1733/152/1710 1738/152/1717
f 1743/152/1719 1745/152/1720 1746/152/1721
f 1747/152/1722 1746/152/1721 1748/152/1723
f 1742/152/1718 1744/152/1724 1743/152/1719
f 1736/152/1713 1743/152/1719 1747/152/1722
f 1529/152/1509 1750/152/1725 1530/152/1505
f 1526/152/1501 1749/152/1726 1529/152/1509
f 1749/152/1726 1748/152/1723 1750/152/1725
f 1735/152/1712 1747/152/1722 1749/152/1726
f 1751/152/1727 1507/152/1728 1752/152/1729
f 1753/152/1730 1752/152/1729 1754/152/1731
f 1755/152/1732 1508/152/1484 1751/152/1727
f 1756/152/523 1751/152/1727 1753/152/1730
f 1757/152/1733 1759/152/531 1740/152/515
f 1760/152/1733 1758/152/1734 1757/152/1733
f 1758/152/1734 1754/152/1731 1759/152/531
f 1761/152/1735 1753/152/1730 1758/152/1734
f 1762/152/526 550/152/527 549/152/530
f 1764/152/523 549/152/530 546/152/523
f 1761/152/1735 1763/152/1736 1762/152/526
f 1756/152/523 1762/152/526 1764/152/523
f 1512/152/1489 544/152/524 277/152/257
f 1510/152/1486 1765/152/1737 1512/152/1489
f 1765/152/1737 546/152/523 544/152/524
f 1755/152/1732 1764/152/523 1765/152/1737
f 1766/152/1738 1768/152/1739 1769/152/1740
f 1770/152/1741 1769/152/1740 1771/152/1742
f 1772/152/1743 1767/152/1744 1766/152/1738
f 1774/152/1745 1766/152/1738 1770/152/1741
f 1775/152/1746 1777/152/1747 1685/152/1660
f 1778/152/1748 1776/152/1749 1775/152/1746
f 1776/152/1749 1771/152/1742 1777/152/1747
f 1779/152/1750 1770/152/1741 1776/152/1749
f 1779/152/1750 1781/152/1751 1780/152/1752
f 1774/152/1745 1780/152/1752 1782/152/1753
f 1773/152/1754 1784/152/1755 1783/152/1756
f 1772/152/1743 1782/152/1753 1784/152/1755
f 1785/152/1757 1491/152/1758 1786/152/1759
f 1787/152/1760 1786/152/1759 1788/152/1761
f 1789/152/1762 1492/152/1468 1785/152/1757
f 1790/152/1763 1785/152/1757 1787/152/1760
f 1791/152/1764 1788/152/1761 1792/152/1765
f 1793/152/1766 1787/152/1760 1791/152/1764
f 1796/152/1767 1795/152/1768 1797/152/1769
f 1790/152/1763 1794/152/1770 1796/152/1767
f 1463/152/1448 1799/152/1771 1464/152/1443
f 1469/152/1470 1798/152/1772 1463/152/1448
f 1798/152/1772 1797/152/1769 1799/152/1771
f 1789/152/1762 1796/152/1767 1798/152/1772
f 1801/152/1773 1803/152/1774 1800/152/1775
f 1800/152/1775 1805/152/1776 1804/152/1777
f 1807/152/1778 1800/152/1775 1806/152/1779
f 1806/152/1779 1804/152/1777 1808/152/1780
f 1810/152/1781 1502/152/1478 1809/152/1782
f 1813/152/1783 1809/152/1782 1812/152/1784
f 1804/152/1777 1811/152/1785 1810/152/1781
f 1808/152/1780 1810/152/1781 1813/152/1783
f 1812/152/1784 1814/152/1786 1813/152/1783
f 1813/152/1783 1816/152/1787 1808/152/1780
f 1806/152/1779 1817/152/1788 1807/152/1778
f 1808/152/1780 1818/152/1789 1806/152/1779
f 1547/152/1525 1820/152/1790 1819/152/1791
f 1819/152/1791 1822/152/1792 1821/152/1793
f 1551/152/1527 1819/152/1791 1823/152/1794
f 1823/152/1794 1821/152/1793 1824/152/1795
f 1821/152/1793 1826/152/1796 1825/152/1797
f 1824/152/1795 1825/152/1797 1827/152/1798
f 1829/152/1799 621/152/596 618/152/593
f 1824/152/1795 1828/152/1800 1829/152/1799
f 1554/152/1531 616/152/592 332/152/312
f 1551/152/1527 1830/152/1801 1554/152/1531
f 1830/152/1801 618/152/593 616/152/592
f 1823/152/1794 1829/152/1799 1830/152/1801
f 1831/152/1802 1640/152/1615 1833/152/1803
f 1834/152/1804 1833/152/1803 1835/152/1805
f 1836/152/1806 1832/152/1807 1831/152/1802
f 1838/152/1808 1831/152/1802 1834/152/1804
f 1839/152/1809 1841/152/1810 1842/152/1811
f 1843/152/1812 1840/152/1813 1839/152/1809
f 1840/152/1813 1835/152/1805 1841/152/1810
f 1844/152/1814 1834/152/1804 1840/152/1813
f 1844/152/1814 1846/152/1815 1845/152/1816
f 1838/152/1808 1845/152/1816 1847/152/1817
f 1837/152/1818 1849/152/1819 1848/152/1820
f 1836/152/1806 1847/152/1817 1849/152/1819
f 1850/152/1821 1647/152/1622 1646/152/1621
f 1852/152/1822 1646/152/1621 1643/152/1618
f 1853/152/1823 1851/152/1824 1850/152/1821
f 1855/152/1825 1850/152/1821 1852/152/1822
f 1832/152/1807 1641/152/1616 1640/152/1615
f 1837/152/1818 1856/152/1826 1832/152/1807
f 1856/152/1826 1643/152/1618 1641/152/1616
f 1857/152/1827 1852/152/1822 1856/152/1826
f 1857/152/1827 1848/152/1820 1858/152/1828
f 1855/152/1825 1858/152/1828 1859/152/1829
f 1854/152/1830 1861/152/1831 1860/152/1832
f 1853/152/1823 1859/152/1829 1861/152/1831
f 1862/152/1833 1685/152/1660 1684/152/1659
f 1863/152/1834 1684/152/1659 1681/152/1657
f 1864/152/1835 1775/152/1746 1862/152/1833
f 1865/152/1836 1862/152/1833 1863/152/1834
f 1851/152/1824 1679/152/1655 1647/152/1622
f 1854/152/1830 1866/152/1837 1851/152/1824
f 1866/152/1837 1681/152/1657 1679/152/1655
f 1867/152/1838 1863/152/1834 1866/152/1837
f 1867/152/1838 1860/152/1832 1868/152/1839
f 1865/152/1836 1868/152/1839 1869/152/1840
f 1778/152/1748 1870/152/1841 1781/152/1751
f 1864/152/1835 1869/152/1840 1870/152/1841
f 1871/152/1842 1842/152/1811 1872/152/1843
f 1873/152/1844 1872/152/1843 1874/152/1845
f 1875/152/1846 1839/152/1809 1871/152/1842
f 1875/152/1846 1873/152/1844 1876/152/1847
f 1878/152/1848 1880/152/1849 1877/152/1850
f 1882/152/1851 1877/152/1850 1881/152/1852
f 1873/152/1844 1879/152/1853 1878/152/1848
f 1876/152/1847 1878/152/1848 1882/152/1851
f 1881/152/1852 1883/152/1854 1882/152/1851
f 1882/152/1851 1885/152/1855 1876/152/1847
f 1843/152/1812 1886/152/1856 1846/152/1815
f 1876/152/1847 1886/152/1856 1875/152/1846
f 1891/152/1857 1887/152/1858 1890/152/1859
f 1890/152/1859 1889/152/1860 1892/152/1861
f 1895/152/1862 1894/152/1863 1893/152/1864
f 1896/152/1865 1889/152/1860 1894/152/1863
f 1897/152/1866 1899/152/1867 1900/152/1868
f 1897/152/1866 1902/152/1869 1901/152/1870
f 1896/152/1865 1898/152/1871 1897/152/1866
f 1892/152/1861 1897/152/1866 1901/152/1870
f 1904/152/1872 1717/152/1692 1903/152/1873
f 1890/152/1859 1903/152/1873 1891/152/1857
f 1901/152/1870 1905/152/1874 1904/152/1872
f 1892/152/1861 1904/152/1872 1890/152/1859
f 1877/152/1850 1907/152/1875 1906/152/1876
f 1908/152/1877 1907/152/1875 1909/152/1878
f 1881/152/1852 1906/152/1876 1910/152/1879
f 1911/152/1880 1906/152/1876 1908/152/1877
f 1912/152/1881 1914/152/1882 1915/152/1883
f 1916/152/1884 1913/152/1885 1912/152/1881
f 1913/152/1885 1909/152/1878 1914/152/1882
f 1917/152/1886 1908/152/1877 1913/152/1885
f 1917/152/1886 1919/152/1887 1918/152/1888
f 1911/152/1880 1918/152/1888 1920/152/1889
f 1910/152/1879 1884/152/1890 1881/152/1852
f 1911/152/1880 1921/152/1891 1910/152/1879
f 1922/152/1892 1915/152/1883 1923/152/1893
f 1924/152/1894 1923/152/1893 1925/152/1895
f 1926/152/1896 1912/152/1881 1922/152/1892
f 1927/152/1897 1922/152/1892 1924/152/1894
f 1929/152/1898 1931/152/1899 1928/152/1900
f 1933/152/1901 1928/152/1900 1932/152/1902
f 1929/152/1898 1925/152/1895 1930/152/1903
f 1933/152/1901 1924/152/1894 1929/152/1898
f 1932/152/1902 1934/152/1904 1933/152/1901
f 1927/152/1897 1934/152/1904 1936/152/1905
f 1916/152/1884 1937/152/1906 1919/152/1887
f 1926/152/1896 1936/152/1905 1937/152/1906
f 1938/152/1907 1940/152/1908 1941/152/1909
f 1942/152/1910 1941/152/1909 1943/152/1911
f 1944/152/1912 1939/152/1913 1938/152/1907
f 1946/152/1914 1938/152/1907 1942/152/1910
f 1947/152/1915 1949/152/1916 1950/152/1917
f 1951/152/1918 1948/152/1919 1947/152/1915
f 1948/152/1919 1943/152/1911 1949/152/1916
f 1952/152/1920 1942/152/1910 1948/152/1919
f 1952/152/1920 1954/152/1921 1953/152/1922
f 1946/152/1914 1953/152/1922 1955/152/1923
f 1945/152/1924 1957/152/1925 1956/152/1926
f 1944/152/1912 1955/152/1923 1957/152/1925
f 1959/152/1927 1935/152/1928 1932/152/1902
f 1960/152/1929 1959/152/1927 1961/152/1930
f 1963/152/1931 1931/152/1899 1962/152/1932
f 1965/152/1933 1962/152/1932 1964/152/1934
f 1963/152/1931 1932/152/1902 1928/152/1900
f 1961/152/1930 1963/152/1931 1965/152/1933
f 1967/152/1935 1898/152/1871 1966/152/1936
f 1966/152/1936 1895/152/1862 1968/152/1937
f 1964/152/1934 1966/152/1936 1965/152/1933
f 1965/152/1933 1968/152/1937 1961/152/1930
f 1968/152/1937 1893/152/1864 1969/152/1938
f 1961/152/1930 1969/152/1938 1960/152/1929
f 1972/152/1939 1971/152/1940 1973/152/1941
f 1975/152/1942 1970/152/1943 1972/152/1939
f 1976/152/1944 1978/152/1945 1979/152/1946
f 1980/152/1947 1977/152/1948 1976/152/1944
f 1977/152/1948 1973/152/1941 1978/152/1945
f 1981/152/1949 1972/152/1939 1977/152/1948
f 1982/152/1950 1940/152/1908 1939/152/1913
f 1982/152/1950 1945/152/1924 1984/152/1951
f 1981/152/1949 1983/152/1952 1982/152/1950
f 1975/152/1942 1982/152/1950 1984/152/1951
f 1984/152/1951 1956/152/1926 1985/152/1953
f 1974/152/1954 1984/152/1951 1985/152/1953
f 1986/152/1955 1461/152/1439 1987/152/1956
f 1988/152/1957 1987/152/1956 1989/152/1958
f 1990/152/1959 1458/152/1437 1986/152/1955
f 1991/152/1960 1986/152/1955 1988/152/1957
f 1992/152/1961 1915/152/1883 1914/152/1882
f 1994/152/1962 1914/152/1882 1909/152/1878
f 1988/152/1957 1993/152/1963 1992/152/1961
f 1994/152/1962 1988/152/1957 1992/152/1961
f 1995/152/1964 1880/152/1849 1996/152/1965
f 1997/152/1966 1996/152/1965 1998/152/1967
f 1909/152/1878 1995/152/1964 1994/152/1962
f 1991/152/1960 1995/152/1964 1997/152/1966
f 1438/152/1423 2000/152/1968 1439/152/1418
f 1444/152/1440 1999/152/1969 1438/152/1423
f 1999/152/1969 1998/152/1967 2000/152/1968
f 1990/152/1959 1997/152/1966 1999/152/1969
f 2001/152/1970 1979/152/1946 2002/152/1971
f 2003/152/1972 2002/152/1971 2004/152/1973
f 2005/152/1974 1976/152/1944 2001/152/1970
f 2006/152/1975 2001/152/1970 2003/152/1972
f 2007/152/1976 1491/152/1758 1490/152/1467
f 2009/152/1977 1490/152/1467 1487/152/1465
f 2007/152/1976 2004/152/1973 2008/152/1978
f 2009/152/1977 2003/152/1972 2007/152/1976
f 1483/152/1463 2011/152/1979 2010/152/1980
f 2010/152/1980 2013/152/1981 2012/152/1982
f 1487/152/1465 2010/152/1980 2009/152/1977
f 2009/152/1977 2012/152/1982 2006/152/1975
f 2014/152/1983 1950/152/1917 1949/152/1916
f 2016/152/1984 1949/152/1916 1943/152/1911
f 2012/152/1982 2015/152/1985 2014/152/1983
f 2006/152/1975 2014/152/1983 2016/152/1984
f 1941/152/1909 1983/152/1952 2017/152/1986
f 2017/152/1986 1980/152/1947 2005/152/1974
f 1943/152/1911 2017/152/1986 2016/152/1984
f 2016/152/1984 2005/152/1974 2006/152/1975
f 2018/152/1987 1439/152/1418 2000/152/1968
f 2019/152/1988 2000/152/1968 1998/152/1967
f 2020/152/1989 1559/152/1535 2018/152/1987
f 2021/152/1990 2018/152/1987 2019/152/1988
f 1879/152/1853 1996/152/1965 1880/152/1849
f 1874/152/1845 2022/152/1991 1879/152/1853
f 2022/152/1991 1998/152/1967 1996/152/1965
f 2023/152/1992 2019/152/1988 2022/152/1991
f 1872/152/1843 2025/152/1993 2024/152/1994
f 2024/152/1994 2027/152/1995 2026/152/1996
f 1874/152/1845 2024/152/1994 2023/152/1992
f 2023/152/1992 2026/152/1996 2021/152/1990
f 2028/152/1997 1567/152/1543 1566/152/1542
f 2020/152/1989 1566/152/1542 1561/152/1537
f 2026/152/1996 2029/152/1998 2028/152/1997
f 2021/152/1990 2028/152/1997 2020/152/1989
f 2030/152/1999 1622/152/1597 1621/152/1596
f 2032/152/2000 1621/152/1596 1618/152/1593
f 2033/152/2001 2031/152/2002 2030/152/1999
f 2035/152/2003 2030/152/1999 2032/152/2000
f 1668/152/1649 1616/152/1591 1615/152/1590
f 1673/152/1661 2036/152/2004 1668/152/1649
f 2036/152/2004 1618/152/1593 1616/152/1591
f 2037/152/2005 2032/152/2000 2036/152/2004
f 2038/152/2006 1685/152/1660 1777/152/1747
f 2039/152/2007 1777/152/1747 1771/152/1742
f 2037/152/2005 1682/152/1658 2038/152/2006
f 2035/152/2003 2038/152/2006 2039/152/2007
f 2040/152/2008 1769/152/1740 1768/152/1739
f 2034/152/2009 2041/152/2010 2040/152/2008
f 2041/152/2010 1771/152/1742 1769/152/1740
f 2033/152/2001 2039/152/2007 2041/152/2010
f 2042/152/2011 2044/152/2012 2045/152/2013
f 2046/152/2014 2045/152/2013 2047/152/2015
f 2048/152/2016 2043/152/2017 2042/152/2011
f 2050/152/2018 2042/152/2011 2046/152/2014
f 1698/152/1679 2052/152/2019 1699/152/1675
f 1695/152/1671 2051/152/2020 1698/152/1679
f 2051/152/2020 2047/152/2015 2052/152/2019
f 2053/152/2021 2046/152/2014 2051/152/2020
f 2054/152/2022 1635/152/1610 1634/152/1609
f 2055/152/2023 1634/152/1609 1628/152/1604
f 2053/152/2021 1692/152/1669 2054/152/2022
f 2050/152/2018 2054/152/2022 2055/152/2023
f 2056/152/2024 1626/152/1602 1625/152/1601
f 2049/152/2025 2057/152/2026 2056/152/2024
f 2057/152/2026 1628/152/1604 1626/152/1602
f 2048/152/2016 2055/152/2023 2057/152/2026
f 2058/152/2027 1610/152/1585 2059/152/2028
f 2060/152/2029 2059/152/2028 2061/152/2030
f 2062/152/2031 1607/152/1583 2058/152/2027
f 2063/152/2032 2058/152/2027 2060/152/2029
f 2043/152/2017 2065/152/2033 2044/152/2012
f 2049/152/2025 2064/152/2034 2043/152/2017
f 2064/152/2034 2061/152/2030 2065/152/2033
f 2066/152/2035 2060/152/2029 2064/152/2034
f 2067/152/2036 1625/152/1601 1676/152/1651
f 2068/152/2037 1676/152/1651 1671/152/1647
f 2066/152/2035 2056/152/2024 2067/152/2036
f 2063/152/2032 2067/152/2036 2068/152/2037
f 1614/152/1594 1669/152/1645 1615/152/1590
f 1611/152/1586 2069/152/2038 1614/152/1594
f 2069/152/2038 1671/152/1647 1669/152/1645
f 2062/152/2031 2068/152/2037 2069/152/2038
f 2070/152/2039 1842/152/1811 1841/152/1810
f 2071/152/2040 1841/152/1810 1835/152/1805
f 2072/152/2041 2025/152/1993 2070/152/2039
f 2073/152/2042 2070/152/2039 2071/152/2040
f 1639/152/1619 1833/152/1803 1640/152/1615
f 1636/152/1611 2074/152/2043 1639/152/1619
f 2074/152/2043 1835/152/1805 1833/152/1803
f 2075/152/2044 2071/152/2040 2074/152/2043
f 2076/152/2045 1635/152/1610 1694/152/1670
f 2077/152/2046 1694/152/1670 1689/152/1666
f 2075/152/2044 1632/152/1608 2076/152/2045
f 2073/152/2042 2076/152/2045 2077/152/2046
f 2029/152/1998 1687/152/1664 1567/152/1543
f 2027/152/1995 2078/152/2047 2029/152/1998
f 2078/152/2047 1689/152/1666 1687/152/1664
f 2072/152/2041 2077/152/2046 2078/152/2047
f 1923/152/1893 1993/152/1963 2079/152/2048
f 2079/152/2048 1989/152/1958 2080/152/2049
f 1925/152/1895 2079/152/2048 2081/152/2050
f 2082/152/2051 2079/152/2048 2080/152/2049
f 1721/152/1698 1987/152/1956 1461/152/1439
f 1718/152/1693 2083/152/2052 1721/152/1698
f 2083/152/2052 1989/152/1958 1987/152/1956
f 2084/152/2053 2080/152/2049 2083/152/2052
f 1714/152/1690 1905/152/1874 2085/152/2054
f 2085/152/2054 1902/152/1869 2086/152/2055
f 1718/152/1693 2085/152/2054 2084/152/2053
f 2084/152/2053 2086/152/2055 2082/152/2051
f 2087/152/2056 1899/152/1867 1967/152/1935
f 2088/152/2057 1967/152/1935 1964/152/1934
f 2086/152/2055 1900/152/1868 2087/152/2056
f 2082/152/2051 2087/152/2056 2088/152/2057
f 1962/152/1932 1930/152/1903 2089/152/2058
f 2089/152/2058 1925/152/1895 2081/152/2050
f 1964/152/1934 2089/152/2058 2088/152/2057
f 2088/152/2057 2081/152/2050 2082/152/2051
f 2090/152/2059 1979/152/1946 1978/152/1945
f 2091/152/2060 1978/152/1945 1973/152/1941
f 2092/152/2061 2002/152/1971 2090/152/2059
f 2093/152/2062 2090/152/2059 2091/152/2060
f 2094/152/2063 1973/152/1941 1971/152/1940
f 2095/152/2064 2091/152/2060 2094/152/2063
f 2097/152/2065 1792/152/1765 1788/152/1761
f 2093/152/2062 2096/152/2066 2097/152/2065
f 2008/152/1978 1786/152/1759 1491/152/1758
f 2092/152/2061 2008/152/1978 2004/152/1973
f 2098/152/2067 1788/152/1761 1786/152/1759
f 2092/152/2061 2097/152/2065 2098/152/2067
f 2099/152/2068 1717/152/1692 1716/152/1691
f 2100/152/2069 1716/152/1691 1710/152/1686
f 1891/152/1857 2099/152/2068 2101/152/2070
f 2102/152/2071 2099/152/2068 2100/152/2069
f 2103/152/2072 1708/152/1684 1707/152/1683
f 2105/152/2073 2104/152/2074 2103/152/2072
f 2104/152/2074 1710/152/1686 1708/152/1684
f 2106/152/2075 2100/152/2069 2104/152/2074
f 2106/152/2075 2108/152/2076 2107/152/2077
f 2102/152/2071 2107/152/2077 2109/152/2078
f 2101/152/2070 1888/152/2079 1891/152/1857
f 2101/152/2070 2109/152/2078 2110/152/2080
f 2111/152/2081 1707/152/1683 1706/152/1688
f 2113/152/2082 1706/152/1688 1712/152/1706
f 2114/152/2083 2112/152/2084 2111/152/2081
f 2116/152/2085 2111/152/2081 2113/152/2082
f 2117/152/2086 1730/152/1705 1729/152/1704
f 2119/152/2087 2118/152/2088 2117/152/2086
f 2118/152/2088 1712/152/1706 1730/152/1705
f 2120/152/2089 2113/152/2082 2118/152/2088
f 2121/152/2090 2123/152/2091 2124/152/2092
f 2125/152/2093 2124/152/2092 2126/152/2094
f 2120/152/2089 2122/152/2095 2121/152/2090
f 2116/152/2085 2121/152/2090 2125/152/2093
f 2127/152/2096 2129/152/2097 1802/152/2098
f 2115/152/2099 2128/152/2100 2127/152/2096
f 2128/152/2100 2126/152/2094 2129/152/2097
f 2114/152/2083 2125/152/2093 2128/152/2100
f 2130/152/2101 926/152/903 925/152/908
f 2132/152/2102 925/152/908 931/152/920
f 2133/152/2103 2131/152/2104 2130/152/2101
f 2135/152/2105 2130/152/2101 2132/152/2102
f 2136/152/2106 940/152/917 943/152/919
f 2138/152/2107 2137/152/2108 2136/152/2106
f 2137/152/2108 931/152/920 940/152/917
f 2139/152/2109 2132/152/2102 2137/152/2108
f 2140/152/2110 1525/152/1500 1524/152/1499
f 2142/152/2111 1524/152/1499 1518/152/1494
f 2139/152/2109 2141/152/2112 2140/152/2110
f 2135/152/2105 2140/152/2110 2142/152/2111
f 2143/152/2113 1516/152/1492 1515/152/1491
f 2134/152/2114 2144/152/2115 2143/152/2113
f 2144/152/2115 1518/152/1494 1516/152/1492
f 2133/152/2103 2142/152/2111 2144/152/2115
f 2146/152/2116 1549/152/1528 2145/152/2117
f 2145/152/2117 1543/152/1519 2147/152/2118
f 2149/152/2119 2145/152/2117 2148/152/2120
f 2148/152/2120 2147/152/2118 2150/152/2121
f 2151/152/2122 1541/152/1517 1540/152/1516
f 2153/152/2123 2152/152/2124 2151/152/2122
f 2152/152/2124 1543/152/1519 1541/152/1517
f 2154/152/2125 2147/152/2118 2152/152/2124
f 2155/152/2126 2157/152/2127 2158/152/2128
f 2159/152/2129 2158/152/2128 2160/152/2130
f 2154/152/2125 2156/152/2131 2155/152/2126
f 2150/152/2121 2155/152/2126 2159/152/2129
f 1473/152/1451 2162/152/2132 1474/152/1452
f 1467/152/1446 2161/152/2133 1473/152/1451
f 2161/152/2133 2160/152/2130 2162/152/2132
f 2163/152/2134 2159/152/2129 2161/152/2133
f 2164/152/2135 1464/152/1443 2165/152/2136
f 2148/152/2120 2165/152/2136 2149/152/2119
f 2163/152/2134 1465/152/1444 2164/152/2135
f 2150/152/2121 2164/152/2135 2148/152/2120
f 2166/152/2137 1666/152/1641 2167/152/2138
f 2168/152/2139 2167/152/2138 2169/152/2140
f 2170/152/2141 1663/152/1639 2166/152/2137
f 2171/152/2142 2166/152/2137 2168/152/2139
f 2172/152/2143 2174/152/2144 2175/152/2145
f 2176/152/2146 2173/152/2147 2172/152/2143
f 2173/152/2147 2169/152/2140 2174/152/2144
f 2177/152/2148 2168/152/2139 2173/152/2147
f 2178/152/2149 1590/152/1565 1589/152/1564
f 2180/152/2150 1589/152/1564 1583/152/1559
f 2177/152/2148 2179/152/2151 2178/152/2149
f 2171/152/2142 2178/152/2149 2180/152/2150
f 1649/152/1630 1581/152/1557 1580/152/1556
f 1654/152/1642 2181/152/2152 1649/152/1630
f 2181/152/2152 1583/152/1559 1581/152/1557
f 2170/152/2141 2180/152/2150 2181/152/2152
f 2182/152/2153 372/152/352 982/152/962
f 2183/152/2154 982/152/962 985/152/969
f 2184/152/2155 1596/152/1572 2182/152/2153
f 2185/152/2156 2182/152/2153 2183/152/2154
f 2131/152/2104 991/152/968 926/152/903
f 2134/152/2114 2186/152/2157 2131/152/2104
f 2186/152/2157 985/152/969 991/152/968
f 2187/152/2158 2183/152/2154 2186/152/2157
f 2188/152/2159 1515/152/1491 1657/152/1632
f 2189/152/2160 1657/152/1632 1652/152/1628
f 2187/152/2158 2143/152/2113 2188/152/2159
f 2185/152/2156 2188/152/2159 2189/152/2160
f 1579/152/1561 1650/152/1626 1580/152/1556
f 1585/152/1573 2190/152/2161 1579/152/1561
f 2190/152/2161 1652/152/1628 1650/152/1626
f 2184/152/2155 2189/152/2160 2190/152/2161
f 2191/152/2162 943/152/919 994/152/974
f 2192/152/2163 994/152/974 997/152/981
f 2193/152/2164 2136/152/2106 2191/152/2162
f 2194/152/2165 2191/152/2162 2192/152/2163
f 1763/152/1736 1003/152/980 550/152/527
f 1760/152/1733 2195/152/2166 1763/152/1736
f 2195/152/2166 997/152/981 1003/152/980
f 2196/152/2167 2192/152/2163 2195/152/2166
f 2197/152/2168 1740/152/515 1739/152/1715
f 2198/152/2169 1739/152/1715 1734/152/1711
f 2196/152/2167 1757/152/1733 2197/152/2168
f 2194/152/2165 2197/152/2168 2198/152/2169
f 2141/152/2112 1732/152/1709 1525/152/1500
f 2138/152/2107 2199/152/2170 2141/152/2112
f 2199/152/2170 1734/152/1711 1732/152/1709
f 2193/152/2164 2198/152/2169 2199/152/2170
f 2200/152/2171 2202/152/2172 2203/152/2173
f 2204/152/2174 2203/152/2173 2205/152/2175
f 2206/152/2176 2201/152/2177 2200/152/2171
f 2208/152/2178 2200/152/2171 2204/152/2174
f 1744/152/1724 2210/152/2179 1745/152/1720
f 1741/152/1716 2209/152/2180 1744/152/1724
f 2209/152/2180 2205/152/2175 2210/152/2179
f 2211/152/2181 2204/152/2174 2209/152/2180
f 2212/152/2182 1740/152/515 1759/152/531
f 2213/152/2183 1759/152/531 1754/152/1731
f 2211/152/2181 1737/152/1714 2212/152/2182
f 2208/152/2178 2212/152/2182 2213/152/2183
f 2214/152/2184 1752/152/1729 1507/152/1728
f 2207/152/2185 2215/152/2186 2214/152/2184
f 2215/152/2186 1754/152/1731 1752/152/1729
f 2206/152/2176 2213/152/2183 2215/152/2186
f 1809/152/1782 1501/152/1482 2216/152/2187
f 2216/152/2187 1496/152/1474 2217/152/2188
f 1812/152/1784 2216/152/2187 2218/152/2189
f 2218/152/2189 2217/152/2188 2219/152/2190
f 1032/152/1010 1494/152/1472 267/152/249
f 1030/152/1008 2220/152/2191 1032/152/1010
f 2220/152/2191 1496/152/1474 1494/152/1472
f 2221/152/2192 2217/152/2188 2220/152/2191
f 2221/152/2192 1028/152/1007 2222/152/2193
f 2219/152/2190 2222/152/2193 2223/152/2194
f 2218/152/2189 1815/152/2195 1812/152/1784
f 2219/152/2190 2224/152/2196 2218/152/2189
f 2225/152/2197 1550/152/1524 2146/152/2116
f 2226/152/2198 2146/152/2116 2149/152/2119
f 2227/152/2199 1820/152/1790 2225/152/2197
f 2228/152/2200 2225/152/2197 2226/152/2198
f 1799/152/1771 2165/152/2136 1464/152/1443
f 1797/152/1769 2229/152/2201 1799/152/1771
f 2229/152/2201 2149/152/2119 2165/152/2136
f 2230/152/2202 2226/152/2198 2229/152/2201
f 2230/152/2202 1795/152/1768 2231/152/2203
f 2228/152/2200 2231/152/2203 2232/152/2204
f 1822/152/1792 2233/152/2205 1826/152/1796
f 2227/152/2199 2232/152/2204 2233/152/2205
f 2235/152/2206 2031/152/2002 2234/152/2207
f 2234/152/2207 2034/152/2009 2236/152/2208
f 2238/152/2209 2234/152/2207 2237/152/2210
f 2237/152/2210 2236/152/2208 2239/152/2211
f 2241/152/2212 1768/152/1739 2240/152/2213
f 2243/152/2214 2240/152/2213 2242/152/2215
f 2236/152/2208 2040/152/2008 2241/152/2212
f 2239/152/2211 2241/152/2212 2243/152/2214
f 2245/152/2216 2015/152/1985 2244/152/2217
f 2244/152/2217 2013/152/1981 2246/152/2218
f 2242/152/2215 2244/152/2217 2243/152/2214
f 2243/152/2214 2246/152/2218 2239/152/2211
f 2248/152/2219 1486/152/1462 2247/152/2220
f 2237/152/2210 2247/152/2220 2238/152/2209
f 2246/152/2218 2011/152/1979 2248/152/2219
f 2239/152/2211 2248/152/2219 2237/152/2210
f 2250/152/2221 2179/152/2151 2249/152/2222
f 2249/152/2222 2176/152/2146 2251/152/2223
f 2253/152/2224 2249/152/2222 2252/152/2225
f 2252/152/2225 2251/152/2223 2254/152/2226
f 2256/152/2227 2175/152/2145 2255/152/2228
f 2258/152/2229 2255/152/2228 2257/152/2230
f 2251/152/2223 2172/152/2143 2256/152/2227
f 2254/152/2226 2256/152/2227 2258/152/2229
f 2260/152/2231 2156/152/2131 2259/152/2232
f 2259/152/2232 2153/152/2123 2261/152/2233
f 2257/152/2230 2259/152/2232 2258/152/2229
f 2258/152/2229 2261/152/2233 2254/152/2226
f 2263/152/2234 1540/152/1516 2262/152/2235
f 2252/152/2225 2262/152/2235 2253/152/2224
f 2261/152/2233 2151/152/2122 2263/152/2234
f 2254/152/2226 2263/152/2234 2252/152/2225
f 2240/152/2213 1767/152/1744 2264/152/2236
f 2264/152/2236 1773/152/1754 2265/152/2237
f 2242/152/2215 2264/152/2236 2266/152/2238
f 2266/152/2238 2265/152/2237 2267/152/2239
f 2265/152/2237 1783/152/1756 2268/152/2240
f 2267/152/2239 2268/152/2240 2269/152/2241
f 2270/152/2242 1951/152/1918 2271/152/2243
f 2269/152/2241 2271/152/2243 2267/152/2239
f 2272/152/2244 1950/152/1917 2245/152/2216
f 2266/152/2238 2245/152/2216 2242/152/2215
f 2271/152/2243 1947/152/1915 2272/152/2244
f 2267/152/2239 2272/152/2244 2266/152/2238
f 2273/152/2245 1479/152/2246 2274/152/2247
f 2275/152/2248 2274/152/2247 2276/152/2249
f 2277/152/2250 1480/152/1457 2273/152/2245
f 2278/152/2251 2273/152/2245 2275/152/2248
f 1599/152/1581 2280/152/2252 1600/152/1576
f 1605/152/1598 2279/152/2253 1599/152/1581
f 2279/152/2253 2276/152/2249 2280/152/2252
f 2281/152/2254 2275/152/2248 2279/152/2253
f 2282/152/2255 1622/152/1597 2235/152/2206
f 2283/152/2256 2235/152/2206 2238/152/2209
f 2281/152/2254 1619/152/1595 2282/152/2255
f 2278/152/2251 2282/152/2255 2283/152/2256
f 1485/152/1466 2247/152/2220 1486/152/1462
f 1482/152/1459 2284/152/2257 1485/152/1466
f 2284/152/2257 2238/152/2209 2247/152/2220
f 2277/152/2250 2283/152/2256 2284/152/2257
f 1094/152/1072 1594/152/1571 2285/152/2258
f 2285/152/2258 1591/152/1566 2286/152/2259
f 1096/152/1074 2285/152/2258 2287/152/2260
f 2287/152/2260 2286/152/2259 2288/152/2261
f 2289/152/2262 1590/152/1565 2250/152/2221
f 2290/152/2263 2250/152/2221 2253/152/2224
f 2286/152/2259 1587/152/1563 2289/152/2262
f 2288/152/2261 2289/152/2262 2290/152/2263
f 2262/152/2235 1539/152/1521 2291/152/2264
f 2291/152/2264 1545/152/1533 2292/152/2265
f 2253/152/2224 2291/152/2264 2290/152/2263
f 2290/152/2263 2292/152/2265 2288/152/2261
f 2293/152/2266 327/152/307 1100/152/1080
f 2287/152/2260 1100/152/1080 1096/152/1074
f 2292/152/2265 1556/152/1532 2293/152/2266
f 2288/152/2261 2293/152/2266 2287/152/2260
f 2295/152/2267 2297/152/2268 2294/152/2269
f 2294/152/2269 2299/152/2270 2298/152/2271
f 2301/152/2272 2294/152/2269 2300/152/2273
f 2300/152/2273 2298/152/2271 2302/152/2274
f 2122/152/2095 2304/152/2275 2123/152/2091
f 2119/152/2087 2303/152/2276 2122/152/2095
f 2298/152/2271 2304/152/2275 2303/152/2276
f 2302/152/2274 2303/152/2276 2305/152/2277
f 2306/152/2278 1729/152/1704 2307/152/2279
f 2308/152/2280 2307/152/2279 2309/152/2281
f 2305/152/2277 2117/152/2086 2306/152/2278
f 2302/152/2274 2306/152/2278 2308/152/2280
f 2311/152/2282 2313/152/2283 2310/152/2284
f 2300/152/2273 2310/152/2284 2301/152/2272
f 2308/152/2280 2312/152/2285 2311/152/2282
f 2302/152/2274 2311/152/2282 2300/152/2273
f 2315/152/2286 2317/152/2287 2314/152/2288
f 2314/152/2288 2319/152/2289 2318/152/2290
f 2321/152/2291 2314/152/2288 2320/152/2292
f 2320/152/2292 2318/152/2290 2322/152/2293
f 2323/152/2294 2296/152/2295 2295/152/2267
f 2325/152/2296 2295/152/2267 2301/152/2272
f 2318/152/2290 2324/152/2297 2323/152/2294
f 2322/152/2293 2323/152/2294 2325/152/2296
f 2310/152/2284 2327/152/2298 2326/152/2299
f 2326/152/2299 2329/152/2300 2328/152/2301
f 2301/152/2272 2326/152/2299 2325/152/2296
f 2325/152/2296 2328/152/2301 2322/152/2293
f 2331/152/2302 2333/152/2303 2330/152/2304
f 2320/152/2292 2330/152/2304 2321/152/2291
f 2328/152/2301 2332/152/2305 2331/152/2302
f 2322/152/2293 2331/152/2302 2320/152/2292
f 2335/152/2306 2337/152/2307 2334/152/2308
f 2334/152/2308 2339/152/2309 2338/152/2310
f 2341/152/2311 2334/152/2308 2340/152/2312
f 2340/152/2312 2338/152/2310 2342/152/2313
f 2344/152/2314 2346/152/2315 2343/152/2316
f 2348/152/2317 2343/152/2316 2347/152/2318
f 2338/152/2310 2345/152/2319 2344/152/2314
f 2342/152/2313 2344/152/2314 2348/152/2317
f 2350/152/2320 2352/152/2321 2349/152/2322
f 2349/152/2322 2354/152/2323 2353/152/2324
f 2347/152/2318 2349/152/2322 2348/152/2317
f 2348/152/2317 2353/152/2324 2342/152/2313
f 2356/152/2325 2358/152/2326 2355/152/2327
f 2340/152/2312 2355/152/2327 2341/152/2311
f 2353/152/2324 2357/152/2328 2356/152/2325
f 2342/152/2313 2356/152/2325 2340/152/2312
f 2359/152/2329 2361/152/2330 2362/152/2331
f 2363/152/2332 2362/152/2331 2364/152/2333
f 2365/152/2334 2360/152/2335 2359/152/2329
f 2367/152/2336 2359/152/2329 2363/152/2332
f 2335/152/2306 2369/152/2337 2336/152/2338
f 2341/152/2311 2368/152/2339 2335/152/2306
f 2368/152/2339 2364/152/2333 2369/152/2337
f 2370/152/2340 2363/152/2332 2368/152/2339
f 2371/152/2341 2358/152/2326 2372/152/2342
f 2373/152/2343 2372/152/2342 2374/152/2344
f 2370/152/2340 2355/152/2327 2371/152/2341
f 2367/152/2336 2371/152/2341 2373/152/2343
f 2375/152/2345 2377/152/2346 2378/152/2347
f 2366/152/2348 2376/152/2349 2375/152/2345
f 2376/152/2349 2374/152/2344 2377/152/2346
f 2365/152/2334 2373/152/2343 2376/152/2349
f 2343/152/2316 2380/152/2350 2379/152/2351
f 2379/152/2351 2382/152/2352 2381/152/2353
f 2347/152/2318 2379/152/2351 2383/152/2354
f 2383/152/2354 2381/152/2353 2384/152/2355
f 2385/152/2356 2316/152/2357 2315/152/2286
f 2387/152/2358 2315/152/2286 2321/152/2291
f 2381/152/2353 2386/152/2359 2385/152/2356
f 2384/152/2355 2385/152/2356 2387/152/2358
f 2330/152/2304 2389/152/2360 2388/152/2361
f 2388/152/2361 2391/152/2362 2390/152/2363
f 2321/152/2291 2388/152/2361 2387/152/2358
f 2387/152/2358 2390/152/2363 2384/152/2355
f 2392/152/2364 2351/152/2365 2350/152/2320
f 2383/152/2354 2350/152/2320 2347/152/2318
f 2390/152/2363 2393/152/2366 2392/152/2364
f 2384/152/2355 2392/152/2364 2383/152/2354
f 2395/152/2367 2397/152/2368 2394/152/2369
f 2394/152/2369 2399/152/2370 2398/152/2371
f 2401/152/2372 2394/152/2369 2400/152/2373
f 2402/152/2374 2394/152/2369 2398/152/2371
f 2360/152/2335 2404/152/2375 2361/152/2330
f 2366/152/2348 2403/152/2376 2360/152/2335
f 2403/152/2376 2399/152/2370 2404/152/2375
f 2405/152/2377 2398/152/2371 2403/152/2376
f 2406/152/2378 2378/152/2347 2407/152/2379
f 2408/152/2380 2407/152/2379 2409/152/2381
f 2405/152/2377 2375/152/2345 2406/152/2378
f 2402/152/2374 2406/152/2378 2408/152/2380
f 2410/152/2382 2412/152/2383 2413/152/2384
f 2401/152/2372 2411/152/2385 2410/152/2382
f 2411/152/2385 2409/152/2381 2412/152/2383
f 2400/152/2373 2408/152/2380 2411/152/2385
f 2414/152/2386 2413/152/2384 2415/152/2387
f 2416/152/2388 2415/152/2387 2417/152/2389
f 2418/152/2390 2410/152/2382 2414/152/2386
f 2419/152/2391 2414/152/2386 2416/152/2388
f 2420/152/2392 2422/152/2393 2423/152/2394
f 2424/152/2395 2421/152/2396 2420/152/2392
f 2421/152/2396 2417/152/2389 2422/152/2393
f 2425/152/2397 2416/152/2388 2421/152/2396
f 2426/152/2398 2396/152/2399 2395/152/2367
f 2418/152/2390 2395/152/2367 2401/152/2372
f 2425/152/2397 2427/152/2400 2426/152/2398
f 2419/152/2391 2426/152/2398 2418/152/2390
f 2428/152/2401 1610/152/1585 1609/152/1584
f 2430/152/2402 1609/152/1584 1603/152/1579
f 2431/152/2403 2429/152/2404 2428/152/2401
f 2433/152/2405 2428/152/2401 2430/152/2402
f 2434/152/2406 1601/152/1577 1600/152/1576
f 2436/152/2407 2435/152/2408 2434/152/2406
f 2435/152/2408 1603/152/1579 1601/152/1577
f 2437/152/2409 2430/152/2402 2435/152/2408
f 2438/152/2410 2378/152/2347 2440/152/2411
f 2431/152/2403 2440/152/2411 2432/152/2412
f 2437/152/2409 2439/152/2413 2438/152/2410
f 2433/152/2405 2438/152/2410 2431/152/2403
f 2442/152/2414 2312/152/2285 2441/152/2415
f 2443/152/2416 2312/152/2285 2309/152/2281
f 2445/152/2417 2441/152/2415 2444/152/2418
f 2446/152/2419 2441/152/2415 2443/152/2416
f 1728/152/1707 2307/152/2279 1729/152/1704
f 1725/152/1700 2447/152/2420 1728/152/1707
f 2447/152/2420 2309/152/2281 2307/152/2279
f 2448/152/2421 2443/152/2416 2447/152/2420
f 2449/152/2422 1454/152/1432 1453/152/1436
f 2450/152/2423 1453/152/1436 1450/152/1428
f 2448/152/2421 1723/152/1699 2449/152/2422
f 2446/152/2419 2449/152/2422 2450/152/2423
f 2452/152/2424 1449/152/1427 2451/152/2425
f 2444/152/2418 2451/152/2425 2445/152/2417
f 2450/152/2423 1446/152/1425 2452/152/2424
f 2444/152/2418 2450/152/2423 2452/152/2424
f 2454/152/2426 2332/152/2305 2453/152/2427
f 2453/152/2427 2329/152/2300 2455/152/2428
f 2456/152/2429 2454/152/2426 2453/152/2427
f 2458/152/2430 2453/152/2427 2455/152/2428
f 2459/152/2431 2313/152/2283 2442/152/2414
f 2460/152/2432 2442/152/2414 2445/152/2417
f 2455/152/2428 2327/152/2298 2459/152/2431
f 2458/152/2430 2459/152/2431 2460/152/2432
f 2451/152/2425 1577/152/1554 2461/152/2433
f 2462/152/2434 1577/152/1554 1575/152/1551
f 2445/152/2417 2461/152/2433 2460/152/2432
f 2458/152/2430 2461/152/2433 2462/152/2434
f 2463/152/2435 1573/152/1549 1572/152/1548
f 2457/152/2436 2464/152/2437 2463/152/2435
f 2464/152/2437 1575/152/1551 1573/152/1549
f 2456/152/2429 2462/152/2434 2464/152/2437
f 2465/152/2438 1474/152/1452 2162/152/2132
f 2467/152/2439 2162/152/2132 2160/152/2130
f 2469/152/2440 2465/152/2438 2468/152/2441
f 2468/152/2441 2467/152/2439 2470/152/2442
f 2471/152/2443 2158/152/2128 2157/152/2127
f 2473/152/2444 2472/152/2445 2471/152/2443
f 2472/152/2445 2160/152/2130 2158/152/2128
f 2474/152/2446 2467/152/2439 2472/152/2445
f 2476/152/2447 2427/152/2400 2475/152/2448
f 2475/152/2448 2424/152/2395 2477/152/2449
f 2473/152/2444 2475/152/2448 2474/152/2446
f 2474/152/2446 2477/152/2449 2470/152/2442
f 2479/152/2450 2423/152/2394 2478/152/2451
f 2468/152/2441 2478/152/2451 2469/152/2440
f 2477/152/2449 2420/152/2392 2479/152/2450
f 2470/152/2442 2479/152/2450 2468/152/2441
f 2480/152/2452 2358/152/2326 2357/152/2328
f 2480/152/2452 2354/152/2323 2482/152/2453
f 2483/152/2454 2481/152/2455 2480/152/2452
f 2485/152/2456 2480/152/2452 2482/152/2453
f 2487/152/2457 2351/152/2365 2486/152/2458
f 2488/152/2459 2487/152/2457 2486/152/2458
f 2482/152/2453 2352/152/2321 2487/152/2457
f 2489/152/2460 2482/152/2453 2487/152/2457
f 2490/152/2461 1699/152/1675 2052/152/2019
f 2492/152/2462 2052/152/2019 2047/152/2015
f 2489/152/2460 2491/152/2463 2490/152/2461
f 2485/152/2456 2490/152/2461 2492/152/2462
f 2493/152/2464 2045/152/2013 2044/152/2012
f 2484/152/2465 2494/152/2466 2493/152/2464
f 2494/152/2466 2047/152/2015 2045/152/2013
f 2483/152/2454 2492/152/2462 2494/152/2466
f 2440/152/2411 2377/152/2346 2495/152/2467
f 2495/152/2467 2374/152/2344 2496/152/2468
f 2432/152/2412 2495/152/2467 2497/152/2469
f 2497/152/2469 2496/152/2468 2498/152/2470
f 2481/152/2455 2372/152/2342 2358/152/2326
f 2484/152/2465 2499/152/2471 2481/152/2455
f 2496/152/2468 2372/152/2342 2499/152/2471
f 2500/152/2472 2496/152/2468 2499/152/2471
f 2501/152/2473 2044/152/2012 2065/152/2033
f 2502/152/2474 2065/152/2033 2061/152/2030
f 2500/152/2472 2493/152/2464 2501/152/2473
f 2498/152/2470 2501/152/2473 2502/152/2474
f 2429/152/2404 2059/152/2028 1610/152/1585
f 2432/152/2412 2503/152/2475 2429/152/2404
f 2503/152/2475 2061/152/2030 2059/152/2028
f 2497/152/2469 2502/152/2474 2503/152/2475
f 2486/152/2458 2393/152/2366 2504/152/2476
f 2504/152/2476 2391/152/2362 2505/152/2477
f 2506/152/2478 2486/152/2458 2504/152/2476
f 2507/152/2479 2504/152/2476 2505/152/2477
f 2508/152/2480 2333/152/2303 2454/152/2426
f 2457/152/2436 2508/152/2480 2454/152/2426
f 2505/152/2477 2389/152/2360 2508/152/2480
f 2509/152/2481 2505/152/2477 2508/152/2480
f 2510/152/2482 1572/152/1548 1704/152/1680
f 2511/152/2483 1704/152/1680 1702/152/1678
f 2509/152/2481 2463/152/2435 2510/152/2482
f 2507/152/2479 2510/152/2482 2511/152/2483
f 2491/152/2463 1700/152/1676 1699/152/1675
f 2488/152/2459 2512/152/2484 2491/152/2463
f 2512/152/2484 1702/152/1678 1700/152/1676
f 2506/152/2478 2511/152/2483 2512/152/2484
f 2513/152/2485 2157/152/2127 2260/152/2231
f 2514/152/2486 2260/152/2231 2257/152/2230
f 2515/152/2487 2471/152/2443 2513/152/2485
f 2516/152/2488 2513/152/2485 2514/152/2486
f 2517/152/2489 2255/152/2228 2175/152/2145
f 2519/152/2490 2518/152/2491 2517/152/2489
f 2518/152/2491 2257/152/2230 2255/152/2228
f 2520/152/2492 2514/152/2486 2518/152/2491
f 2521/152/2493 2361/152/2330 2404/152/2375
f 2523/152/2494 2404/152/2375 2399/152/2370
f 2520/152/2492 2522/152/2495 2521/152/2493
f 2516/152/2488 2521/152/2493 2523/152/2494
f 2524/152/2496 2396/152/2399 2476/152/2447
f 2473/152/2444 2524/152/2496 2476/152/2447
f 2523/152/2494 2397/152/2368 2524/152/2496
f 2515/152/2487 2523/152/2494 2524/152/2496
f 2525/152/2497 1745/152/1720 2210/152/2179
f 2527/152/2498 2210/152/2179 2205/152/2175
f 2528/152/2499 2526/152/2500 2525/152/2497
f 2530/152/2501 2525/152/2497 2527/152/2498
f 2532/152/2502 2202/152/2172 2531/152/2503
f 2534/152/2504 2531/152/2503 2533/152/2505
f 2532/152/2502 2205/152/2175 2203/152/2173
f 2530/152/2501 2532/152/2502 2534/152/2504
f 2535/152/2506 2123/152/2091 2304/152/2275
f 2535/152/2506 2299/152/2270 2537/152/2507
f 2533/152/2505 2535/152/2506 2534/152/2504
f 2534/152/2504 2537/152/2507 2530/152/2501
f 2539/152/2508 2296/152/2295 2538/152/2509
f 2529/152/2510 2539/152/2508 2538/152/2509
f 2537/152/2507 2297/152/2268 2539/152/2508
f 2528/152/2499 2537/152/2507 2539/152/2508
f 2540/152/2511 1530/152/1505 1750/152/1725
f 2542/152/2512 1750/152/1725 1748/152/1723
f 2543/152/2513 2541/152/2514 2540/152/2511
f 2545/152/2515 2540/152/2511 2542/152/2512
f 2526/152/2500 1746/152/1721 1745/152/1720
f 2529/152/2510 2546/152/2516 2526/152/2500
f 2546/152/2516 1748/152/1723 1746/152/1721
f 2547/152/2517 2542/152/2512 2546/152/2516
f 2538/152/2509 2324/152/2297 2548/152/2518
f 2548/152/2518 2319/152/2289 2549/152/2519
f 2547/152/2517 2538/152/2509 2548/152/2518
f 2545/152/2515 2548/152/2518 2549/152/2519
f 2551/152/2520 2316/152/2357 2550/152/2521
f 2544/152/2522 2551/152/2520 2550/152/2521
f 2549/152/2519 2317/152/2287 2551/152/2520
f 2543/152/2513 2549/152/2519 2551/152/2520
f 2552/152/2523 1666/152/1641 1665/152/1640
f 2554/152/2524 1665/152/1640 1662/152/1638
f 2555/152/2525 2553/152/2526 2552/152/2523
f 2557/152/2527 2552/152/2523 2554/152/2524
f 2558/152/2528 1660/152/1636 1537/152/1512
f 2560/152/2529 2559/152/2530 2558/152/2528
f 2559/152/2530 1662/152/1638 1660/152/1636
f 2561/152/2531 2554/152/2524 2559/152/2530
f 2563/152/2532 2345/152/2319 2562/152/2533
f 2562/152/2533 2339/152/2309 2564/152/2534
f 2561/152/2531 2563/152/2532 2562/152/2533
f 2557/152/2527 2562/152/2533 2564/152/2534
f 2565/152/2535 2337/152/2307 2336/152/2338
f 2556/152/2536 2566/152/2537 2565/152/2535
f 2564/152/2534 2337/152/2307 2566/152/2537
f 2555/152/2525 2564/152/2534 2566/152/2537
f 2567/152/2538 2175/152/2145 2174/152/2144
f 2568/152/2539 2174/152/2144 2169/152/2140
f 2569/152/2540 2517/152/2489 2567/152/2538
f 2570/152/2541 2567/152/2538 2568/152/2539
f 2553/152/2526 2167/152/2138 1666/152/1641
f 2556/152/2536 2571/152/2542 2553/152/2526
f 2571/152/2542 2169/152/2140 2167/152/2138
f 2572/152/2543 2568/152/2539 2571/152/2542
f 2573/152/2544 2336/152/2338 2369/152/2337
f 2574/152/2545 2369/152/2337 2364/152/2333
f 2572/152/2543 2565/152/2535 2573/152/2544
f 2570/152/2541 2573/152/2544 2574/152/2545
f 2522/152/2495 2362/152/2331 2361/152/2330
f 2519/152/2490 2575/152/2546 2522/152/2495
f 2575/152/2546 2364/152/2333 2362/152/2331
f 2569/152/2540 2574/152/2545 2575/152/2546
f 2576/152/2547 1537/152/1512 1536/152/1511
f 2577/152/2548 1536/152/1511 1533/152/1508
f 2578/152/2549 2558/152/2528 2576/152/2547
f 2579/152/2550 2576/152/2547 2577/152/2548
f 2541/152/2514 1531/152/1506 1530/152/1505
f 2544/152/2522 2580/152/2551 2541/152/2514
f 2580/152/2551 1533/152/1508 1531/152/1506
f 2581/152/2552 2577/152/2548 2580/152/2551
f 2550/152/2521 2386/152/2359 2582/152/2553
f 2582/152/2553 2382/152/2352 2583/152/2554
f 2581/152/2552 2550/152/2521 2582/152/2553
f 2579/152/2550 2582/152/2553 2583/152/2554
f 2584/152/2555 2346/152/2315 2563/152/2532
f 2560/152/2529 2584/152/2555 2563/152/2532
f 2583/152/2554 2380/152/2350 2584/152/2555
f 2578/152/2549 2583/152/2554 2584/152/2555
f 2585/152/2556 2413/152/2384 2412/152/2383
f 2587/152/2557 2412/152/2383 2409/152/2381
f 2588/152/2558 2586/152/2559 2585/152/2556
f 2590/152/2560 2585/152/2556 2587/152/2557
f 2439/152/2413 2407/152/2379 2378/152/2347
f 2436/152/2407 2591/152/2561 2439/152/2413
f 2591/152/2561 2409/152/2381 2407/152/2379
f 2592/152/2562 2587/152/2557 2591/152/2561
f 2593/152/2563 1600/152/1576 2280/152/2252
f 2594/152/2564 2280/152/2252 2276/152/2249
f 2592/152/2562 2434/152/2406 2593/152/2563
f 2590/152/2560 2593/152/2563 2594/152/2564
f 2595/152/2565 2274/152/2247 1479/152/2246
f 2589/152/2566 2596/152/2567 2595/152/2565
f 2596/152/2567 2276/152/2249 2274/152/2247
f 2588/152/2558 2594/152/2564 2596/152/2567
f 2597/152/2568 2423/152/2394 2422/152/2393
f 2598/152/2569 2422/152/2393 2417/152/2389
f 2599/152/2570 2478/152/2451 2597/152/2568
f 2600/152/2571 2597/152/2568 2598/152/2569
f 2586/152/2559 2415/152/2387 2413/152/2384
f 2589/152/2566 2601/152/2572 2586/152/2559
f 2601/152/2572 2417/152/2389 2415/152/2387
f 2602/152/2573 2598/152/2569 2601/152/2572
f 2603/152/2574 1479/152/2246 1478/152/1456
f 2604/152/2575 1478/152/1456 1475/152/1453
f 2602/152/2573 2595/152/2565 2603/152/2574
f 2600/152/2571 2603/152/2574 2604/152/2575
f 2466/152/2576 1471/152/1450 1474/152/1452
f 2469/152/2440 2605/152/2577 2466/152/2576
f 2604/152/2575 1471/152/1450 2605/152/2577
f 2599/152/2570 2604/152/2575 2605/152/2577
f 1807/152/1778 2606/152/2578 2608/152/2579
f 2608/152/2579 2607/152/2580 2609/152/2581
f 2611/152/2582 2108/152/2076 2105/152/2073
f 2609/152/2581 2610/152/2583 2611/152/2582
f 2103/152/2072 2112/152/2084 2612/152/2584
f 2612/152/2584 2115/152/2099 2613/152/2585
f 2105/152/2073 2612/152/2584 2611/152/2582
f 2611/152/2582 2613/152/2585 2609/152/2581
f 2614/152/2586 1802/152/2098 1801/152/1773
f 2608/152/2579 1801/152/1773 1807/152/1778
f 2613/152/2585 2127/152/2096 2614/152/2586
f 2609/152/2581 2614/152/2586 2608/152/2579
f 2124/152/2092 2536/152/2587 2615/152/2588
f 2616/152/2589 2536/152/2587 2533/152/2505
f 2126/152/2094 2615/152/2588 2617/152/2590
f 2617/152/2590 2616/152/2589 2618/152/2591
f 2201/152/2177 2531/152/2503 2202/152/2172
f 2207/152/2185 2619/152/2592 2201/152/2177
f 2619/152/2592 2533/152/2505 2531/152/2503
f 2620/152/2593 2616/152/2589 2619/152/2592
f 2621/152/2594 1507/152/1728 1506/152/1483
f 2622/152/2595 1506/152/1483 1503/152/1481
f 2620/152/2593 2214/152/2184 2621/152/2594
f 2618/152/2591 2621/152/2594 2622/152/2595
f 1811/152/1785 1499/152/1479 1502/152/1478
f 1805/152/1776 2623/152/2596 1811/152/1785
f 2623/152/2596 1503/152/1481 1499/152/1479
f 2624/152/2597 2622/152/2595 2623/152/2596
f 2625/152/2598 1802/152/2098 2129/152/2097
f 2617/152/2590 2129/152/2097 2126/152/2094
f 2624/152/2597 1803/152/1774 2625/152/2598
f 2618/152/2591 2625/152/2598 2617/152/2590
f 209/152/193 210/152/199 211/152/194
f 213/152/196 209/152/193 212/152/195
f 215/152/198 216/152/216 210/152/199
f 217/152/200 215/152/198 209/152/193
f 218/152/201 219/152/205 220/152/202
f 222/152/204 223/152/206 219/152/205
f 219/152/205 213/152/196 214/152/197
f 223/152/206 217/152/200 213/152/196
f 224/152/207 225/152/212 226/152/208
f 228/152/210 224/152/207 227/152/209
f 223/152/206 222/152/204 225/152/212
f 217/152/200 223/152/206 224/152/207
f 230/152/213 231/152/217 232/152/214
f 216/152/216 215/152/198 231/152/217
f 231/152/217 228/152/210 229/152/211
f 215/152/198 217/152/200 228/152/210
f 234/152/218 235/152/224 236/152/219
f 238/152/221 234/152/218 237/152/220
f 240/152/223 241/152/247 235/152/224
f 242/152/225 240/152/223 234/152/218
f 243/152/226 244/152/230 245/152/227
f 247/152/229 248/152/231 244/152/230
f 244/152/230 238/152/221 239/152/222
f 248/152/231 242/152/225 238/152/221
f 249/152/232 250/152/237 251/152/233
f 253/152/235 249/152/232 252/152/234
f 248/152/231 247/152/229 250/152/237
f 248/152/231 249/152/232 253/152/235
f 255/152/238 256/152/243 257/152/239
f 260/152/241 256/152/243 255/152/238
f 256/152/243 253/152/235 254/152/236
f 242/152/225 253/152/235 256/152/243
f 262/152/244 263/152/1255 264/152/245
f 261/152/246 264/152/245 241/152/247
f 259/152/242 262/152/244 261/152/246
f 260/152/241 261/152/246 240/152/223
f 265/152/248 266/152/254 267/152/249
f 269/152/251 265/152/248 268/152/250
f 271/152/253 272/152/270 266/152/254
f 273/152/255 271/152/253 265/152/248
f 275/152/256 276/152/261 277/152/257
f 279/152/259 275/152/256 274/152/258
f 275/152/256 269/152/251 270/152/252
f 273/152/255 269/152/251 275/152/256
f 281/152/262 282/152/519 283/152/263
f 280/152/264 283/152/263 285/152/265
f 278/152/260 281/152/262 280/152/264
f 279/152/259 280/152/264 284/152/266
f 287/152/267 288/152/271 289/152/268
f 271/152/253 287/152/267 286/152/269
f 284/152/266 285/152/265 288/152/271
f 273/152/255 284/152/266 287/152/267
f 290/152/272 291/152/278 292/152/273
f 294/152/275 290/152/272 293/152/274
f 296/152/277 297/152/295 291/152/278
f 298/152/279 296/152/277 290/152/272
f 299/152/280 300/152/284 301/152/281
f 303/152/283 304/152/285 300/152/284
f 300/152/284 294/152/275 295/152/276
f 304/152/285 298/152/279 294/152/275
f 305/152/286 306/152/291 307/152/287
f 309/152/289 305/152/286 308/152/288
f 304/152/285 303/152/283 306/152/291
f 298/152/279 304/152/285 305/152/286
f 311/152/292 312/152/296 313/152/293
f 297/152/295 296/152/277 312/152/296
f 312/152/296 309/152/289 310/152/290
f 296/152/277 298/152/279 309/152/289
f 315/152/297 316/152/303 317/152/298
f 319/152/300 315/152/297 318/152/299
f 321/152/302 322/152/320 316/152/303
f 323/152/304 321/152/302 315/152/297
f 324/152/305 325/152/309 326/152/306
f 328/152/308 329/152/310 325/152/309
f 325/152/309 319/152/300 320/152/301
f 329/152/310 323/152/304 319/152/300
f 330/152/311 331/152/316 332/152/312
f 334/152/314 330/152/311 333/152/313
f 329/152/310 328/152/308 331/152/316
f 323/152/304 329/152/310 330/152/311
f 337/152/317 338/152/321 339/152/318
f 321/152/302 337/152/317 336/152/319
f 334/152/314 335/152/315 338/152/321
f 321/152/302 323/152/304 334/152/314
f 341/152/322 211/152/194 210/152/199
f 340/152/323 210/152/199 216/152/216
f 344/152/325 341/152/322 340/152/323
f 345/152/327 343/152/326 340/152/323
f 347/152/328 230/152/213 233/152/215
f 348/152/330 349/152/331 347/152/328
f 342/152/324 216/152/216 230/152/213
f 349/152/331 345/152/327 342/152/324
f 350/152/332 351/152/337 352/152/333
f 354/152/335 350/152/332 353/152/334
f 349/152/331 348/152/330 351/152/337
f 345/152/327 349/152/331 350/152/332
f 356/152/338 357/152/341 358/152/339
f 344/152/325 343/152/326 357/152/341
f 357/152/341 354/152/335 355/152/336
f 343/152/326 345/152/327 354/152/335
f 360/152/342 361/152/348 362/152/343
f 364/152/345 360/152/342 363/152/344
f 366/152/347 367/152/365 361/152/348
f 368/152/349 366/152/347 360/152/342
f 369/152/350 370/152/354 371/152/351
f 373/152/353 374/152/355 370/152/354
f 370/152/354 364/152/345 365/152/346
f 374/152/355 368/152/349 364/152/345
f 375/152/356 376/152/361 377/152/357
f 379/152/359 375/152/356 378/152/358
f 374/152/355 373/152/353 376/152/361
f 368/152/349 374/152/355 375/152/356
f 381/152/362 382/152/366 383/152/363
f 367/152/365 366/152/347 382/152/366
f 382/152/366 379/152/359 380/152/360
f 366/152/347 368/152/349 379/152/359
f 385/152/367 386/152/373 387/152/368
f 389/152/370 385/152/367 388/152/369
f 391/152/372 392/152/390 386/152/373
f 393/152/374 391/152/372 385/152/367
f 394/152/375 395/152/379 396/152/376
f 398/152/378 399/152/380 395/152/379
f 395/152/379 389/152/370 390/152/371
f 399/152/380 393/152/374 389/152/370
f 400/152/381 401/152/386 402/152/382
f 404/152/384 400/152/381 403/152/383
f 399/152/380 398/152/378 401/152/386
f 393/152/374 399/152/380 400/152/381
f 406/152/387 407/152/391 408/152/388
f 392/152/390 391/152/372 407/152/391
f 407/152/391 404/152/384 405/152/385
f 391/152/372 393/152/374 404/152/384
f 410/152/392 411/152/398 412/152/393
f 414/152/395 410/152/392 413/152/394
f 416/152/397 417/152/415 411/152/398
f 418/152/399 416/152/397 410/152/392
f 419/152/400 420/152/404 421/152/401
f 423/152/403 424/152/405 420/152/404
f 420/152/404 414/152/395 415/152/396
f 424/152/405 418/152/399 414/152/395
f 425/152/406 426/152/411 427/152/407
f 429/152/409 425/152/406 428/152/408
f 424/152/405 423/152/403 426/152/411
f 418/152/399 424/152/405 425/152/406
f 431/152/412 432/152/416 433/152/413
f 417/152/415 416/152/397 432/152/416
f 432/152/416 429/152/409 430/152/410
f 416/152/397 418/152/399 429/152/409
f 435/152/417 436/152/422 362/152/343
f 438/152/419 435/152/417 437/152/418
f 440/152/421 441/152/434 436/152/422
f 442/152/423 440/152/421 435/152/417
f 443/152/424 444/152/428 445/152/425
f 447/152/427 448/152/429 444/152/428
f 444/152/428 438/152/419 439/152/420
f 448/152/429 442/152/423 438/152/419
f 449/152/430 450/152/432 302/152/282
f 451/152/431 449/152/430 301/152/281
f 448/152/429 447/152/427 450/152/432
f 442/152/423 448/152/429 449/152/430
f 452/152/433 453/152/435 293/152/274
f 441/152/434 440/152/421 453/152/435
f 453/152/435 451/152/431 295/152/276
f 440/152/421 442/152/423 451/152/431
f 454/152/436 455/152/441 402/152/382
f 457/152/438 454/152/436 456/152/437
f 459/152/440 460/152/453 455/152/441
f 461/152/442 459/152/440 454/152/436
f 462/152/443 463/152/447 464/152/444
f 466/152/446 467/152/448 463/152/447
f 463/152/447 457/152/438 458/152/439
f 467/152/448 461/152/442 457/152/438
f 468/152/449 469/152/451 422/152/402
f 470/152/450 468/152/449 421/152/401
f 467/152/448 466/152/446 469/152/451
f 461/152/442 467/152/448 468/152/449
f 471/152/452 472/152/454 413/152/394
f 460/152/453 459/152/440 472/152/454
f 472/152/454 470/152/450 415/152/396
f 459/152/440 461/152/442 470/152/450
f 473/152/455 474/152/458 359/152/340
f 475/152/456 473/152/455 358/152/339
f 476/152/457 477/152/472 474/152/458
f 478/152/459 476/152/457 473/152/455
f 479/152/460 480/152/462 353/152/334
f 481/152/461 482/152/463 480/152/462
f 480/152/462 475/152/456 355/152/336
f 482/152/463 478/152/459 475/152/456
f 483/152/464 484/152/469 485/152/465
f 487/152/467 483/152/464 486/152/466
f 482/152/463 481/152/461 484/152/469
f 478/152/459 482/152/463 483/152/464
f 489/152/470 490/152/473 491/152/471
f 477/152/472 476/152/457 490/152/473
f 490/152/473 487/152/467 488/152/468
f 476/152/457 478/152/459 487/152/467
f 492/152/474 493/152/480 494/152/475
f 496/152/477 492/152/474 495/152/476
f 498/152/479 499/152/498 493/152/480
f 500/152/481 498/152/479 492/152/474
f 502/152/482 503/152/487 504/152/483
f 506/152/485 502/152/482 501/152/484
f 502/152/482 496/152/477 497/152/478
f 506/152/485 500/152/481 496/152/477
f 508/152/488 226/152/208 225/152/212
f 507/152/489 225/152/212 222/152/204
f 505/152/486 508/152/488 507/152/489
f 506/152/485 507/152/489 509/152/490
f 511/152/491 218/152/201 221/152/203
f 513/152/493 511/152/491 510/152/492
f 509/152/490 222/152/204 218/152/201
f 500/152/481 509/152/490 511/152/491
f 515/152/495 516/152/662 517/152/496
f 514/152/497 517/152/496 499/152/498
f 512/152/494 515/152/495 514/152/497
f 513/152/493 514/152/497 498/152/479
f 518/152/499 519/152/502 314/152/294
f 520/152/500 518/152/499 313/152/293
f 521/152/501 522/152/516 519/152/502
f 523/152/503 521/152/501 518/152/499
f 524/152/504 525/152/506 308/152/288
f 526/152/505 527/152/507 525/152/506
f 525/152/506 520/152/500 310/152/290
f 527/152/507 523/152/503 520/152/500
f 528/152/508 529/152/513 530/152/509
f 532/152/511 528/152/508 531/152/510
f 527/152/507 526/152/505 529/152/513
f 523/152/503 527/152/507 528/152/508
f 534/152/514 535/152/517 536/152/515
f 522/152/516 521/152/501 535/152/517
f 535/152/517 532/152/511 533/152/512
f 521/152/501 523/152/503 532/152/511
f 538/152/518 539/152/522 282/152/519
f 540/152/520 538/152/518 281/152/262
f 541/152/521 542/152/533 539/152/522
f 543/152/523 541/152/521 538/152/518
f 544/152/524 545/152/525 274/152/258
f 546/152/523 547/152/523 545/152/525
f 545/152/525 540/152/520 278/152/260
f 547/152/523 543/152/523 540/152/520
f 548/152/526 549/152/530 550/152/527
f 552/152/529 548/152/526 551/152/528
f 547/152/523 546/152/523 549/152/530
f 543/152/523 547/152/523 548/152/526
f 554/152/531 555/152/534 556/152/532
f 542/152/533 541/152/521 555/152/534
f 555/152/534 552/152/529 553/152/515
f 541/152/521 543/152/523 552/152/529
f 557/152/535 558/152/541 559/152/536
f 561/152/538 557/152/535 560/152/537
f 563/152/540 564/152/552 558/152/541
f 565/152/542 563/152/540 557/152/535
f 566/152/543 561/152/538 562/152/539
f 568/152/545 565/152/542 561/152/538
f 571/152/546 569/152/549 570/152/547
f 565/152/542 568/152/545 569/152/549
f 573/152/550 574/152/553 575/152/551
f 564/152/552 563/152/540 574/152/553
f 574/152/553 571/152/546 572/152/548
f 563/152/540 565/152/542 571/152/546
f 576/152/554 577/152/557 246/152/228
f 578/152/555 576/152/554 245/152/227
f 579/152/556 580/152/566 577/152/557
f 581/152/558 579/152/556 576/152/554
f 582/152/559 583/152/561 237/152/220
f 584/152/560 585/152/562 583/152/561
f 583/152/561 578/152/555 239/152/222
f 585/152/562 581/152/558 578/152/555
f 585/152/562 584/152/560 587/152/563
f 581/152/558 585/152/562 586/152/564
f 580/152/566 579/152/556 590/152/567
f 579/152/556 581/152/558 588/152/565
f 592/152/569 593/152/890 594/152/570
f 591/152/571 594/152/570 596/152/572
f 598/152/574 592/152/569 591/152/571
f 597/152/575 591/152/571 595/152/573
f 595/152/573 596/152/572 601/152/577
f 599/152/576 595/152/573 600/152/578
f 603/152/580 604/152/1003 606/152/581
f 602/152/579 603/152/580 605/152/582
f 608/152/583 609/152/585 289/152/268
f 597/152/575 608/152/583 607/152/584
f 605/152/582 606/152/581 609/152/585
f 599/152/576 605/152/582 608/152/583
f 611/152/586 339/152/318 338/152/321
f 610/152/587 338/152/321 335/152/315
f 614/152/589 611/152/586 610/152/587
f 613/152/590 610/152/587 612/152/588
f 616/152/592 617/152/594 333/152/313
f 618/152/593 619/152/595 617/152/594
f 617/152/594 612/152/588 335/152/315
f 619/152/595 615/152/591 612/152/588
f 619/152/595 618/152/593 621/152/596
f 615/152/591 619/152/595 620/152/597
f 613/152/590 624/152/600 623/152/599
f 615/152/591 622/152/598 624/152/600
f 625/152/601 626/152/606 427/152/407
f 628/152/603 625/152/601 627/152/602
f 630/152/605 631/152/618 626/152/606
f 632/152/607 630/152/605 625/152/601
f 633/152/608 628/152/603 629/152/604
f 635/152/610 632/152/607 628/152/603
f 638/152/611 636/152/614 637/152/612
f 632/152/607 635/152/610 636/152/614
f 640/152/615 641/152/619 642/152/616
f 631/152/618 630/152/605 641/152/619
f 641/152/619 638/152/611 639/152/613
f 630/152/605 632/152/607 638/152/611
f 644/152/620 419/152/400 422/152/402
f 646/152/622 644/152/620 645/152/621
f 648/152/624 423/152/403 419/152/400
f 649/152/625 648/152/624 644/152/620
f 650/152/626 646/152/622 647/152/623
f 652/152/628 649/152/625 646/152/622
f 654/152/629 653/152/630 634/152/609
f 649/152/625 652/152/628 653/152/630
f 426/152/411 655/152/631 627/152/602
f 423/152/403 648/152/624 655/152/631
f 655/152/631 654/152/629 629/152/604
f 648/152/624 649/152/625 654/152/629
f 656/152/632 462/152/443 465/152/445
f 657/152/633 656/152/632 575/152/551
f 658/152/634 466/152/446 462/152/443
f 659/152/635 658/152/634 656/152/632
f 660/152/636 657/152/633 572/152/548
f 661/152/637 659/152/635 657/152/633
f 663/152/638 662/152/639 651/152/627
f 659/152/635 661/152/637 662/152/639
f 469/152/451 664/152/640 645/152/621
f 466/152/446 658/152/634 664/152/640
f 664/152/640 663/152/638 647/152/623
f 658/152/634 659/152/635 663/152/638
f 665/152/641 666/152/644 643/152/617
f 667/152/642 665/152/641 642/152/616
f 668/152/643 669/152/654 666/152/644
f 668/152/643 665/152/641 667/152/642
f 671/152/646 667/152/642 639/152/613
f 670/152/645 667/152/642 671/152/646
f 673/152/648 674/152/679 676/152/649
f 672/152/647 673/152/648 675/152/650
f 678/152/651 679/152/655 680/152/652
f 668/152/643 678/152/651 677/152/653
f 675/152/650 676/152/649 679/152/655
f 670/152/645 675/152/650 678/152/651
f 681/152/656 682/152/873 684/152/657
f 685/152/659 681/152/656 683/152/658
f 688/152/661 689/152/666 516/152/662
f 691/152/664 688/152/661 687/152/663
f 683/152/658 684/152/657 689/152/666
f 686/152/660 683/152/658 688/152/661
f 692/152/667 693/152/855 694/152/668
f 696/152/670 692/152/667 695/152/669
f 690/152/665 693/152/855 692/152/667
f 686/152/660 691/152/664 692/152/667
f 698/152/672 696/152/670 697/152/671
f 685/152/659 686/152/660 696/152/670
f 701/152/674 680/152/652 679/152/655
f 700/152/675 679/152/655 676/152/649
f 703/152/677 704/152/689 701/152/674
f 705/152/678 703/152/677 700/152/675
f 702/152/676 676/152/649 674/152/679
f 705/152/678 702/152/676 706/152/680
f 710/152/682 708/152/685 709/152/683
f 705/152/678 707/152/681 708/152/685
f 712/152/686 713/152/690 714/152/687
f 704/152/689 703/152/677 713/152/690
f 713/152/690 710/152/682 711/152/684
f 703/152/677 705/152/678 710/152/682
f 716/152/691 717/152/694 715/152/688
f 718/152/692 716/152/691 714/152/687
f 719/152/693 720/152/704 717/152/694
f 721/152/695 719/152/693 716/152/691
f 722/152/696 718/152/692 711/152/684
f 723/152/697 721/152/695 718/152/692
f 724/152/698 725/152/727 727/152/699
f 721/152/695 723/152/697 724/152/698
f 729/152/701 730/152/705 731/152/702
f 720/152/704 719/152/693 729/152/701
f 726/152/700 727/152/699 730/152/705
f 719/152/693 721/152/695 726/152/700
f 732/152/706 733/152/712 734/152/707
f 736/152/709 732/152/706 735/152/708
f 738/152/711 739/152/724 733/152/712
f 740/152/713 738/152/711 732/152/706
f 741/152/714 736/152/709 737/152/710
f 743/152/716 740/152/713 736/152/709
f 746/152/717 744/152/720 745/152/718
f 740/152/713 743/152/716 744/152/720
f 748/152/721 749/152/725 750/152/722
f 739/152/724 738/152/711 749/152/725
f 749/152/725 746/152/717 747/152/719
f 738/152/711 740/152/713 746/152/717
f 754/152/726 727/152/699 725/152/727
f 754/152/726 752/152/728 753/152/729
f 757/152/731 756/152/732 699/152/673
f 755/152/730 753/152/729 756/152/732
f 695/152/669 694/152/668 759/152/733
f 758/152/734 759/152/733 761/152/735
f 697/152/671 695/152/669 758/152/734
f 757/152/731 758/152/734 760/152/736
f 762/152/737 763/152/738 731/152/702
f 727/152/699 754/152/726 762/152/737
f 760/152/736 761/152/735 763/152/738
f 755/152/730 760/152/736 762/152/737
f 767/152/739 768/152/753 765/152/740
f 769/152/742 767/152/739 764/152/741
f 771/152/744 770/152/745 742/152/715
f 771/152/744 769/152/742 766/152/743
f 772/152/746 735/152/708 734/152/707
f 774/152/748 772/152/746 773/152/747
f 737/152/710 735/152/708 772/152/746
f 769/152/742 771/152/744 772/152/746
f 776/152/750 777/152/754 778/152/751
f 768/152/753 767/152/739 777/152/754
f 777/152/754 774/152/748 775/152/749
f 767/152/739 769/152/742 774/152/748
f 780/152/755 781/152/758 221/152/203
f 782/152/756 780/152/755 220/152/202
f 783/152/757 784/152/769 781/152/758
f 785/152/759 783/152/757 780/152/755
f 786/152/760 787/152/762 212/152/195
f 788/152/761 789/152/763 787/152/762
f 787/152/762 782/152/756 214/152/197
f 789/152/763 785/152/759 782/152/756
f 790/152/764 791/152/766 680/152/652
f 790/152/764 701/152/674 704/152/689
f 789/152/763 788/152/761 791/152/766
f 785/152/759 789/152/763 790/152/764
f 794/152/767 712/152/686 715/152/688
f 783/152/757 794/152/767 793/152/768
f 792/152/765 704/152/689 712/152/686
f 783/152/757 785/152/759 792/152/765
f 795/152/770 796/152/773 779/152/752
f 797/152/771 795/152/770 778/152/751
f 798/152/772 799/152/786 796/152/773
f 800/152/774 798/152/772 795/152/770
f 733/152/712 801/152/775 773/152/747
f 739/152/724 802/152/776 801/152/775
f 801/152/775 797/152/771 775/152/749
f 802/152/776 800/152/774 797/152/771
f 803/152/777 748/152/721 751/152/723
f 805/152/779 803/152/777 804/152/778
f 802/152/776 739/152/724 748/152/721
f 800/152/774 802/152/776 803/152/777
f 250/152/237 807/152/782 808/152/781
f 247/152/229 809/152/783 807/152/782
f 807/152/782 805/152/779 806/152/780
f 809/152/783 800/152/774 805/152/779
f 810/152/784 243/152/226 246/152/228
f 810/152/784 811/152/785 799/152/786
f 809/152/783 247/152/229 243/152/226
f 809/152/783 810/152/784 798/152/772
f 812/152/787 786/152/760 211/152/194
f 813/152/788 812/152/787 341/152/322
f 814/152/789 788/152/761 786/152/760
f 815/152/790 814/152/789 812/152/787
f 817/152/791 356/152/338 359/152/340
f 819/152/793 817/152/791 816/152/792
f 813/152/788 344/152/325 356/152/338
f 815/152/790 813/152/788 817/152/791
f 821/152/795 643/152/617 666/152/644
f 820/152/796 666/152/644 669/152/654
f 818/152/794 821/152/795 820/152/796
f 819/152/793 820/152/796 822/152/797
f 791/152/766 823/152/798 677/152/653
f 788/152/761 814/152/789 823/152/798
f 823/152/798 822/152/797 669/152/654
f 814/152/789 815/152/790 822/152/797
f 824/152/799 394/152/375 397/152/377
f 826/152/801 824/152/799 825/152/800
f 828/152/803 398/152/378 394/152/375
f 829/152/804 828/152/803 824/152/799
f 558/152/541 830/152/806 831/152/805
f 564/152/552 832/152/807 830/152/806
f 830/152/806 826/152/801 827/152/802
f 832/152/807 829/152/804 826/152/801
f 833/152/808 573/152/550 465/152/445
f 834/152/809 833/152/808 464/152/444
f 832/152/807 564/152/552 573/152/550
f 829/152/804 832/152/807 833/152/808
f 401/152/386 835/152/810 456/152/437
f 398/152/378 828/152/803 835/152/810
f 835/152/810 834/152/809 458/152/439
f 828/152/803 829/152/804 834/152/809
f 836/152/811 837/152/817 838/152/812
f 840/152/814 836/152/811 839/152/813
f 842/152/816 843/152/825 837/152/817
f 844/152/818 842/152/816 836/152/811
f 411/152/398 845/152/820 846/152/819
f 417/152/415 847/152/821 845/152/820
f 845/152/820 840/152/814 841/152/815
f 847/152/821 844/152/818 840/152/814
f 848/152/822 431/152/412 434/152/414
f 849/152/823 848/152/822 491/152/471
f 847/152/821 417/152/415 431/152/412
f 844/152/818 847/152/821 848/152/822
f 850/152/824 851/152/826 486/152/466
f 843/152/825 842/152/816 851/152/826
f 851/152/826 849/152/823 488/152/468
f 842/152/816 844/152/818 849/152/823
f 852/152/827 853/152/830 409/152/389
f 854/152/828 852/152/827 408/152/388
f 855/152/829 856/152/837 853/152/830
f 857/152/831 855/152/829 852/152/827
f 455/152/441 858/152/832 403/152/383
f 460/152/453 859/152/833 858/152/832
f 858/152/832 854/152/828 405/152/385
f 859/152/833 857/152/831 854/152/828
f 860/152/834 471/152/452 412/152/393
f 861/152/835 860/152/834 846/152/819
f 859/152/833 460/152/453 471/152/452
f 857/152/831 859/152/833 860/152/834
f 862/152/836 863/152/838 839/152/813
f 856/152/837 855/152/829 863/152/838
f 863/152/838 861/152/835 841/152/815
f 855/152/829 857/152/831 861/152/835
f 864/152/839 640/152/615 643/152/617
f 865/152/840 864/152/839 821/152/795
f 866/152/841 631/152/618 640/152/615
f 867/152/842 866/152/841 864/152/839
f 474/152/458 868/152/843 816/152/792
f 477/152/472 869/152/844 868/152/843
f 868/152/843 865/152/840 818/152/794
f 869/152/844 867/152/842 865/152/840
f 870/152/845 489/152/470 434/152/414
f 871/152/846 870/152/845 433/152/413
f 869/152/844 477/152/472 489/152/470
f 867/152/842 869/152/844 870/152/845
f 626/152/606 872/152/847 428/152/408
f 631/152/618 866/152/841 872/152/847
f 872/152/847 871/152/846 430/152/410
f 866/152/841 867/152/842 871/152/846
f 793/152/768 715/152/688 717/152/694
f 873/152/848 717/152/694 720/152/704
f 784/152/769 793/152/768 873/152/848
f 876/152/851 875/152/850 873/152/848
f 763/152/738 877/152/852 728/152/703
f 761/152/735 878/152/853 877/152/852
f 877/152/852 874/152/849 720/152/704
f 878/152/853 876/152/851 874/152/849
f 879/152/854 759/152/733 694/152/668
f 880/152/856 879/152/854 693/152/855
f 878/152/853 761/152/735 759/152/733
f 876/152/851 878/152/853 879/152/854
f 515/152/495 881/152/857 687/152/663
f 512/152/494 882/152/858 881/152/857
f 881/152/857 880/152/856 690/152/665
f 882/152/858 876/152/851 880/152/856
f 510/152/492 221/152/203 781/152/758
f 883/152/859 781/152/758 784/152/769
f 512/152/494 510/152/492 883/152/859
f 882/152/858 883/152/859 875/152/850
f 884/152/860 776/152/750 779/152/752
f 885/152/861 884/152/860 796/152/773
f 886/152/862 768/152/753 776/152/750
f 887/152/863 886/152/862 884/152/860
f 577/152/557 888/152/864 811/152/785
f 580/152/566 889/152/865 888/152/864
f 885/152/861 799/152/786 811/152/785
f 889/152/865 887/152/863 885/152/861
f 889/152/865 580/152/566 589/152/568
f 887/152/863 889/152/865 890/152/866
f 768/152/753 886/152/862 892/152/868
f 886/152/862 887/152/863 891/152/867
f 893/152/869 517/152/496 516/152/662
f 893/152/869 689/152/666 684/152/657
f 895/152/871 499/152/498 517/152/496
f 896/152/872 895/152/871 893/152/869
f 894/152/870 684/152/657 682/152/873
f 898/152/875 896/152/872 894/152/870
f 901/152/876 899/152/879 900/152/877
f 896/152/872 898/152/875 899/152/879
f 493/152/480 903/152/881 904/152/880
f 499/152/498 895/152/871 903/152/881
f 903/152/881 901/152/876 902/152/878
f 895/152/871 896/152/872 901/152/876
f 905/152/882 495/152/476 494/152/475
f 907/152/884 905/152/882 906/152/883
f 909/152/886 497/152/478 495/152/476
f 910/152/887 909/152/886 905/152/882
f 911/152/888 912/152/892 913/152/889
f 914/152/891 915/152/893 912/152/892
f 912/152/892 907/152/884 908/152/885
f 915/152/893 910/152/887 907/152/884
f 916/152/894 917/152/899 918/152/895
f 920/152/897 916/152/894 919/152/896
f 915/152/893 914/152/891 917/152/899
f 910/152/887 915/152/893 916/152/894
f 503/152/487 922/152/901 923/152/900
f 497/152/478 909/152/886 922/152/901
f 922/152/901 920/152/897 921/152/898
f 909/152/886 910/152/887 920/152/897
f 924/152/902 925/152/908 926/152/903
f 928/152/905 924/152/902 927/152/904
f 930/152/907 931/152/920 925/152/908
f 932/152/909 930/152/907 924/152/902
f 291/152/278 933/152/911 934/152/910
f 297/152/295 935/152/912 933/152/911
f 933/152/911 928/152/905 929/152/906
f 935/152/912 932/152/909 928/152/905
f 936/152/913 311/152/292 314/152/294
f 938/152/915 936/152/913 937/152/914
f 935/152/912 297/152/295 311/152/292
f 932/152/909 935/152/912 936/152/913
f 940/152/917 941/152/921 942/152/918
f 931/152/920 930/152/907 941/152/921
f 941/152/921 938/152/915 939/152/916
f 930/152/907 932/152/909 938/152/915
f 336/152/319 339/152/318 945/152/922
f 944/152/923 945/152/922 947/152/924
f 322/152/320 336/152/319 944/152/923
f 948/152/926 944/152/923 946/152/925
f 950/152/928 951/152/930 236/152/219
f 952/152/929 950/152/928 235/152/224
f 946/152/925 947/152/924 951/152/930
f 949/152/927 946/152/925 950/152/928
f 264/152/245 263/152/1255 954/152/931
f 953/152/932 954/152/931 956/152/933
f 241/152/247 264/152/245 953/152/932
f 952/152/929 953/152/932 955/152/934
f 958/152/935 959/152/940 960/152/936
f 962/152/938 958/152/935 957/152/937
f 955/152/934 956/152/933 959/152/940
f 949/152/927 955/152/934 958/152/935
f 964/152/941 317/152/298 316/152/303
f 963/152/942 316/152/303 322/152/320
f 961/152/939 964/152/941 963/152/942
f 962/152/938 963/152/942 948/152/926
f 965/152/943 966/152/946 446/152/426
f 967/152/944 965/152/943 445/152/425
f 968/152/945 969/152/957 966/152/946
f 970/152/947 968/152/945 965/152/943
f 361/152/348 971/152/948 437/152/418
f 367/152/365 972/152/949 971/152/948
f 971/152/948 967/152/944 439/152/420
f 972/152/949 970/152/947 967/152/944
f 973/152/950 381/152/362 384/152/364
f 975/152/952 973/152/950 974/152/951
f 972/152/949 367/152/365 381/152/362
f 970/152/947 972/152/949 973/152/950
f 977/152/954 978/152/958 979/152/955
f 969/152/957 968/152/945 978/152/958
f 978/152/958 975/152/952 976/152/953
f 968/152/945 970/152/947 975/152/952
f 981/152/959 982/152/962 372/152/352
f 983/152/960 981/152/959 371/152/351
f 984/152/961 985/152/969 982/152/962
f 986/152/963 984/152/961 981/152/959
f 436/152/422 987/152/964 363/152/344
f 441/152/434 988/152/965 987/152/964
f 987/152/964 983/152/960 365/152/346
f 988/152/965 986/152/963 983/152/960
f 989/152/966 452/152/433 292/152/273
f 990/152/967 989/152/966 934/152/910
f 988/152/965 441/152/434 452/152/433
f 986/152/963 988/152/965 989/152/966
f 991/152/968 992/152/970 927/152/904
f 985/152/969 984/152/961 992/152/970
f 992/152/970 990/152/967 929/152/906
f 984/152/961 986/152/963 990/152/967
f 993/152/971 994/152/974 943/152/919
f 995/152/972 993/152/971 942/152/918
f 996/152/973 997/152/981 994/152/974
f 998/152/975 996/152/973 993/152/971
f 519/152/502 999/152/976 937/152/914
f 522/152/516 1000/152/977 999/152/976
f 999/152/976 995/152/972 939/152/916
f 1000/152/977 998/152/975 995/152/972
f 1001/152/978 534/152/514 537/152/515
f 1002/152/979 1001/152/978 556/152/532
f 1000/152/977 522/152/516 534/152/514
f 998/152/975 1000/152/977 1001/152/978
f 1003/152/980 1004/152/982 551/152/528
f 997/152/981 996/152/973 1004/152/982
f 1004/152/982 1002/152/979 553/152/515
f 996/152/973 998/152/975 1002/152/979
f 1005/152/983 1006/152/989 1007/152/984
f 1009/152/986 1005/152/983 1008/152/985
f 1011/152/988 1012/152/997 1006/152/989
f 1013/152/990 1011/152/988 1005/152/983
f 539/152/522 1014/152/992 1015/152/991
f 542/152/533 1016/152/993 1014/152/992
f 1014/152/992 1009/152/986 1010/152/987
f 1016/152/993 1013/152/990 1009/152/986
f 1017/152/994 554/152/531 537/152/515
f 1018/152/995 1017/152/994 536/152/515
f 1016/152/993 542/152/533 554/152/531
f 1013/152/990 1016/152/993 1017/152/994
f 1019/152/996 1020/152/998 531/152/510
f 1012/152/997 1011/152/988 1020/152/998
f 1020/152/998 1018/152/995 533/152/512
f 1011/152/988 1013/152/990 1018/152/995
f 286/152/269 289/152/268 609/152/585
f 1021/152/999 609/152/585 606/152/581
f 272/152/270 286/152/269 1021/152/999
f 1023/152/1001 1021/152/999 1022/152/1000
f 1022/152/1000 606/152/581 604/152/1003
f 1024/152/1002 1022/152/1000 1025/152/1004
f 1029/152/1006 1027/152/1009 1028/152/1007
f 1024/152/1002 1026/152/1005 1027/152/1009
f 266/152/254 1031/152/1011 1032/152/1010
f 272/152/270 1023/152/1001 1031/152/1011
f 1031/152/1011 1029/152/1006 1030/152/1008
f 1023/152/1001 1024/152/1002 1029/152/1006
f 1033/152/1012 945/152/922 339/152/318
f 1034/152/1013 1033/152/1012 611/152/586
f 1035/152/1014 947/152/924 945/152/922
f 1036/152/1015 1035/152/1014 1033/152/1012
f 1037/152/1016 1034/152/1013 614/152/589
f 1038/152/1017 1036/152/1015 1034/152/1013
f 1040/152/1018 1039/152/1019 587/152/563
f 1036/152/1015 1038/152/1017 1039/152/1019
f 951/152/930 1041/152/1020 582/152/559
f 947/152/924 1035/152/1014 1041/152/1020
f 1041/152/1020 1040/152/1018 584/152/560
f 1035/152/1014 1036/152/1015 1040/152/1018
f 825/152/800 397/152/377 1043/152/1021
f 1042/152/1022 1043/152/1021 1045/152/1023
f 827/152/802 825/152/800 1042/152/1022
f 1046/152/1025 1042/152/1022 1044/152/1024
f 1048/152/1027 1049/152/1029 251/152/233
f 1050/152/1028 1048/152/1027 808/152/781
f 1044/152/1024 1045/152/1023 1049/152/1029
f 1047/152/1026 1044/152/1024 1048/152/1027
f 804/152/778 751/152/723 1052/152/1030
f 1051/152/1031 1052/152/1030 1054/152/1032
f 806/152/780 804/152/778 1051/152/1031
f 1050/152/1028 1051/152/1031 1053/152/1033
f 1055/152/1034 1056/152/1035 559/152/536
f 1046/152/1025 1055/152/1034 831/152/805
f 1053/152/1033 1054/152/1032 1056/152/1035
f 1047/152/1026 1053/152/1033 1055/152/1034
f 974/152/951 384/152/364 1058/152/1036
f 1057/152/1037 1058/152/1036 1060/152/1038
f 976/152/953 974/152/951 1057/152/1037
f 1061/152/1040 1057/152/1037 1059/152/1039
f 1063/152/1042 1064/152/1044 317/152/298
f 1065/152/1043 1063/152/1042 964/152/941
f 1059/152/1039 1060/152/1038 1064/152/1044
f 1062/152/1041 1059/152/1039 1063/152/1042
f 957/152/937 960/152/936 1067/152/1045
f 1066/152/1046 1067/152/1045 1069/152/1047
f 961/152/939 957/152/937 1066/152/1046
f 1065/152/1043 1066/152/1046 1068/152/1048
f 1070/152/1049 1071/152/1050 980/152/956
f 1061/152/1040 1070/152/1049 979/152/955
f 1068/152/1048 1069/152/1047 1071/152/1050
f 1062/152/1041 1068/152/1048 1070/152/1049
f 560/152/537 559/152/536 1056/152/1035
f 1072/152/1051 1056/152/1035 1054/152/1032
f 562/152/539 560/152/537 1072/152/1051
f 1074/152/1053 1072/152/1051 1073/152/1052
f 1076/152/1055 1052/152/1030 751/152/723
f 1077/152/1056 1076/152/1055 750/152/722
f 1073/152/1052 1054/152/1032 1052/152/1030
f 1075/152/1054 1073/152/1052 1076/152/1055
f 747/152/719 745/152/718 1078/152/1057
f 1077/152/1056 1078/152/1057 1079/152/1058
f 1074/152/1053 1080/152/1059 567/152/544
f 1075/152/1054 1079/152/1058 1080/152/1059
f 1081/152/1060 1082/152/1063 258/152/240
f 1083/152/1061 1081/152/1060 257/152/239
f 1084/152/1062 1085/152/1070 1082/152/1063
f 1086/152/1064 1084/152/1062 1081/152/1060
f 1049/152/1029 1087/152/1065 252/152/234
f 1045/152/1023 1088/152/1066 1087/152/1065
f 1087/152/1065 1083/152/1061 254/152/236
f 1088/152/1066 1086/152/1064 1083/152/1061
f 1089/152/1067 1043/152/1021 397/152/377
f 1090/152/1068 1089/152/1067 396/152/376
f 1088/152/1066 1045/152/1023 1043/152/1021
f 1086/152/1064 1088/152/1066 1089/152/1067
f 1091/152/1069 1092/152/1071 388/152/369
f 1085/152/1070 1084/152/1062 1092/152/1071
f 1092/152/1071 1090/152/1068 390/152/371
f 1084/152/1062 1086/152/1064 1090/152/1068
f 378/152/358 377/152/357 1094/152/1072
f 1093/152/1073 1094/152/1072 1096/152/1074
f 380/152/360 378/152/358 1093/152/1073
f 1097/152/1076 1093/152/1073 1095/152/1075
f 1099/152/1078 1100/152/1080 327/152/307
f 1101/152/1079 1099/152/1078 326/152/306
f 1095/152/1075 1096/152/1074 1100/152/1080
f 1098/152/1077 1095/152/1075 1099/152/1078
f 318/152/299 317/152/298 1064/152/1044
f 1102/152/1081 1064/152/1044 1060/152/1038
f 320/152/301 318/152/299 1102/152/1081
f 1101/152/1079 1102/152/1081 1103/152/1082
f 1104/152/1083 1058/152/1036 384/152/364
f 1097/152/1076 1104/152/1083 383/152/363
f 1103/152/1082 1060/152/1038 1058/152/1036
f 1098/152/1077 1103/152/1082 1104/152/1083
f 1106/152/1084 1107/152/1121 1108/152/1085
f 1105/152/1086 1108/152/1085 1110/152/1087
f 1112/152/1089 1106/152/1084 1105/152/1086
f 1111/152/1090 1105/152/1086 1109/152/1088
f 1115/152/1092 1116/152/1097 1117/152/1093
f 1119/152/1095 1115/152/1092 1114/152/1094
f 1109/152/1088 1110/152/1087 1116/152/1097
f 1113/152/1091 1109/152/1088 1115/152/1092
f 1120/152/1098 1121/152/1100 504/152/483
f 1122/152/1099 1120/152/1098 923/152/900
f 1119/152/1095 1118/152/1096 1121/152/1100
f 1113/152/1091 1119/152/1095 1120/152/1098
f 1123/152/1101 1124/152/1102 919/152/896
f 1111/152/1090 1124/152/1102 1123/152/1101
f 1124/152/1102 1122/152/1099 921/152/898
f 1113/152/1091 1122/152/1099 1124/152/1102
f 1126/152/1103 1127/152/1182 1128/152/1104
f 1125/152/1105 1128/152/1104 1130/152/1106
f 1132/152/1108 1126/152/1103 1125/152/1105
f 1131/152/1109 1125/152/1105 1129/152/1107
f 1135/152/1111 1136/152/1116 1137/152/1112
f 1139/152/1114 1135/152/1111 1134/152/1113
f 1129/152/1107 1130/152/1106 1136/152/1116
f 1133/152/1110 1129/152/1107 1135/152/1111
f 1141/152/1117 1117/152/1093 1116/152/1097
f 1140/152/1118 1116/152/1097 1110/152/1087
f 1138/152/1115 1141/152/1117 1140/152/1118
f 1139/152/1114 1140/152/1118 1142/152/1119
f 1144/152/1120 1108/152/1085 1107/152/1121
f 1131/152/1109 1144/152/1120 1143/152/1122
f 1142/152/1119 1110/152/1087 1108/152/1085
f 1133/152/1110 1142/152/1119 1144/152/1120
f 1146/152/1123 1147/152/1164 1148/152/1124
f 1145/152/1125 1148/152/1124 1150/152/1126
f 1152/152/1128 1146/152/1123 1145/152/1125
f 1151/152/1129 1145/152/1125 1149/152/1127
f 1155/152/1131 1156/152/1136 1157/152/1132
f 1159/152/1134 1155/152/1131 1154/152/1133
f 1149/152/1127 1150/152/1126 1156/152/1136
f 1153/152/1130 1149/152/1127 1155/152/1131
f 1161/152/1137 1162/152/1174 1163/152/1138
f 1160/152/1139 1163/152/1138 1165/152/1140
f 1158/152/1135 1161/152/1137 1160/152/1139
f 1159/152/1134 1160/152/1139 1164/152/1141
f 1167/152/1142 1168/152/1145 1169/152/1143
f 1151/152/1129 1167/152/1142 1166/152/1144
f 1164/152/1141 1165/152/1140 1168/152/1145
f 1153/152/1130 1164/152/1141 1167/152/1142
f 1170/152/1146 1171/152/1152 1172/152/1147
f 1174/152/1149 1170/152/1146 1173/152/1148
f 1176/152/1151 1177/152/1165 1171/152/1152
f 1178/152/1153 1176/152/1151 1170/152/1146
f 1179/152/1154 1180/152/1158 1181/152/1155
f 1183/152/1157 1184/152/1159 1180/152/1158
f 1180/152/1158 1174/152/1149 1175/152/1150
f 1184/152/1159 1178/152/1153 1174/152/1149
f 1185/152/1160 1186/152/1162 1157/152/1132
f 1187/152/1161 1185/152/1160 1156/152/1136
f 1184/152/1159 1183/152/1157 1186/152/1162
f 1178/152/1153 1184/152/1159 1185/152/1160
f 1188/152/1163 1189/152/1166 1148/152/1124
f 1177/152/1165 1176/152/1151 1189/152/1166
f 1189/152/1166 1187/152/1161 1150/152/1126
f 1176/152/1151 1178/152/1153 1187/152/1161
f 1191/152/1167 1169/152/1143 1168/152/1145
f 1190/152/1168 1168/152/1145 1165/152/1140
f 1194/152/1170 1191/152/1167 1190/152/1168
f 1193/152/1171 1190/152/1168 1192/152/1169
f 1197/152/1173 1163/152/1138 1162/152/1174
f 1199/152/1176 1197/152/1173 1196/152/1175
f 1192/152/1169 1165/152/1140 1163/152/1138
f 1195/152/1172 1192/152/1169 1197/152/1173
f 1201/152/1178 1137/152/1112 1136/152/1116
f 1200/152/1179 1136/152/1116 1130/152/1106
f 1198/152/1177 1201/152/1178 1200/152/1179
f 1199/152/1176 1200/152/1179 1202/152/1180
f 1204/152/1181 1128/152/1104 1127/152/1182
f 1193/152/1171 1204/152/1181 1203/152/1183
f 1202/152/1180 1130/152/1106 1128/152/1104
f 1195/152/1172 1202/152/1180 1204/152/1181
f 1206/152/1184 1207/152/1209 1208/152/1185
f 1205/152/1186 1208/152/1185 1210/152/1187
f 1212/152/1189 1206/152/1184 1205/152/1186
f 1213/152/1191 1211/152/1190 1205/152/1186
f 1214/152/1192 1215/152/1196 1216/152/1193
f 1218/152/1195 1219/152/1197 1215/152/1196
f 1215/152/1196 1209/152/1188 1210/152/1187
f 1219/152/1197 1213/152/1191 1209/152/1188
f 1220/152/1198 1221/152/1200 1182/152/1156
f 1222/152/1199 1220/152/1198 1181/152/1155
f 1219/152/1197 1218/152/1195 1221/152/1200
f 1213/152/1191 1219/152/1197 1220/152/1198
f 1223/152/1201 1224/152/1202 1173/152/1148
f 1212/152/1189 1211/152/1190 1224/152/1202
f 1224/152/1202 1222/152/1199 1175/152/1150
f 1211/152/1190 1213/152/1191 1222/152/1199
f 1225/152/1203 1226/152/1206 1217/152/1194
f 1227/152/1204 1225/152/1203 1216/152/1193
f 1228/152/1205 1229/152/1216 1226/152/1206
f 1230/152/1207 1228/152/1205 1225/152/1203
f 1232/152/1208 1208/152/1185 1207/152/1209
f 1234/152/1211 1232/152/1208 1231/152/1210
f 1227/152/1204 1210/152/1187 1208/152/1185
f 1230/152/1207 1227/152/1204 1232/152/1208
f 1236/152/1213 1237/152/1262 1238/152/1214
f 1235/152/1215 1238/152/1214 1229/152/1216
f 1233/152/1212 1236/152/1213 1235/152/1215
f 1234/152/1211 1235/152/1215 1228/152/1205
f 1239/152/1217 406/152/387 409/152/389
f 1241/152/1219 1239/152/1217 1240/152/1218
f 1243/152/1221 392/152/390 406/152/387
f 1244/152/1222 1243/152/1221 1239/152/1217
f 1246/152/1223 1247/152/1227 1182/152/1156
f 1249/152/1225 1246/152/1223 1245/152/1224
f 1241/152/1219 1242/152/1220 1247/152/1227
f 1244/152/1222 1241/152/1219 1246/152/1223
f 1251/152/1228 387/152/368 386/152/373
f 1250/152/1229 386/152/373 392/152/390
f 1248/152/1226 1251/152/1228 1250/152/1229
f 1249/152/1225 1250/152/1229 1243/152/1221
f 1114/152/1094 1117/152/1093 1253/152/1230
f 1252/152/1231 1253/152/1230 1255/152/1232
f 1256/152/1234 1118/152/1096 1114/152/1094
f 1257/152/1235 1256/152/1234 1252/152/1231
f 1258/152/1236 1259/152/1238 233/152/215
f 1260/152/1237 1258/152/1236 232/152/214
f 1254/152/1233 1255/152/1232 1259/152/1238
f 1260/152/1237 1257/152/1235 1254/152/1233
f 1261/152/1239 227/152/209 226/152/208
f 1262/152/1240 1261/152/1239 508/152/488
f 1260/152/1237 229/152/211 227/152/209
f 1257/152/1235 1260/152/1237 1261/152/1239
f 1121/152/1100 1263/152/1241 501/152/484
f 1118/152/1096 1256/152/1234 1263/152/1241
f 1263/152/1241 1262/152/1240 505/152/486
f 1256/152/1234 1257/152/1235 1262/152/1240
f 1134/152/1113 1137/152/1112 1265/152/1242
f 1266/152/1244 1264/152/1243 1265/152/1242
f 1138/152/1115 1134/152/1113 1264/152/1243
f 1269/152/1247 1268/152/1246 1264/152/1243
f 351/152/337 1270/152/1249 1271/152/1248
f 348/152/330 1272/152/1250 1270/152/1249
f 1270/152/1249 1266/152/1244 1267/152/1245
f 1272/152/1250 1269/152/1247 1266/152/1244
f 346/152/329 233/152/215 1259/152/1238
f 1273/152/1251 1259/152/1238 1255/152/1232
f 1272/152/1250 348/152/330 346/152/329
f 1269/152/1247 1272/152/1250 1273/152/1251
f 1275/152/1253 1253/152/1230 1117/152/1093
f 1268/152/1246 1275/152/1253 1141/152/1117
f 1274/152/1252 1255/152/1232 1253/152/1230
f 1269/152/1247 1274/152/1252 1275/152/1253
f 1276/152/1254 954/152/931 263/152/1255
f 1276/152/1254 1277/152/1256 1279/152/1257
f 1280/152/1259 956/152/933 954/152/931
f 1280/152/1259 1276/152/1254 1278/152/1258
f 1282/152/1261 1283/152/1264 1237/152/1262
f 1284/152/1263 1282/152/1261 1236/152/1213
f 1278/152/1258 1279/152/1257 1283/152/1264
f 1281/152/1260 1278/152/1258 1282/152/1261
f 1231/152/1210 1207/152/1209 1286/152/1265
f 1285/152/1266 1286/152/1265 1288/152/1267
f 1233/152/1212 1231/152/1210 1285/152/1266
f 1284/152/1263 1285/152/1266 1287/152/1268
f 959/152/940 1289/152/1270 1290/152/1269
f 956/152/933 1280/152/1259 1289/152/1270
f 1289/152/1270 1287/152/1268 1288/152/1267
f 1280/152/1259 1281/152/1260 1287/152/1268
f 1291/152/1271 1154/152/1133 1157/152/1132
f 1293/152/1273 1291/152/1271 1292/152/1272
f 1158/152/1135 1154/152/1133 1291/152/1271
f 1296/152/1276 1295/152/1275 1291/152/1271
f 837/152/817 1297/152/1278 1298/152/1277
f 843/152/825 1299/152/1279 1297/152/1278
f 1297/152/1278 1293/152/1273 1294/152/1274
f 1299/152/1279 1296/152/1276 1293/152/1273
f 1300/152/1280 850/152/824 485/152/465
f 1302/152/1282 1300/152/1280 1301/152/1281
f 1299/152/1279 843/152/825 850/152/824
f 1296/152/1276 1299/152/1279 1300/152/1280
f 1304/152/1284 1305/152/1285 1162/152/1174
f 1295/152/1275 1304/152/1284 1161/152/1137
f 1304/152/1284 1302/152/1282 1303/152/1283
f 1295/152/1275 1296/152/1276 1302/152/1282
f 1179/152/1154 1182/152/1156 1247/152/1227
f 1306/152/1286 1247/152/1227 1242/152/1220
f 1183/152/1157 1179/152/1154 1306/152/1286
f 1308/152/1288 1306/152/1286 1307/152/1287
f 853/152/830 1310/152/1290 1240/152/1218
f 856/152/837 1311/152/1291 1310/152/1290
f 1310/152/1290 1307/152/1287 1242/152/1220
f 1311/152/1291 1309/152/1289 1307/152/1287
f 1312/152/1292 862/152/836 838/152/812
f 1313/152/1293 1312/152/1292 1298/152/1277
f 1311/152/1291 856/152/837 862/152/836
f 1309/152/1289 1311/152/1291 1312/152/1292
f 1186/152/1162 1314/152/1294 1292/152/1272
f 1308/152/1288 1314/152/1294 1186/152/1162
f 1314/152/1294 1313/152/1293 1294/152/1274
f 1308/152/1288 1309/152/1289 1313/152/1293
f 1196/152/1175 1162/152/1174 1305/152/1285
f 1316/152/1296 1315/152/1295 1305/152/1285
f 1198/152/1177 1196/152/1175 1315/152/1295
f 1318/152/1298 1317/152/1297 1315/152/1295
f 484/152/469 1319/152/1299 1301/152/1281
f 481/152/461 1320/152/1300 1319/152/1299
f 1319/152/1299 1316/152/1296 1303/152/1283
f 1320/152/1300 1318/152/1298 1316/152/1296
f 1321/152/1301 479/152/460 352/152/333
f 1322/152/1302 1321/152/1301 1271/152/1248
f 1320/152/1300 481/152/461 479/152/460
f 1318/152/1298 1320/152/1300 1321/152/1301
f 1323/152/1303 1265/152/1242 1137/152/1112
f 1317/152/1297 1323/152/1303 1201/152/1178
f 1323/152/1303 1322/152/1302 1267/152/1245
f 1317/152/1297 1318/152/1298 1322/152/1302
f 1324/152/1304 1067/152/1045 960/152/936
f 1325/152/1305 1324/152/1304 1290/152/1269
f 1326/152/1306 1069/152/1047 1067/152/1045
f 1327/152/1307 1326/152/1306 1324/152/1304
f 1328/152/1308 1286/152/1265 1207/152/1209
f 1329/152/1309 1328/152/1308 1206/152/1184
f 1328/152/1308 1325/152/1305 1288/152/1267
f 1329/152/1309 1327/152/1307 1325/152/1305
f 1330/152/1310 1223/152/1201 1172/152/1147
f 1332/152/1312 1330/152/1310 1331/152/1311
f 1329/152/1309 1212/152/1189 1223/152/1201
f 1327/152/1307 1329/152/1309 1330/152/1310
f 1071/152/1050 1334/152/1315 1335/152/1314
f 1069/152/1047 1326/152/1306 1334/152/1315
f 1334/152/1315 1332/152/1312 1333/152/1313
f 1326/152/1306 1327/152/1307 1332/152/1312
f 1336/152/1316 1019/152/996 530/152/509
f 1338/152/1318 1336/152/1316 1337/152/1317
f 1340/152/1320 1012/152/997 1019/152/996
f 1341/152/1321 1340/152/1320 1336/152/1316
f 1342/152/1322 1343/152/1324 1107/152/1121
f 1344/152/1323 1342/152/1322 1106/152/1084
f 1342/152/1322 1338/152/1318 1339/152/1319
f 1344/152/1323 1341/152/1321 1338/152/1318
f 1345/152/1325 1123/152/1101 918/152/895
f 1345/152/1325 1346/152/1326 1348/152/1327
f 1112/152/1089 1123/152/1101 1345/152/1325
f 1344/152/1323 1345/152/1325 1347/152/1328
f 1349/152/1329 1350/152/1330 1007/152/984
f 1012/152/997 1340/152/1320 1349/152/1329
f 1347/152/1328 1348/152/1327 1350/152/1330
f 1341/152/1321 1347/152/1328 1349/152/1329
f 1351/152/1331 524/152/504 307/152/287
f 1353/152/1333 1351/152/1331 1352/152/1332
f 1355/152/1335 526/152/505 524/152/504
f 1356/152/1336 1355/152/1335 1351/152/1331
f 1357/152/1337 1358/152/1339 1127/152/1182
f 1359/152/1338 1357/152/1337 1126/152/1103
f 1357/152/1337 1353/152/1333 1354/152/1334
f 1359/152/1338 1356/152/1336 1353/152/1333
f 1143/152/1122 1107/152/1121 1343/152/1324
f 1361/152/1341 1360/152/1340 1343/152/1324
f 1132/152/1108 1143/152/1122 1360/152/1340
f 1356/152/1336 1359/152/1338 1360/152/1340
f 529/152/513 1362/152/1342 1337/152/1317
f 526/152/505 1355/152/1335 1362/152/1342
f 1362/152/1342 1361/152/1341 1339/152/1319
f 1355/152/1335 1356/152/1336 1361/152/1341
f 1363/152/1343 443/152/424 446/152/426
f 1365/152/1345 1363/152/1343 1364/152/1344
f 1367/152/1347 447/152/427 443/152/424
f 1368/152/1348 1367/152/1347 1363/152/1343
f 1146/152/1123 1369/152/1351 1370/152/1349
f 1371/152/1350 1369/152/1351 1146/152/1123
f 1369/152/1351 1365/152/1345 1366/152/1346
f 1371/152/1350 1368/152/1348 1365/152/1345
f 1166/152/1144 1169/152/1143 1373/152/1352
f 1374/152/1354 1372/152/1353 1373/152/1352
f 1152/152/1128 1166/152/1144 1372/152/1353
f 1368/152/1348 1371/152/1350 1372/152/1353
f 450/152/432 1376/152/1357 1377/152/1356
f 447/152/427 1367/152/1347 1376/152/1357
f 1376/152/1357 1374/152/1354 1375/152/1355
f 1367/152/1347 1368/152/1348 1374/152/1354
f 1378/152/1358 977/152/954 980/152/956
f 1379/152/1359 1378/152/1358 1335/152/1314
f 1380/152/1360 969/152/957 977/152/954
f 1381/152/1361 1380/152/1360 1378/152/1358
f 1171/152/1152 1382/152/1362 1331/152/1311
f 1177/152/1165 1383/152/1363 1382/152/1362
f 1382/152/1362 1379/152/1359 1333/152/1313
f 1383/152/1363 1381/152/1361 1379/152/1359
f 1384/152/1364 1188/152/1163 1147/152/1164
f 1385/152/1365 1384/152/1364 1370/152/1349
f 1383/152/1363 1177/152/1165 1188/152/1163
f 1381/152/1361 1383/152/1363 1384/152/1364
f 966/152/946 1386/152/1366 1364/152/1344
f 969/152/957 1380/152/1360 1386/152/1366
f 1386/152/1366 1385/152/1365 1366/152/1346
f 1380/152/1360 1381/152/1361 1385/152/1365
f 1387/152/1367 299/152/280 302/152/282
f 1388/152/1368 1387/152/1367 1377/152/1356
f 1389/152/1369 303/152/283 299/152/280
f 1390/152/1370 1389/152/1369 1387/152/1367
f 1391/152/1371 1373/152/1352 1169/152/1143
f 1392/152/1372 1391/152/1371 1191/152/1167
f 1391/152/1371 1388/152/1368 1375/152/1355
f 1392/152/1372 1390/152/1370 1388/152/1368
f 1203/152/1183 1127/152/1182 1358/152/1339
f 1394/152/1374 1393/152/1373 1358/152/1339
f 1194/152/1170 1203/152/1183 1393/152/1373
f 1390/152/1370 1392/152/1372 1393/152/1373
f 306/152/291 1395/152/1375 1352/152/1332
f 303/152/283 1389/152/1369 1395/152/1375
f 1395/152/1375 1394/152/1374 1354/152/1334
f 1389/152/1369 1390/152/1370 1394/152/1374
f 1396/152/1376 1214/152/1192 1217/152/1194
f 1398/152/1378 1396/152/1376 1397/152/1377
f 1400/152/1380 1218/152/1195 1214/152/1192
f 1401/152/1381 1400/152/1380 1396/152/1376
f 1082/152/1063 1402/152/1383 1403/152/1382
f 1085/152/1070 1404/152/1384 1402/152/1383
f 1402/152/1383 1398/152/1378 1399/152/1379
f 1404/152/1384 1401/152/1381 1398/152/1378
f 1405/152/1385 1091/152/1069 387/152/368
f 1406/152/1386 1405/152/1385 1251/152/1228
f 1404/152/1384 1085/152/1070 1091/152/1069
f 1401/152/1381 1404/152/1384 1405/152/1385
f 1221/152/1200 1407/152/1387 1245/152/1224
f 1218/152/1195 1400/152/1380 1407/152/1387
f 1407/152/1387 1406/152/1386 1248/152/1226
f 1400/152/1380 1401/152/1381 1406/152/1386
f 1408/152/1388 1238/152/1214 1237/152/1262
f 1409/152/1389 1408/152/1388 1283/152/1264
f 1410/152/1390 1229/152/1216 1238/152/1214
f 1411/152/1391 1410/152/1390 1408/152/1388
f 262/152/244 1412/152/1393 1277/152/1256
f 1413/152/1392 1412/152/1393 262/152/244
f 1412/152/1393 1409/152/1389 1279/152/1257
f 1413/152/1392 1411/152/1391 1409/152/1389
f 1414/152/1394 255/152/238 258/152/240
f 1415/152/1395 1414/152/1394 1403/152/1382
f 1413/152/1392 259/152/242 255/152/238
f 1411/152/1391 1413/152/1392 1414/152/1394
f 1226/152/1206 1416/152/1396 1397/152/1377
f 1229/152/1216 1410/152/1390 1416/152/1396
f 1416/152/1396 1415/152/1395 1399/152/1379
f 1410/152/1390 1411/152/1391 1415/152/1395
f 1417/152/1397 601/152/577 596/152/572
f 1419/152/1399 1417/152/1397 1418/152/1398
f 1421/152/1401 594/152/570 593/152/890
f 1422/152/1402 1421/152/1401 913/152/889
f 1418/152/1398 596/152/572 594/152/570
f 1420/152/1400 1418/152/1398 1421/152/1401
f 906/152/883 494/152/475 904/152/880
f 1423/152/1403 904/152/880 902/152/878
f 908/152/885 906/152/883 1423/152/1403
f 1422/152/1402 1423/152/1403 1424/152/1404
f 1424/152/1404 902/152/878 900/152/877
f 1420/152/1400 1424/152/1404 1425/152/1405
f 1346/152/1326 918/152/895 917/152/899
f 1426/152/1406 917/152/899 914/152/891
f 1428/152/1408 1348/152/1327 1346/152/1326
f 1428/152/1408 1426/152/1406 1427/152/1407
f 1430/152/1410 911/152/888 593/152/890
f 1431/152/1411 1430/152/1410 592/152/569
f 1427/152/1407 914/152/891 911/152/888
f 1429/152/1409 1427/152/1407 1430/152/1410
f 607/152/584 289/152/268 288/152/271
f 1432/152/1412 288/152/271 285/152/265
f 598/152/574 607/152/584 1432/152/1412
f 1431/152/1411 1432/152/1412 1433/152/1413
f 1434/152/1414 283/152/263 282/152/519
f 1435/152/1415 1434/152/1414 1015/152/991
f 1433/152/1413 285/152/265 283/152/263
f 1429/152/1409 1433/152/1413 1434/152/1414
f 1008/152/985 1007/152/984 1350/152/1330
f 1436/152/1416 1350/152/1330 1348/152/1327
f 1010/152/987 1008/152/985 1436/152/1416
f 1435/152/1415 1436/152/1416 1428/152/1408
f 1437/152/1417 1438/152/1423 1439/152/1418
f 1441/152/1420 1437/152/1417 1440/152/1419
f 1443/152/1422 1444/152/1440 1438/152/1423
f 1445/152/1424 1443/152/1422 1437/152/1417
f 1446/152/1425 1447/152/1429 1448/152/1426
f 1450/152/1428 1451/152/1430 1447/152/1429
f 1447/152/1429 1441/152/1420 1442/152/1421
f 1451/152/1430 1445/152/1424 1441/152/1420
f 1452/152/1431 1453/152/1436 1454/152/1432
f 1456/152/1434 1452/152/1431 1455/152/1433
f 1451/152/1430 1450/152/1428 1453/152/1436
f 1445/152/1424 1451/152/1430 1452/152/1431
f 1458/152/1437 1459/152/1441 1460/152/1438
f 1444/152/1440 1443/152/1422 1459/152/1441
f 1459/152/1441 1456/152/1434 1457/152/1435
f 1443/152/1422 1445/152/1424 1456/152/1434
f 1462/152/1442 1463/152/1448 1464/152/1443
f 1466/152/1445 1462/152/1442 1465/152/1444
f 1468/152/1447 1469/152/1470 1463/152/1448
f 1470/152/1449 1468/152/1447 1462/152/1442
f 1471/152/1450 1472/152/1454 1473/152/1451
f 1475/152/1453 1476/152/1455 1472/152/1454
f 1472/152/1454 1466/152/1445 1467/152/1446
f 1476/152/1455 1470/152/1449 1466/152/1445
f 1478/152/1456 1479/152/2246 1480/152/1457
f 1477/152/1458 1480/152/1457 1482/152/1459
f 1476/152/1455 1475/152/1453 1478/152/1456
f 1470/152/1449 1476/152/1455 1477/152/1458
f 1484/152/1461 1485/152/1466 1486/152/1462
f 1488/152/1464 1484/152/1461 1483/152/1463
f 1481/152/1460 1482/152/1459 1485/152/1466
f 1488/152/1464 1470/152/1449 1481/152/1460
f 1490/152/1467 1491/152/1758 1492/152/1468
f 1489/152/1469 1492/152/1468 1469/152/1470
f 1487/152/1465 1490/152/1467 1489/152/1469
f 1488/152/1464 1489/152/1469 1468/152/1447
f 1493/152/1471 268/152/250 267/152/249
f 1495/152/1473 1493/152/1471 1494/152/1472
f 1497/152/1475 270/152/252 268/152/250
f 1498/152/1476 1497/152/1475 1493/152/1471
f 1500/152/1477 1501/152/1482 1502/152/1478
f 1504/152/1480 1500/152/1477 1499/152/1479
f 1495/152/1473 1496/152/1474 1501/152/1482
f 1498/152/1476 1495/152/1473 1500/152/1477
f 1506/152/1483 1507/152/1728 1508/152/1484
f 1505/152/1485 1508/152/1484 1510/152/1486
f 1503/152/1481 1506/152/1483 1505/152/1485
f 1504/152/1480 1505/152/1485 1509/152/1487
f 1511/152/1488 1512/152/1489 277/152/257
f 270/152/252 1497/152/1475 1511/152/1488
f 1509/152/1487 1510/152/1486 1512/152/1489
f 1498/152/1476 1509/152/1487 1511/152/1488
f 1513/152/1490 1514/152/1496 1515/152/1491
f 1517/152/1493 1513/152/1490 1516/152/1492
f 1519/152/1495 1520/152/1513 1514/152/1496
f 1521/152/1497 1519/152/1495 1513/152/1490
f 1522/152/1498 1523/152/1502 1524/152/1499
f 1526/152/1501 1527/152/1503 1523/152/1502
f 1523/152/1502 1517/152/1493 1518/152/1494
f 1527/152/1503 1521/152/1497 1517/152/1493
f 1528/152/1504 1529/152/1509 1530/152/1505
f 1532/152/1507 1528/152/1504 1531/152/1506
f 1527/152/1503 1526/152/1501 1529/152/1509
f 1521/152/1497 1527/152/1503 1528/152/1504
f 1534/152/1510 1535/152/1514 1536/152/1511
f 1520/152/1513 1519/152/1495 1535/152/1514
f 1535/152/1514 1532/152/1507 1533/152/1508
f 1519/152/1495 1521/152/1497 1532/152/1507
f 1538/152/1515 1539/152/1521 1540/152/1516
f 1542/152/1518 1538/152/1515 1541/152/1517
f 1544/152/1520 1545/152/1533 1539/152/1521
f 1546/152/1522 1544/152/1520 1538/152/1515
f 1548/152/1523 1549/152/1528 1550/152/1524
f 1552/152/1526 1548/152/1523 1547/152/1525
f 1542/152/1518 1543/152/1519 1549/152/1528
f 1552/152/1526 1546/152/1522 1542/152/1518
f 1553/152/1529 1554/152/1531 332/152/312
f 1555/152/1530 1553/152/1529 331/152/316
f 1552/152/1526 1551/152/1527 1554/152/1531
f 1546/152/1522 1552/152/1526 1553/152/1529
f 1556/152/1532 1557/152/1534 324/152/305
f 1545/152/1533 1544/152/1520 1557/152/1534
f 1557/152/1534 1555/152/1530 328/152/308
f 1544/152/1520 1546/152/1522 1555/152/1530
f 1440/152/1419 1439/152/1418 1559/152/1535
f 1558/152/1536 1559/152/1535 1561/152/1537
f 1442/152/1421 1440/152/1419 1558/152/1536
f 1563/152/1540 1562/152/1539 1558/152/1536
f 1564/152/1541 1565/152/1545 1566/152/1542
f 1568/152/1544 1569/152/1546 1565/152/1545
f 1565/152/1545 1560/152/1538 1561/152/1537
f 1569/152/1546 1563/152/1540 1560/152/1538
f 1570/152/1547 1571/152/1552 1572/152/1548
f 1574/152/1550 1570/152/1547 1573/152/1549
f 1569/152/1546 1568/152/1544 1571/152/1552
f 1563/152/1540 1569/152/1546 1570/152/1547
f 1576/152/1553 1577/152/1554 1449/152/1427
f 1562/152/1539 1576/152/1553 1448/152/1426
f 1576/152/1553 1574/152/1550 1575/152/1551
f 1562/152/1539 1563/152/1540 1574/152/1550
f 1578/152/1555 1579/152/1561 1580/152/1556
f 1582/152/1558 1578/152/1555 1581/152/1557
f 1584/152/1560 1585/152/1573 1579/152/1561
f 1586/152/1562 1584/152/1560 1578/152/1555
f 1587/152/1563 1588/152/1567 1589/152/1564
f 1591/152/1566 1592/152/1568 1588/152/1567
f 1588/152/1567 1582/152/1558 1583/152/1559
f 1592/152/1568 1586/152/1562 1582/152/1558
f 1593/152/1569 1594/152/1571 377/152/357
f 1595/152/1570 1593/152/1569 376/152/361
f 1592/152/1568 1591/152/1566 1594/152/1571
f 1586/152/1562 1592/152/1568 1593/152/1569
f 1596/152/1572 1597/152/1574 369/152/350
f 1585/152/1573 1584/152/1560 1597/152/1574
f 1597/152/1574 1595/152/1570 373/152/353
f 1584/152/1560 1586/152/1562 1595/152/1570
f 1598/152/1575 1599/152/1581 1600/152/1576
f 1602/152/1578 1598/152/1575 1601/152/1577
f 1604/152/1580 1605/152/1598 1599/152/1581
f 1606/152/1582 1604/152/1580 1598/152/1575
f 1607/152/1583 1608/152/1587 1609/152/1584
f 1611/152/1586 1612/152/1588 1608/152/1587
f 1608/152/1587 1602/152/1578 1603/152/1579
f 1612/152/1588 1606/152/1582 1602/152/1578
f 1613/152/1589 1614/152/1594 1615/152/1590
f 1617/152/1592 1613/152/1589 1616/152/1591
f 1612/152/1588 1611/152/1586 1614/152/1594
f 1606/152/1582 1612/152/1588 1613/152/1589
f 1619/152/1595 1620/152/1599 1621/152/1596
f 1605/152/1598 1604/152/1580 1620/152/1599
f 1620/152/1599 1617/152/1592 1618/152/1593
f 1604/152/1580 1606/152/1582 1617/152/1592
f 1623/152/1600 1624/152/1606 1625/152/1601
f 1627/152/1603 1623/152/1600 1626/152/1602
f 1629/152/1605 1630/152/1623 1624/152/1606
f 1631/152/1607 1629/152/1605 1623/152/1600
f 1632/152/1608 1633/152/1612 1634/152/1609
f 1636/152/1611 1637/152/1613 1633/152/1612
f 1633/152/1612 1627/152/1603 1628/152/1604
f 1637/152/1613 1631/152/1607 1627/152/1603
f 1638/152/1614 1639/152/1619 1640/152/1615
f 1642/152/1617 1638/152/1614 1641/152/1616
f 1637/152/1613 1636/152/1611 1639/152/1619
f 1631/152/1607 1637/152/1613 1638/152/1614
f 1644/152/1620 1645/152/1624 1646/152/1621
f 1630/152/1623 1629/152/1605 1645/152/1624
f 1645/152/1624 1642/152/1617 1643/152/1618
f 1629/152/1605 1631/152/1607 1642/152/1617
f 1648/152/1625 1649/152/1630 1580/152/1556
f 1651/152/1627 1648/152/1625 1650/152/1626
f 1653/152/1629 1654/152/1642 1649/152/1630
f 1655/152/1631 1653/152/1629 1648/152/1625
f 1514/152/1496 1656/152/1633 1657/152/1632
f 1520/152/1513 1658/152/1634 1656/152/1633
f 1656/152/1633 1651/152/1627 1652/152/1628
f 1658/152/1634 1655/152/1631 1651/152/1627
f 1659/152/1635 1534/152/1510 1537/152/1512
f 1661/152/1637 1659/152/1635 1660/152/1636
f 1658/152/1634 1520/152/1513 1534/152/1510
f 1655/152/1631 1658/152/1634 1659/152/1635
f 1663/152/1639 1664/152/1643 1665/152/1640
f 1654/152/1642 1653/152/1629 1664/152/1643
f 1664/152/1643 1661/152/1637 1662/152/1638
f 1653/152/1629 1655/152/1631 1661/152/1637
f 1667/152/1644 1668/152/1649 1615/152/1590
f 1670/152/1646 1667/152/1644 1669/152/1645
f 1672/152/1648 1673/152/1661 1668/152/1649
f 1674/152/1650 1672/152/1648 1667/152/1644
f 1624/152/1606 1675/152/1652 1676/152/1651
f 1630/152/1623 1677/152/1653 1675/152/1652
f 1675/152/1652 1670/152/1646 1671/152/1647
f 1677/152/1653 1674/152/1650 1670/152/1646
f 1678/152/1654 1644/152/1620 1647/152/1622
f 1680/152/1656 1678/152/1654 1679/152/1655
f 1677/152/1653 1630/152/1623 1644/152/1620
f 1674/152/1650 1677/152/1653 1678/152/1654
f 1682/152/1658 1683/152/1662 1684/152/1659
f 1673/152/1661 1672/152/1648 1683/152/1662
f 1683/152/1662 1680/152/1656 1681/152/1657
f 1672/152/1648 1674/152/1650 1680/152/1656
f 1686/152/1663 1564/152/1541 1567/152/1543
f 1688/152/1665 1686/152/1663 1687/152/1664
f 1690/152/1667 1568/152/1544 1564/152/1541
f 1691/152/1668 1690/152/1667 1686/152/1663
f 1692/152/1669 1693/152/1672 1694/152/1670
f 1695/152/1671 1696/152/1673 1693/152/1672
f 1693/152/1672 1688/152/1665 1689/152/1666
f 1696/152/1673 1691/152/1668 1688/152/1665
f 1697/152/1674 1698/152/1679 1699/152/1675
f 1701/152/1677 1697/152/1674 1700/152/1676
f 1696/152/1673 1695/152/1671 1698/152/1679
f 1691/152/1668 1696/152/1673 1697/152/1674
f 1571/152/1552 1703/152/1681 1704/152/1680
f 1568/152/1544 1690/152/1667 1703/152/1681
f 1703/152/1681 1701/152/1677 1702/152/1678
f 1690/152/1667 1691/152/1668 1701/152/1677
f 1705/152/1682 1706/152/1688 1707/152/1683
f 1709/152/1685 1705/152/1682 1708/152/1684
f 1711/152/1687 1712/152/1706 1706/152/1688
f 1713/152/1689 1711/152/1687 1705/152/1682
f 1714/152/1690 1715/152/1694 1716/152/1691
f 1718/152/1693 1719/152/1695 1715/152/1694
f 1715/152/1694 1709/152/1685 1710/152/1686
f 1719/152/1695 1713/152/1689 1709/152/1685
f 1720/152/1696 1721/152/1698 1461/152/1439
f 1722/152/1697 1720/152/1696 1460/152/1438
f 1719/152/1695 1718/152/1693 1721/152/1698
f 1713/152/1689 1719/152/1695 1720/152/1696
f 1723/152/1699 1724/152/1701 1455/152/1433
f 1725/152/1700 1726/152/1702 1724/152/1701
f 1724/152/1701 1722/152/1697 1457/152/1435
f 1726/152/1702 1713/152/1689 1722/152/1697
f 1727/152/1703 1728/152/1707 1729/152/1704
f 1727/152/1703 1730/152/1705 1712/152/1706
f 1726/152/1702 1725/152/1700 1728/152/1707
f 1726/152/1702 1727/152/1703 1711/152/1687
f 1731/152/1708 1522/152/1498 1525/152/1500
f 1733/152/1710 1731/152/1708 1732/152/1709
f 1735/152/1712 1526/152/1501 1522/152/1498
f 1736/152/1713 1735/152/1712 1731/152/1708
f 1737/152/1714 1738/152/1717 1739/152/1715
f 1741/152/1716 1742/152/1718 1738/152/1717
f 1738/152/1717 1733/152/1710 1734/152/1711
f 1742/152/1718 1736/152/1713 1733/152/1710
f 1743/152/1719 1744/152/1724 1745/152/1720
f 1747/152/1722 1743/152/1719 1746/152/1721
f 1742/152/1718 1741/152/1716 1744/152/1724
f 1736/152/1713 1742/152/1718 1743/152/1719
f 1529/152/1509 1749/152/1726 1750/152/1725
f 1526/152/1501 1735/152/1712 1749/152/1726
f 1749/152/1726 1747/152/1722 1748/152/1723
f 1735/152/1712 1736/152/1713 1747/152/1722
f 1751/152/1727 1508/152/1484 1507/152/1728
f 1753/152/1730 1751/152/1727 1752/152/1729
f 1755/152/1732 1510/152/1486 1508/152/1484
f 1756/152/523 1755/152/1732 1751/152/1727
f 1757/152/1733 1758/152/1734 1759/152/531
f 1760/152/1733 1761/152/1735 1758/152/1734
f 1758/152/1734 1753/152/1730 1754/152/1731
f 1761/152/1735 1756/152/523 1753/152/1730
f 1762/152/526 1763/152/1736 550/152/527
f 1764/152/523 1762/152/526 549/152/530
f 1761/152/1735 1760/152/1733 1763/152/1736
f 1756/152/523 1761/152/1735 1762/152/526
f 1512/152/1489 1765/152/1737 544/152/524
f 1510/152/1486 1755/152/1732 1765/152/1737
f 1765/152/1737 1764/152/523 546/152/523
f 1755/152/1732 1756/152/523 1764/152/523
f 1766/152/1738 1767/152/1744 1768/152/1739
f 1770/152/1741 1766/152/1738 1769/152/1740
f 1772/152/1743 1773/152/1754 1767/152/1744
f 1774/152/1745 1772/152/1743 1766/152/1738
f 1775/152/1746 1776/152/1749 1777/152/1747
f 1778/152/1748 1779/152/1750 1776/152/1749
f 1776/152/1749 1770/152/1741 1771/152/1742
f 1779/152/1750 1774/152/1745 1770/152/1741
f 1779/152/1750 1778/152/1748 1781/152/1751
f 1774/152/1745 1779/152/1750 1780/152/1752
f 1773/152/1754 1772/152/1743 1784/152/1755
f 1772/152/1743 1774/152/1745 1782/152/1753
f 1785/152/1757 1492/152/1468 1491/152/1758
f 1787/152/1760 1785/152/1757 1786/152/1759
f 1789/152/1762 1469/152/1470 1492/152/1468
f 1790/152/1763 1789/152/1762 1785/152/1757
f 1791/152/1764 1787/152/1760 1788/152/1761
f 1793/152/1766 1790/152/1763 1787/152/1760
f 1796/152/1767 1794/152/1770 1795/152/1768
f 1790/152/1763 1793/152/1766 1794/152/1770
f 1463/152/1448 1798/152/1772 1799/152/1771
f 1469/152/1470 1789/152/1762 1798/152/1772
f 1798/152/1772 1796/152/1767 1797/152/1769
f 1789/152/1762 1790/152/1763 1796/152/1767
f 1801/152/1773 1802/152/2098 1803/152/1774
f 1800/152/1775 1803/152/1774 1805/152/1776
f 1807/152/1778 1801/152/1773 1800/152/1775
f 1806/152/1779 1800/152/1775 1804/152/1777
f 1810/152/1781 1811/152/1785 1502/152/1478
f 1813/152/1783 1810/152/1781 1809/152/1782
f 1804/152/1777 1805/152/1776 1811/152/1785
f 1808/152/1780 1804/152/1777 1810/152/1781
f 1812/152/1784 1815/152/2195 1814/152/1786
f 1813/152/1783 1814/152/1786 1816/152/1787
f 1806/152/1779 1818/152/1789 1817/152/1788
f 1808/152/1780 1816/152/1787 1818/152/1789
f 1547/152/1525 1550/152/1524 1820/152/1790
f 1819/152/1791 1820/152/1790 1822/152/1792
f 1551/152/1527 1547/152/1525 1819/152/1791
f 1823/152/1794 1819/152/1791 1821/152/1793
f 1821/152/1793 1822/152/1792 1826/152/1796
f 1824/152/1795 1821/152/1793 1825/152/1797
f 1829/152/1799 1828/152/1800 621/152/596
f 1824/152/1795 1827/152/1798 1828/152/1800
f 1554/152/1531 1830/152/1801 616/152/592
f 1551/152/1527 1823/152/1794 1830/152/1801
f 1830/152/1801 1829/152/1799 618/152/593
f 1823/152/1794 1824/152/1795 1829/152/1799
f 1831/152/1802 1832/152/1807 1640/152/1615
f 1834/152/1804 1831/152/1802 1833/152/1803
f 1836/152/1806 1837/152/1818 1832/152/1807
f 1838/152/1808 1836/152/1806 1831/152/1802
f 1839/152/1809 1840/152/1813 1841/152/1810
f 1843/152/1812 1844/152/1814 1840/152/1813
f 1840/152/1813 1834/152/1804 1835/152/1805
f 1844/152/1814 1838/152/1808 1834/152/1804
f 1844/152/1814 1843/152/1812 1846/152/1815
f 1838/152/1808 1844/152/1814 1845/152/1816
f 1837/152/1818 1836/152/1806 1849/152/1819
f 1836/152/1806 1838/152/1808 1847/152/1817
f 1850/152/1821 1851/152/1824 1647/152/1622
f 1852/152/1822 1850/152/1821 1646/152/1621
f 1853/152/1823 1854/152/1830 1851/152/1824
f 1855/152/1825 1853/152/1823 1850/152/1821
f 1832/152/1807 1856/152/1826 1641/152/1616
f 1837/152/1818 1857/152/1827 1856/152/1826
f 1856/152/1826 1852/152/1822 1643/152/1618
f 1857/152/1827 1855/152/1825 1852/152/1822
f 1857/152/1827 1837/152/1818 1848/152/1820
f 1855/152/1825 1857/152/1827 1858/152/1828
f 1854/152/1830 1853/152/1823 1861/152/1831
f 1853/152/1823 1855/152/1825 1859/152/1829
f 1862/152/1833 1775/152/1746 1685/152/1660
f 1863/152/1834 1862/152/1833 1684/152/1659
f 1864/152/1835 1778/152/1748 1775/152/1746
f 1865/152/1836 1864/152/1835 1862/152/1833
f 1851/152/1824 1866/152/1837 1679/152/1655
f 1854/152/1830 1867/152/1838 1866/152/1837
f 1866/152/1837 1863/152/1834 1681/152/1657
f 1867/152/1838 1865/152/1836 1863/152/1834
f 1867/152/1838 1854/152/1830 1860/152/1832
f 1865/152/1836 1867/152/1838 1868/152/1839
f 1778/152/1748 1864/152/1835 1870/152/1841
f 1864/152/1835 1865/152/1836 1869/152/1840
f 1871/152/1842 1839/152/1809 1842/152/1811
f 1873/152/1844 1871/152/1842 1872/152/1843
f 1875/152/1846 1843/152/1812 1839/152/1809
f 1875/152/1846 1871/152/1842 1873/152/1844
f 1878/152/1848 1879/152/1853 1880/152/1849
f 1882/152/1851 1878/152/1848 1877/152/1850
f 1873/152/1844 1874/152/1845 1879/152/1853
f 1876/152/1847 1873/152/1844 1878/152/1848
f 1881/152/1852 1884/152/1890 1883/152/1854
f 1882/152/1851 1883/152/1854 1885/152/1855
f 1843/152/1812 1875/152/1846 1886/152/1856
f 1876/152/1847 1885/152/1855 1886/152/1856
f 1891/152/1857 1888/152/2079 1887/152/1858
f 1890/152/1859 1887/152/1858 1889/152/1860
f 1895/152/1862 1896/152/1865 1894/152/1863
f 1896/152/1865 1892/152/1861 1889/152/1860
f 1897/152/1866 1898/152/1871 1899/152/1867
f 1897/152/1866 1900/152/1868 1902/152/1869
f 1896/152/1865 1895/152/1862 1898/152/1871
f 1892/152/1861 1896/152/1865 1897/152/1866
f 1904/152/1872 1905/152/1874 1717/152/1692
f 1890/152/1859 1904/152/1872 1903/152/1873
f 1901/152/1870 1902/152/1869 1905/152/1874
f 1892/152/1861 1901/152/1870 1904/152/1872
f 1877/152/1850 1880/152/1849 1907/152/1875
f 1908/152/1877 1906/152/1876 1907/152/1875
f 1881/152/1852 1877/152/1850 1906/152/1876
f 1911/152/1880 1910/152/1879 1906/152/1876
f 1912/152/1881 1913/152/1885 1914/152/1882
f 1916/152/1884 1917/152/1886 1913/152/1885
f 1913/152/1885 1908/152/1877 1909/152/1878
f 1917/152/1886 1911/152/1880 1908/152/1877
f 1917/152/1886 1916/152/1884 1919/152/1887
f 1911/152/1880 1917/152/1886 1918/152/1888
f 1910/152/1879 1921/152/1891 1884/152/1890
f 1911/152/1880 1920/152/1889 1921/152/1891
f 1922/152/1892 1912/152/1881 1915/152/1883
f 1924/152/1894 1922/152/1892 1923/152/1893
f 1926/152/1896 1916/152/1884 1912/152/1881
f 1927/152/1897 1926/152/1896 1922/152/1892
f 1929/152/1898 1930/152/1903 1931/152/1899
f 1933/152/1901 1929/152/1898 1928/152/1900
f 1929/152/1898 1924/152/1894 1925/152/1895
f 1933/152/1901 1927/152/1897 1924/152/1894
f 1932/152/1902 1935/152/1928 1934/152/1904
f 1927/152/1897 1933/152/1901 1934/152/1904
f 1916/152/1884 1926/152/1896 1937/152/1906
f 1926/152/1896 1927/152/1897 1936/152/1905
f 1938/152/1907 1939/152/1913 1940/152/1908
f 1942/152/1910 1938/152/1907 1941/152/1909
f 1944/152/1912 1945/152/1924 1939/152/1913
f 1946/152/1914 1944/152/1912 1938/152/1907
f 1947/152/1915 1948/152/1919 1949/152/1916
f 1951/152/1918 1952/152/1920 1948/152/1919
f 1948/152/1919 1942/152/1910 1943/152/1911
f 1952/152/1920 1946/152/1914 1942/152/1910
f 1952/152/1920 1951/152/1918 1954/152/1921
f 1946/152/1914 1952/152/1920 1953/152/1922
f 1945/152/1924 1944/152/1912 1957/152/1925
f 1944/152/1912 1946/152/1914 1955/152/1923
f 1959/152/1927 1958/152/2602 1935/152/1928
f 1960/152/1929 1958/152/2602 1959/152/1927
f 1963/152/1931 1928/152/1900 1931/152/1899
f 1965/152/1933 1963/152/1931 1962/152/1932
f 1963/152/1931 1959/152/1927 1932/152/1902
f 1961/152/1930 1959/152/1927 1963/152/1931
f 1967/152/1935 1899/152/1867 1898/152/1871
f 1966/152/1936 1898/152/1871 1895/152/1862
f 1964/152/1934 1967/152/1935 1966/152/1936
f 1965/152/1933 1966/152/1936 1968/152/1937
f 1968/152/1937 1895/152/1862 1893/152/1864
f 1961/152/1930 1968/152/1937 1969/152/1938
f 1972/152/1939 1970/152/1943 1971/152/1940
f 1975/152/1942 1974/152/1954 1970/152/1943
f 1976/152/1944 1977/152/1948 1978/152/1945
f 1980/152/1947 1981/152/1949 1977/152/1948
f 1977/152/1948 1972/152/1939 1973/152/1941
f 1981/152/1949 1975/152/1942 1972/152/1939
f 1982/152/1950 1983/152/1952 1940/152/1908
f 1982/152/1950 1939/152/1913 1945/152/1924
f 1981/152/1949 1980/152/1947 1983/152/1952
f 1975/152/1942 1981/152/1949 1982/152/1950
f 1984/152/1951 1945/152/1924 1956/152/1926
f 1974/152/1954 1975/152/1942 1984/152/1951
f 1986/152/1955 1458/152/1437 1461/152/1439
f 1988/152/1957 1986/152/1955 1987/152/1956
f 1990/152/1959 1444/152/1440 1458/152/1437
f 1991/152/1960 1990/152/1959 1986/152/1955
f 1992/152/1961 1993/152/1963 1915/152/1883
f 1994/152/1962 1992/152/1961 1914/152/1882
f 1988/152/1957 1989/152/1958 1993/152/1963
f 1994/152/1962 1991/152/1960 1988/152/1957
f 1995/152/1964 1907/152/1875 1880/152/1849
f 1997/152/1966 1995/152/1964 1996/152/1965
f 1909/152/1878 1907/152/1875 1995/152/1964
f 1991/152/1960 1994/152/1962 1995/152/1964
f 1438/152/1423 1999/152/1969 2000/152/1968
f 1444/152/1440 1990/152/1959 1999/152/1969
f 1999/152/1969 1997/152/1966 1998/152/1967
f 1990/152/1959 1991/152/1960 1997/152/1966
f 2001/152/1970 1976/152/1944 1979/152/1946
f 2003/152/1972 2001/152/1970 2002/152/1971
f 2005/152/1974 1980/152/1947 1976/152/1944
f 2006/152/1975 2005/152/1974 2001/152/1970
f 2007/152/1976 2008/152/1978 1491/152/1758
f 2009/152/1977 2007/152/1976 1490/152/1467
f 2007/152/1976 2003/152/1972 2004/152/1973
f 2009/152/1977 2006/152/1975 2003/152/1972
f 1483/152/1463 1486/152/1462 2011/152/1979
f 2010/152/1980 2011/152/1979 2013/152/1981
f 1487/152/1465 1483/152/1463 2010/152/1980
f 2009/152/1977 2010/152/1980 2012/152/1982
f 2014/152/1983 2015/152/1985 1950/152/1917
f 2016/152/1984 2014/152/1983 1949/152/1916
f 2012/152/1982 2013/152/1981 2015/152/1985
f 2006/152/1975 2012/152/1982 2014/152/1983
f 1941/152/1909 1940/152/1908 1983/152/1952
f 2017/152/1986 1983/152/1952 1980/152/1947
f 1943/152/1911 1941/152/1909 2017/152/1986
f 2016/152/1984 2017/152/1986 2005/152/1974
f 2018/152/1987 1559/152/1535 1439/152/1418
f 2019/152/1988 2018/152/1987 2000/152/1968
f 2020/152/1989 1561/152/1537 1559/152/1535
f 2021/152/1990 2020/152/1989 2018/152/1987
f 1879/152/1853 2022/152/1991 1996/152/1965
f 1874/152/1845 2023/152/1992 2022/152/1991
f 2022/152/1991 2019/152/1988 1998/152/1967
f 2023/152/1992 2021/152/1990 2019/152/1988
f 1872/152/1843 1842/152/1811 2025/152/1993
f 2024/152/1994 2025/152/1993 2027/152/1995
f 1874/152/1845 1872/152/1843 2024/152/1994
f 2023/152/1992 2024/152/1994 2026/152/1996
f 2028/152/1997 2029/152/1998 1567/152/1543
f 2020/152/1989 2028/152/1997 1566/152/1542
f 2026/152/1996 2027/152/1995 2029/152/1998
f 2021/152/1990 2026/152/1996 2028/152/1997
f 2030/152/1999 2031/152/2002 1622/152/1597
f 2032/152/2000 2030/152/1999 1621/152/1596
f 2033/152/2001 2034/152/2009 2031/152/2002
f 2035/152/2003 2033/152/2001 2030/152/1999
f 1668/152/1649 2036/152/2004 1616/152/1591
f 1673/152/1661 2037/152/2005 2036/152/2004
f 2036/152/2004 2032/152/2000 1618/152/1593
f 2037/152/2005 2035/152/2003 2032/152/2000
f 2038/152/2006 1682/152/1658 1685/152/1660
f 2039/152/2007 2038/152/2006 1777/152/1747
f 2037/152/2005 1673/152/1661 1682/152/1658
f 2035/152/2003 2037/152/2005 2038/152/2006
f 2040/152/2008 2041/152/2010 1769/152/1740
f 2034/152/2009 2033/152/2001 2041/152/2010
f 2041/152/2010 2039/152/2007 1771/152/1742
f 2033/152/2001 2035/152/2003 2039/152/2007
f 2042/152/2011 2043/152/2017 2044/152/2012
f 2046/152/2014 2042/152/2011 2045/152/2013
f 2048/152/2016 2049/152/2025 2043/152/2017
f 2050/152/2018 2048/152/2016 2042/152/2011
f 1698/152/1679 2051/152/2020 2052/152/2019
f 1695/152/1671 2053/152/2021 2051/152/2020
f 2051/152/2020 2046/152/2014 2047/152/2015
f 2053/152/2021 2050/152/2018 2046/152/2014
f 2054/152/2022 1692/152/1669 1635/152/1610
f 2055/152/2023 2054/152/2022 1634/152/1609
f 2053/152/2021 1695/152/1671 1692/152/1669
f 2050/152/2018 2053/152/2021 2054/152/2022
f 2056/152/2024 2057/152/2026 1626/152/1602
f 2049/152/2025 2048/152/2016 2057/152/2026
f 2057/152/2026 2055/152/2023 1628/152/1604
f 2048/152/2016 2050/152/2018 2055/152/2023
f 2058/152/2027 1607/152/1583 1610/152/1585
f 2060/152/2029 2058/152/2027 2059/152/2028
f 2062/152/2031 1611/152/1586 1607/152/1583
f 2063/152/2032 2062/152/2031 2058/152/2027
f 2043/152/2017 2064/152/2034 2065/152/2033
f 2049/152/2025 2066/152/2035 2064/152/2034
f 2064/152/2034 2060/152/2029 2061/152/2030
f 2066/152/2035 2063/152/2032 2060/152/2029
f 2067/152/2036 2056/152/2024 1625/152/1601
f 2068/152/2037 2067/152/2036 1676/152/1651
f 2066/152/2035 2049/152/2025 2056/152/2024
f 2063/152/2032 2066/152/2035 2067/152/2036
f 1614/152/1594 2069/152/2038 1669/152/1645
f 1611/152/1586 2062/152/2031 2069/152/2038
f 2069/152/2038 2068/152/2037 1671/152/1647
f 2062/152/2031 2063/152/2032 2068/152/2037
f 2070/152/2039 2025/152/1993 1842/152/1811
f 2071/152/2040 2070/152/2039 1841/152/1810
f 2072/152/2041 2027/152/1995 2025/152/1993
f 2073/152/2042 2072/152/2041 2070/152/2039
f 1639/152/1619 2074/152/2043 1833/152/1803
f 1636/152/1611 2075/152/2044 2074/152/2043
f 2074/152/2043 2071/152/2040 1835/152/1805
f 2075/152/2044 2073/152/2042 2071/152/2040
f 2076/152/2045 1632/152/1608 1635/152/1610
f 2077/152/2046 2076/152/2045 1694/152/1670
f 2075/152/2044 1636/152/1611 1632/152/1608
f 2073/152/2042 2075/152/2044 2076/152/2045
f 2029/152/1998 2078/152/2047 1687/152/1664
f 2027/152/1995 2072/152/2041 2078/152/2047
f 2078/152/2047 2077/152/2046 1689/152/1666
f 2072/152/2041 2073/152/2042 2077/152/2046
f 1923/152/1893 1915/152/1883 1993/152/1963
f 2079/152/2048 1993/152/1963 1989/152/1958
f 1925/152/1895 1923/152/1893 2079/152/2048
f 2082/152/2051 2081/152/2050 2079/152/2048
f 1721/152/1698 2083/152/2052 1987/152/1956
f 1718/152/1693 2084/152/2053 2083/152/2052
f 2083/152/2052 2080/152/2049 1989/152/1958
f 2084/152/2053 2082/152/2051 2080/152/2049
f 1714/152/1690 1717/152/1692 1905/152/1874
f 2085/152/2054 1905/152/1874 1902/152/1869
f 1718/152/1693 1714/152/1690 2085/152/2054
f 2084/152/2053 2085/152/2054 2086/152/2055
f 2087/152/2056 1900/152/1868 1899/152/1867
f 2088/152/2057 2087/152/2056 1967/152/1935
f 2086/152/2055 1902/152/1869 1900/152/1868
f 2082/152/2051 2086/152/2055 2087/152/2056
f 1962/152/1932 1931/152/1899 1930/152/1903
f 2089/152/2058 1930/152/1903 1925/152/1895
f 1964/152/1934 1962/152/1932 2089/152/2058
f 2088/152/2057 2089/152/2058 2081/152/2050
f 2090/152/2059 2002/152/1971 1979/152/1946
f 2091/152/2060 2090/152/2059 1978/152/1945
f 2092/152/2061 2004/152/1973 2002/152/1971
f 2093/152/2062 2092/152/2061 2090/152/2059
f 2094/152/2063 2091/152/2060 1973/152/1941
f 2095/152/2064 2093/152/2062 2091/152/2060
f 2097/152/2065 2096/152/2066 1792/152/1765
f 2093/152/2062 2095/152/2064 2096/152/2066
f 2008/152/1978 2098/152/2067 1786/152/1759
f 2092/152/2061 2098/152/2067 2008/152/1978
f 2098/152/2067 2097/152/2065 1788/152/1761
f 2092/152/2061 2093/152/2062 2097/152/2065
f 2099/152/2068 1903/152/1873 1717/152/1692
f 2100/152/2069 2099/152/2068 1716/152/1691
f 1891/152/1857 1903/152/1873 2099/152/2068
f 2102/152/2071 2101/152/2070 2099/152/2068
f 2103/152/2072 2104/152/2074 1708/152/1684
f 2105/152/2073 2106/152/2075 2104/152/2074
f 2104/152/2074 2100/152/2069 1710/152/1686
f 2106/152/2075 2102/152/2071 2100/152/2069
f 2106/152/2075 2105/152/2073 2108/152/2076
f 2102/152/2071 2106/152/2075 2107/152/2077
f 2101/152/2070 2110/152/2080 1888/152/2079
f 2101/152/2070 2102/152/2071 2109/152/2078
f 2111/152/2081 2112/152/2084 1707/152/1683
f 2113/152/2082 2111/152/2081 1706/152/1688
f 2114/152/2083 2115/152/2099 2112/152/2084
f 2116/152/2085 2114/152/2083 2111/152/2081
f 2117/152/2086 2118/152/2088 1730/152/1705
f 2119/152/2087 2120/152/2089 2118/152/2088
f 2118/152/2088 2113/152/2082 1712/152/1706
f 2120/152/2089 2116/152/2085 2113/152/2082
f 2121/152/2090 2122/152/2095 2123/152/2091
f 2125/152/2093 2121/152/2090 2124/152/2092
f 2120/152/2089 2119/152/2087 2122/152/2095
f 2116/152/2085 2120/152/2089 2121/152/2090
f 2127/152/2096 2128/152/2100 2129/152/2097
f 2115/152/2099 2114/152/2083 2128/152/2100
f 2128/152/2100 2125/152/2093 2126/152/2094
f 2114/152/2083 2116/152/2085 2125/152/2093
f 2130/152/2101 2131/152/2104 926/152/903
f 2132/152/2102 2130/152/2101 925/152/908
f 2133/152/2103 2134/152/2114 2131/152/2104
f 2135/152/2105 2133/152/2103 2130/152/2101
f 2136/152/2106 2137/152/2108 940/152/917
f 2138/152/2107 2139/152/2109 2137/152/2108
f 2137/152/2108 2132/152/2102 931/152/920
f 2139/152/2109 2135/152/2105 2132/152/2102
f 2140/152/2110 2141/152/2112 1525/152/1500
f 2142/152/2111 2140/152/2110 1524/152/1499
f 2139/152/2109 2138/152/2107 2141/152/2112
f 2135/152/2105 2139/152/2109 2140/152/2110
f 2143/152/2113 2144/152/2115 1516/152/1492
f 2134/152/2114 2133/152/2103 2144/152/2115
f 2144/152/2115 2142/152/2111 1518/152/1494
f 2133/152/2103 2135/152/2105 2142/152/2111
f 2146/152/2116 1550/152/1524 1549/152/1528
f 2145/152/2117 1549/152/1528 1543/152/1519
f 2149/152/2119 2146/152/2116 2145/152/2117
f 2148/152/2120 2145/152/2117 2147/152/2118
f 2151/152/2122 2152/152/2124 1541/152/1517
f 2153/152/2123 2154/152/2125 2152/152/2124
f 2152/152/2124 2147/152/2118 1543/152/1519
f 2154/152/2125 2150/152/2121 2147/152/2118
f 2155/152/2126 2156/152/2131 2157/152/2127
f 2159/152/2129 2155/152/2126 2158/152/2128
f 2154/152/2125 2153/152/2123 2156/152/2131
f 2150/152/2121 2154/152/2125 2155/152/2126
f 1473/152/1451 2161/152/2133 2162/152/2132
f 1467/152/1446 2163/152/2134 2161/152/2133
f 2161/152/2133 2159/152/2129 2160/152/2130
f 2163/152/2134 2150/152/2121 2159/152/2129
f 2164/152/2135 1465/152/1444 1464/152/1443
f 2148/152/2120 2164/152/2135 2165/152/2136
f 2163/152/2134 1467/152/1446 1465/152/1444
f 2150/152/2121 2163/152/2134 2164/152/2135
f 2166/152/2137 1663/152/1639 1666/152/1641
f 2168/152/2139 2166/152/2137 2167/152/2138
f 2170/152/2141 1654/152/1642 1663/152/1639
f 2171/152/2142 2170/152/2141 2166/152/2137
f 2172/152/2143 2173/152/2147 2174/152/2144
f 2176/152/2146 2177/152/2148 2173/152/2147
f 2173/152/2147 2168/152/2139 2169/152/2140
f 2177/152/2148 2171/152/2142 2168/152/2139
f 2178/152/2149 2179/152/2151 1590/152/1565
f 2180/152/2150 2178/152/2149 1589/152/1564
f 2177/152/2148 2176/152/2146 2179/152/2151
f 2171/152/2142 2177/152/2148 2178/152/2149
f 1649/152/1630 2181/152/2152 1581/152/1557
f 1654/152/1642 2170/152/2141 2181/152/2152
f 2181/152/2152 2180/152/2150 1583/152/1559
f 2170/152/2141 2171/152/2142 2180/152/2150
f 2182/152/2153 1596/152/1572 372/152/352
f 2183/152/2154 2182/152/2153 982/152/962
f 2184/152/2155 1585/152/1573 1596/152/1572
f 2185/152/2156 2184/152/2155 2182/152/2153
f 2131/152/2104 2186/152/2157 991/152/968
f 2134/152/2114 2187/152/2158 2186/152/2157
f 2186/152/2157 2183/152/2154 985/152/969
f 2187/152/2158 2185/152/2156 2183/152/2154
f 2188/152/2159 2143/152/2113 1515/152/1491
f 2189/152/2160 2188/152/2159 1657/152/1632
f 2187/152/2158 2134/152/2114 2143/152/2113
f 2185/152/2156 2187/152/2158 2188/152/2159
f 1579/152/1561 2190/152/2161 1650/152/1626
f 1585/152/1573 2184/152/2155 2190/152/2161
f 2190/152/2161 2189/152/2160 1652/152/1628
f 2184/152/2155 2185/152/2156 2189/152/2160
f 2191/152/2162 2136/152/2106 943/152/919
f 2192/152/2163 2191/152/2162 994/152/974
f 2193/152/2164 2138/152/2107 2136/152/2106
f 2194/152/2165 2193/152/2164 2191/152/2162
f 1763/152/1736 2195/152/2166 1003/152/980
f 1760/152/1733 2196/152/2167 2195/152/2166
f 2195/152/2166 2192/152/2163 997/152/981
f 2196/152/2167 2194/152/2165 2192/152/2163
f 2197/152/2168 1757/152/1733 1740/152/515
f 2198/152/2169 2197/152/2168 1739/152/1715
f 2196/152/2167 1760/152/1733 1757/152/1733
f 2194/152/2165 2196/152/2167 2197/152/2168
f 2141/152/2112 2199/152/2170 1732/152/1709
f 2138/152/2107 2193/152/2164 2199/152/2170
f 2199/152/2170 2198/152/2169 1734/152/1711
f 2193/152/2164 2194/152/2165 2198/152/2169
f 2200/152/2171 2201/152/2177 2202/152/2172
f 2204/152/2174 2200/152/2171 2203/152/2173
f 2206/152/2176 2207/152/2185 2201/152/2177
f 2208/152/2178 2206/152/2176 2200/152/2171
f 1744/152/1724 2209/152/2180 2210/152/2179
f 1741/152/1716 2211/152/2181 2209/152/2180
f 2209/152/2180 2204/152/2174 2205/152/2175
f 2211/152/2181 2208/152/2178 2204/152/2174
f 2212/152/2182 1737/152/1714 1740/152/515
f 2213/152/2183 2212/152/2182 1759/152/531
f 2211/152/2181 1741/152/1716 1737/152/1714
f 2208/152/2178 2211/152/2181 2212/152/2182
f 2214/152/2184 2215/152/2186 1752/152/1729
f 2207/152/2185 2206/152/2176 2215/152/2186
f 2215/152/2186 2213/152/2183 1754/152/1731
f 2206/152/2176 2208/152/2178 2213/152/2183
f 1809/152/1782 1502/152/1478 1501/152/1482
f 2216/152/2187 1501/152/1482 1496/152/1474
f 1812/152/1784 1809/152/1782 2216/152/2187
f 2218/152/2189 2216/152/2187 2217/152/2188
f 1032/152/1010 2220/152/2191 1494/152/1472
f 1030/152/1008 2221/152/2192 2220/152/2191
f 2220/152/2191 2217/152/2188 1496/152/1474
f 2221/152/2192 2219/152/2190 2217/152/2188
f 2221/152/2192 1030/152/1008 1028/152/1007
f 2219/152/2190 2221/152/2192 2222/152/2193
f 2218/152/2189 2224/152/2196 1815/152/2195
f 2219/152/2190 2223/152/2194 2224/152/2196
f 2225/152/2197 1820/152/1790 1550/152/1524
f 2226/152/2198 2225/152/2197 2146/152/2116
f 2227/152/2199 1822/152/1792 1820/152/1790
f 2228/152/2200 2227/152/2199 2225/152/2197
f 1799/152/1771 2229/152/2201 2165/152/2136
f 1797/152/1769 2230/152/2202 2229/152/2201
f 2229/152/2201 2226/152/2198 2149/152/2119
f 2230/152/2202 2228/152/2200 2226/152/2198
f 2230/152/2202 1797/152/1769 1795/152/1768
f 2228/152/2200 2230/152/2202 2231/152/2203
f 1822/152/1792 2227/152/2199 2233/152/2205
f 2227/152/2199 2228/152/2200 2232/152/2204
f 2235/152/2206 1622/152/1597 2031/152/2002
f 2234/152/2207 2031/152/2002 2034/152/2009
f 2238/152/2209 2235/152/2206 2234/152/2207
f 2237/152/2210 2234/152/2207 2236/152/2208
f 2241/152/2212 2040/152/2008 1768/152/1739
f 2243/152/2214 2241/152/2212 2240/152/2213
f 2236/152/2208 2034/152/2009 2040/152/2008
f 2239/152/2211 2236/152/2208 2241/152/2212
f 2245/152/2216 1950/152/1917 2015/152/1985
f 2244/152/2217 2015/152/1985 2013/152/1981
f 2242/152/2215 2245/152/2216 2244/152/2217
f 2243/152/2214 2244/152/2217 2246/152/2218
f 2248/152/2219 2011/152/1979 1486/152/1462
f 2237/152/2210 2248/152/2219 2247/152/2220
f 2246/152/2218 2013/152/1981 2011/152/1979
f 2239/152/2211 2246/152/2218 2248/152/2219
f 2250/152/2221 1590/152/1565 2179/152/2151
f 2249/152/2222 2179/152/2151 2176/152/2146
f 2253/152/2224 2250/152/2221 2249/152/2222
f 2252/152/2225 2249/152/2222 2251/152/2223
f 2256/152/2227 2172/152/2143 2175/152/2145
f 2258/152/2229 2256/152/2227 2255/152/2228
f 2251/152/2223 2176/152/2146 2172/152/2143
f 2254/152/2226 2251/152/2223 2256/152/2227
f 2260/152/2231 2157/152/2127 2156/152/2131
f 2259/152/2232 2156/152/2131 2153/152/2123
f 2257/152/2230 2260/152/2231 2259/152/2232
f 2258/152/2229 2259/152/2232 2261/152/2233
f 2263/152/2234 2151/152/2122 1540/152/1516
f 2252/152/2225 2263/152/2234 2262/152/2235
f 2261/152/2233 2153/152/2123 2151/152/2122
f 2254/152/2226 2261/152/2233 2263/152/2234
f 2240/152/2213 1768/152/1739 1767/152/1744
f 2264/152/2236 1767/152/1744 1773/152/1754
f 2242/152/2215 2240/152/2213 2264/152/2236
f 2266/152/2238 2264/152/2236 2265/152/2237
f 2265/152/2237 1773/152/1754 1783/152/1756
f 2267/152/2239 2265/152/2237 2268/152/2240
f 2270/152/2242 1954/152/1921 1951/152/1918
f 2269/152/2241 2270/152/2242 2271/152/2243
f 2272/152/2244 1947/152/1915 1950/152/1917
f 2266/152/2238 2272/152/2244 2245/152/2216
f 2271/152/2243 1951/152/1918 1947/152/1915
f 2267/152/2239 2271/152/2243 2272/152/2244
f 2273/152/2245 1480/152/1457 1479/152/2246
f 2275/152/2248 2273/152/2245 2274/152/2247
f 2277/152/2250 1482/152/1459 1480/152/1457
f 2278/152/2251 2277/152/2250 2273/152/2245
f 1599/152/1581 2279/152/2253 2280/152/2252
f 1605/152/1598 2281/152/2254 2279/152/2253
f 2279/152/2253 2275/152/2248 2276/152/2249
f 2281/152/2254 2278/152/2251 2275/152/2248
f 2282/152/2255 1619/152/1595 1622/152/1597
f 2283/152/2256 2282/152/2255 2235/152/2206
f 2281/152/2254 1605/152/1598 1619/152/1595
f 2278/152/2251 2281/152/2254 2282/152/2255
f 1485/152/1466 2284/152/2257 2247/152/2220
f 1482/152/1459 2277/152/2250 2284/152/2257
f 2284/152/2257 2283/152/2256 2238/152/2209
f 2277/152/2250 2278/152/2251 2283/152/2256
f 1094/152/1072 377/152/357 1594/152/1571
f 2285/152/2258 1594/152/1571 1591/152/1566
f 1096/152/1074 1094/152/1072 2285/152/2258
f 2287/152/2260 2285/152/2258 2286/152/2259
f 2289/152/2262 1587/152/1563 1590/152/1565
f 2290/152/2263 2289/152/2262 2250/152/2221
f 2286/152/2259 1591/152/1566 1587/152/1563
f 2288/152/2261 2286/152/2259 2289/152/2262
f 2262/152/2235 1540/152/1516 1539/152/1521
f 2291/152/2264 1539/152/1521 1545/152/1533
f 2253/152/2224 2262/152/2235 2291/152/2264
f 2290/152/2263 2291/152/2264 2292/152/2265
f 2293/152/2266 1556/152/1532 327/152/307
f 2287/152/2260 2293/152/2266 1100/152/1080
f 2292/152/2265 1545/152/1533 1556/152/1532
f 2288/152/2261 2292/152/2265 2293/152/2266
f 2295/152/2267 2296/152/2295 2297/152/2268
f 2294/152/2269 2297/152/2268 2299/152/2270
f 2301/152/2272 2295/152/2267 2294/152/2269
f 2300/152/2273 2294/152/2269 2298/152/2271
f 2122/152/2095 2303/152/2276 2304/152/2275
f 2119/152/2087 2305/152/2277 2303/152/2276
f 2298/152/2271 2299/152/2270 2304/152/2275
f 2302/152/2274 2298/152/2271 2303/152/2276
f 2306/152/2278 2117/152/2086 1729/152/1704
f 2308/152/2280 2306/152/2278 2307/152/2279
f 2305/152/2277 2119/152/2087 2117/152/2086
f 2302/152/2274 2305/152/2277 2306/152/2278
f 2311/152/2282 2312/152/2285 2313/152/2283
f 2300/152/2273 2311/152/2282 2310/152/2284
f 2308/152/2280 2309/152/2281 2312/152/2285
f 2302/152/2274 2308/152/2280 2311/152/2282
f 2315/152/2286 2316/152/2357 2317/152/2287
f 2314/152/2288 2317/152/2287 2319/152/2289
f 2321/152/2291 2315/152/2286 2314/152/2288
f 2320/152/2292 2314/152/2288 2318/152/2290
f 2323/152/2294 2324/152/2297 2296/152/2295
f 2325/152/2296 2323/152/2294 2295/152/2267
f 2318/152/2290 2319/152/2289 2324/152/2297
f 2322/152/2293 2318/152/2290 2323/152/2294
f 2310/152/2284 2313/152/2283 2327/152/2298
f 2326/152/2299 2327/152/2298 2329/152/2300
f 2301/152/2272 2310/152/2284 2326/152/2299
f 2325/152/2296 2326/152/2299 2328/152/2301
f 2331/152/2302 2332/152/2305 2333/152/2303
f 2320/152/2292 2331/152/2302 2330/152/2304
f 2328/152/2301 2329/152/2300 2332/152/2305
f 2322/152/2293 2328/152/2301 2331/152/2302
f 2335/152/2306 2336/152/2338 2337/152/2307
f 2334/152/2308 2337/152/2307 2339/152/2309
f 2341/152/2311 2335/152/2306 2334/152/2308
f 2340/152/2312 2334/152/2308 2338/152/2310
f 2344/152/2314 2345/152/2319 2346/152/2315
f 2348/152/2317 2344/152/2314 2343/152/2316
f 2338/152/2310 2339/152/2309 2345/152/2319
f 2342/152/2313 2338/152/2310 2344/152/2314
f 2350/152/2320 2351/152/2365 2352/152/2321
f 2349/152/2322 2352/152/2321 2354/152/2323
f 2347/152/2318 2350/152/2320 2349/152/2322
f 2348/152/2317 2349/152/2322 2353/152/2324
f 2356/152/2325 2357/152/2328 2358/152/2326
f 2340/152/2312 2356/152/2325 2355/152/2327
f 2353/152/2324 2354/152/2323 2357/152/2328
f 2342/152/2313 2353/152/2324 2356/152/2325
f 2359/152/2329 2360/152/2335 2361/152/2330
f 2363/152/2332 2359/152/2329 2362/152/2331
f 2365/152/2334 2366/152/2348 2360/152/2335
f 2367/152/2336 2365/152/2334 2359/152/2329
f 2335/152/2306 2368/152/2339 2369/152/2337
f 2341/152/2311 2370/152/2340 2368/152/2339
f 2368/152/2339 2363/152/2332 2364/152/2333
f 2370/152/2340 2367/152/2336 2363/152/2332
f 2371/152/2341 2355/152/2327 2358/152/2326
f 2373/152/2343 2371/152/2341 2372/152/2342
f 2370/152/2340 2341/152/2311 2355/152/2327
f 2367/152/2336 2370/152/2340 2371/152/2341
f 2375/152/2345 2376/152/2349 2377/152/2346
f 2366/152/2348 2365/152/2334 2376/152/2349
f 2376/152/2349 2373/152/2343 2374/152/2344
f 2365/152/2334 2367/152/2336 2373/152/2343
f 2343/152/2316 2346/152/2315 2380/152/2350
f 2379/152/2351 2380/152/2350 2382/152/2352
f 2347/152/2318 2343/152/2316 2379/152/2351
f 2383/152/2354 2379/152/2351 2381/152/2353
f 2385/152/2356 2386/152/2359 2316/152/2357
f 2387/152/2358 2385/152/2356 2315/152/2286
f 2381/152/2353 2382/152/2352 2386/152/2359
f 2384/152/2355 2381/152/2353 2385/152/2356
f 2330/152/2304 2333/152/2303 2389/152/2360
f 2388/152/2361 2389/152/2360 2391/152/2362
f 2321/152/2291 2330/152/2304 2388/152/2361
f 2387/152/2358 2388/152/2361 2390/152/2363
f 2392/152/2364 2393/152/2366 2351/152/2365
f 2383/152/2354 2392/152/2364 2350/152/2320
f 2390/152/2363 2391/152/2362 2393/152/2366
f 2384/152/2355 2390/152/2363 2392/152/2364
f 2395/152/2367 2396/152/2399 2397/152/2368
f 2394/152/2369 2397/152/2368 2399/152/2370
f 2401/152/2372 2395/152/2367 2394/152/2369
f 2402/152/2374 2400/152/2373 2394/152/2369
f 2360/152/2335 2403/152/2376 2404/152/2375
f 2366/152/2348 2405/152/2377 2403/152/2376
f 2403/152/2376 2398/152/2371 2399/152/2370
f 2405/152/2377 2402/152/2374 2398/152/2371
f 2406/152/2378 2375/152/2345 2378/152/2347
f 2408/152/2380 2406/152/2378 2407/152/2379
f 2405/152/2377 2366/152/2348 2375/152/2345
f 2402/152/2374 2405/152/2377 2406/152/2378
f 2410/152/2382 2411/152/2385 2412/152/2383
f 2401/152/2372 2400/152/2373 2411/152/2385
f 2411/152/2385 2408/152/2380 2409/152/2381
f 2400/152/2373 2402/152/2374 2408/152/2380
f 2414/152/2386 2410/152/2382 2413/152/2384
f 2416/152/2388 2414/152/2386 2415/152/2387
f 2418/152/2390 2401/152/2372 2410/152/2382
f 2419/152/2391 2418/152/2390 2414/152/2386
f 2420/152/2392 2421/152/2396 2422/152/2393
f 2424/152/2395 2425/152/2397 2421/152/2396
f 2421/152/2396 2416/152/2388 2417/152/2389
f 2425/152/2397 2419/152/2391 2416/152/2388
f 2426/152/2398 2427/152/2400 2396/152/2399
f 2418/152/2390 2426/152/2398 2395/152/2367
f 2425/152/2397 2424/152/2395 2427/152/2400
f 2419/152/2391 2425/152/2397 2426/152/2398
f 2428/152/2401 2429/152/2404 1610/152/1585
f 2430/152/2402 2428/152/2401 1609/152/1584
f 2431/152/2403 2432/152/2412 2429/152/2404
f 2433/152/2405 2431/152/2403 2428/152/2401
f 2434/152/2406 2435/152/2408 1601/152/1577
f 2436/152/2407 2437/152/2409 2435/152/2408
f 2435/152/2408 2430/152/2402 1603/152/1579
f 2437/152/2409 2433/152/2405 2430/152/2402
f 2438/152/2410 2439/152/2413 2378/152/2347
f 2431/152/2403 2438/152/2410 2440/152/2411
f 2437/152/2409 2436/152/2407 2439/152/2413
f 2433/152/2405 2437/152/2409 2438/152/2410
f 2442/152/2414 2313/152/2283 2312/152/2285
f 2443/152/2416 2441/152/2415 2312/152/2285
f 2445/152/2417 2442/152/2414 2441/152/2415
f 2446/152/2419 2444/152/2418 2441/152/2415
f 1728/152/1707 2447/152/2420 2307/152/2279
f 1725/152/1700 2448/152/2421 2447/152/2420
f 2447/152/2420 2443/152/2416 2309/152/2281
f 2448/152/2421 2446/152/2419 2443/152/2416
f 2449/152/2422 1723/152/1699 1454/152/1432
f 2450/152/2423 2449/152/2422 1453/152/1436
f 2448/152/2421 1725/152/1700 1723/152/1699
f 2446/152/2419 2448/152/2421 2449/152/2422
f 2452/152/2424 1446/152/1425 1449/152/1427
f 2444/152/2418 2452/152/2424 2451/152/2425
f 2450/152/2423 1450/152/1428 1446/152/1425
f 2444/152/2418 2446/152/2419 2450/152/2423
f 2454/152/2426 2333/152/2303 2332/152/2305
f 2453/152/2427 2332/152/2305 2329/152/2300
f 2456/152/2429 2457/152/2436 2454/152/2426
f 2458/152/2430 2456/152/2429 2453/152/2427
f 2459/152/2431 2327/152/2298 2313/152/2283
f 2460/152/2432 2459/152/2431 2442/152/2414
f 2455/152/2428 2329/152/2300 2327/152/2298
f 2458/152/2430 2455/152/2428 2459/152/2431
f 2451/152/2425 1449/152/1427 1577/152/1554
f 2462/152/2434 2461/152/2433 1577/152/1554
f 2445/152/2417 2451/152/2425 2461/152/2433
f 2458/152/2430 2460/152/2432 2461/152/2433
f 2463/152/2435 2464/152/2437 1573/152/1549
f 2457/152/2436 2456/152/2429 2464/152/2437
f 2464/152/2437 2462/152/2434 1575/152/1551
f 2456/152/2429 2458/152/2430 2462/152/2434
f 2465/152/2438 2466/152/2576 1474/152/1452
f 2467/152/2439 2465/152/2438 2162/152/2132
f 2469/152/2440 2466/152/2576 2465/152/2438
f 2468/152/2441 2465/152/2438 2467/152/2439
f 2471/152/2443 2472/152/2445 2158/152/2128
f 2473/152/2444 2474/152/2446 2472/152/2445
f 2472/152/2445 2467/152/2439 2160/152/2130
f 2474/152/2446 2470/152/2442 2467/152/2439
f 2476/152/2447 2396/152/2399 2427/152/2400
f 2475/152/2448 2427/152/2400 2424/152/2395
f 2473/152/2444 2476/152/2447 2475/152/2448
f 2474/152/2446 2475/152/2448 2477/152/2449
f 2479/152/2450 2420/152/2392 2423/152/2394
f 2468/152/2441 2479/152/2450 2478/152/2451
f 2477/152/2449 2424/152/2395 2420/152/2392
f 2470/152/2442 2477/152/2449 2479/152/2450
f 2480/152/2452 2481/152/2455 2358/152/2326
f 2480/152/2452 2357/152/2328 2354/152/2323
f 2483/152/2454 2484/152/2465 2481/152/2455
f 2485/152/2456 2483/152/2454 2480/152/2452
f 2487/152/2457 2352/152/2321 2351/152/2365
f 2488/152/2459 2489/152/2460 2487/152/2457
f 2482/152/2453 2354/152/2323 2352/152/2321
f 2489/152/2460 2485/152/2456 2482/152/2453
f 2490/152/2461 2491/152/2463 1699/152/1675
f 2492/152/2462 2490/152/2461 2052/152/2019
f 2489/152/2460 2488/152/2459 2491/152/2463
f 2485/152/2456 2489/152/2460 2490/152/2461
f 2493/152/2464 2494/152/2466 2045/152/2013
f 2484/152/2465 2483/152/2454 2494/152/2466
f 2494/152/2466 2492/152/2462 2047/152/2015
f 2483/152/2454 2485/152/2456 2492/152/2462
f 2440/152/2411 2378/152/2347 2377/152/2346
f 2495/152/2467 2377/152/2346 2374/152/2344
f 2432/152/2412 2440/152/2411 2495/152/2467
f 2497/152/2469 2495/152/2467 2496/152/2468
f 2481/152/2455 2499/152/2471 2372/152/2342
f 2484/152/2465 2500/152/2472 2499/152/2471
f 2496/152/2468 2374/152/2344 2372/152/2342
f 2500/152/2472 2498/152/2470 2496/152/2468
f 2501/152/2473 2493/152/2464 2044/152/2012
f 2502/152/2474 2501/152/2473 2065/152/2033
f 2500/152/2472 2484/152/2465 2493/152/2464
f 2498/152/2470 2500/152/2472 2501/152/2473
f 2429/152/2404 2503/152/2475 2059/152/2028
f 2432/152/2412 2497/152/2469 2503/152/2475
f 2503/152/2475 2502/152/2474 2061/152/2030
f 2497/152/2469 2498/152/2470 2502/152/2474
f 2486/152/2458 2351/152/2365 2393/152/2366
f 2504/152/2476 2393/152/2366 2391/152/2362
f 2506/152/2478 2488/152/2459 2486/152/2458
f 2507/152/2479 2506/152/2478 2504/152/2476
f 2508/152/2480 2389/152/2360 2333/152/2303
f 2457/152/2436 2509/152/2481 2508/152/2480
f 2505/152/2477 2391/152/2362 2389/152/2360
f 2509/152/2481 2507/152/2479 2505/152/2477
f 2510/152/2482 2463/152/2435 1572/152/1548
f 2511/152/2483 2510/152/2482 1704/152/1680
f 2509/152/2481 2457/152/2436 2463/152/2435
f 2507/152/2479 2509/152/2481 2510/152/2482
f 2491/152/2463 2512/152/2484 1700/152/1676
f 2488/152/2459 2506/152/2478 2512/152/2484
f 2512/152/2484 2511/152/2483 1702/152/1678
f 2506/152/2478 2507/152/2479 2511/152/2483
f 2513/152/2485 2471/152/2443 2157/152/2127
f 2514/152/2486 2513/152/2485 2260/152/2231
f 2515/152/2487 2473/152/2444 2471/152/2443
f 2516/152/2488 2515/152/2487 2513/152/2485
f 2517/152/2489 2518/152/2491 2255/152/2228
f 2519/152/2490 2520/152/2492 2518/152/2491
f 2518/152/2491 2514/152/2486 2257/152/2230
f 2520/152/2492 2516/152/2488 2514/152/2486
f 2521/152/2493 2522/152/2495 2361/152/2330
f 2523/152/2494 2521/152/2493 2404/152/2375
f 2520/152/2492 2519/152/2490 2522/152/2495
f 2516/152/2488 2520/152/2492 2521/152/2493
f 2524/152/2496 2397/152/2368 2396/152/2399
f 2473/152/2444 2515/152/2487 2524/152/2496
f 2523/152/2494 2399/152/2370 2397/152/2368
f 2515/152/2487 2516/152/2488 2523/152/2494
f 2525/152/2497 2526/152/2500 1745/152/1720
f 2527/152/2498 2525/152/2497 2210/152/2179
f 2528/152/2499 2529/152/2510 2526/152/2500
f 2530/152/2501 2528/152/2499 2525/152/2497
f 2532/152/2502 2203/152/2173 2202/152/2172
f 2534/152/2504 2532/152/2502 2531/152/2503
f 2532/152/2502 2527/152/2498 2205/152/2175
f 2530/152/2501 2527/152/2498 2532/152/2502
f 2535/152/2506 2536/152/2587 2123/152/2091
f 2535/152/2506 2304/152/2275 2299/152/2270
f 2533/152/2505 2536/152/2587 2535/152/2506
f 2534/152/2504 2535/152/2506 2537/152/2507
f 2539/152/2508 2297/152/2268 2296/152/2295
f 2529/152/2510 2528/152/2499 2539/152/2508
f 2537/152/2507 2299/152/2270 2297/152/2268
f 2528/152/2499 2530/152/2501 2537/152/2507
f 2540/152/2511 2541/152/2514 1530/152/1505
f 2542/152/2512 2540/152/2511 1750/152/1725
f 2543/152/2513 2544/152/2522 2541/152/2514
f 2545/152/2515 2543/152/2513 2540/152/2511
f 2526/152/2500 2546/152/2516 1746/152/1721
f 2529/152/2510 2547/152/2517 2546/152/2516
f 2546/152/2516 2542/152/2512 1748/152/1723
f 2547/152/2517 2545/152/2515 2542/152/2512
f 2538/152/2509 2296/152/2295 2324/152/2297
f 2548/152/2518 2324/152/2297 2319/152/2289
f 2547/152/2517 2529/152/2510 2538/152/2509
f 2545/152/2515 2547/152/2517 2548/152/2518
f 2551/152/2520 2317/152/2287 2316/152/2357
f 2544/152/2522 2543/152/2513 2551/152/2520
f 2549/152/2519 2319/152/2289 2317/152/2287
f 2543/152/2513 2545/152/2515 2549/152/2519
f 2552/152/2523 2553/152/2526 1666/152/1641
f 2554/152/2524 2552/152/2523 1665/152/1640
f 2555/152/2525 2556/152/2536 2553/152/2526
f 2557/152/2527 2555/152/2525 2552/152/2523
f 2558/152/2528 2559/152/2530 1660/152/1636
f 2560/152/2529 2561/152/2531 2559/152/2530
f 2559/152/2530 2554/152/2524 1662/152/1638
f 2561/152/2531 2557/152/2527 2554/152/2524
f 2563/152/2532 2346/152/2315 2345/152/2319
f 2562/152/2533 2345/152/2319 2339/152/2309
f 2561/152/2531 2560/152/2529 2563/152/2532
f 2557/152/2527 2561/152/2531 2562/152/2533
f 2565/152/2535 2566/152/2537 2337/152/2307
f 2556/152/2536 2555/152/2525 2566/152/2537
f 2564/152/2534 2339/152/2309 2337/152/2307
f 2555/152/2525 2557/152/2527 2564/152/2534
f 2567/152/2538 2517/152/2489 2175/152/2145
f 2568/152/2539 2567/152/2538 2174/152/2144
f 2569/152/2540 2519/152/2490 2517/152/2489
f 2570/152/2541 2569/152/2540 2567/152/2538
f 2553/152/2526 2571/152/2542 2167/152/2138
f 2556/152/2536 2572/152/2543 2571/152/2542
f 2571/152/2542 2568/152/2539 2169/152/2140
f 2572/152/2543 2570/152/2541 2568/152/2539
f 2573/152/2544 2565/152/2535 2336/152/2338
f 2574/152/2545 2573/152/2544 2369/152/2337
f 2572/152/2543 2556/152/2536 2565/152/2535
f 2570/152/2541 2572/152/2543 2573/152/2544
f 2522/152/2495 2575/152/2546 2362/152/2331
f 2519/152/2490 2569/152/2540 2575/152/2546
f 2575/152/2546 2574/152/2545 2364/152/2333
f 2569/152/2540 2570/152/2541 2574/152/2545
f 2576/152/2547 2558/152/2528 1537/152/1512
f 2577/152/2548 2576/152/2547 1536/152/1511
f 2578/152/2549 2560/152/2529 2558/152/2528
f 2579/152/2550 2578/152/2549 2576/152/2547
f 2541/152/2514 2580/152/2551 1531/152/1506
f 2544/152/2522 2581/152/2552 2580/152/2551
f 2580/152/2551 2577/152/2548 1533/152/1508
f 2581/152/2552 2579/152/2550 2577/152/2548
f 2550/152/2521 2316/152/2357 2386/152/2359
f 2582/152/2553 2386/152/2359 2382/152/2352
f 2581/152/2552 2544/152/2522 2550/152/2521
f 2579/152/2550 2581/152/2552 2582/152/2553
f 2584/152/2555 2380/152/2350 2346/152/2315
f 2560/152/2529 2578/152/2549 2584/152/2555
f 2583/152/2554 2382/152/2352 2380/152/2350
f 2578/152/2549 2579/152/2550 2583/152/2554
f 2585/152/2556 2586/152/2559 2413/152/2384
f 2587/152/2557 2585/152/2556 2412/152/2383
f 2588/152/2558 2589/152/2566 2586/152/2559
f 2590/152/2560 2588/152/2558 2585/152/2556
f 2439/152/2413 2591/152/2561 2407/152/2379
f 2436/152/2407 2592/152/2562 2591/152/2561
f 2591/152/2561 2587/152/2557 2409/152/2381
f 2592/152/2562 2590/152/2560 2587/152/2557
f 2593/152/2563 2434/152/2406 1600/152/1576
f 2594/152/2564 2593/152/2563 2280/152/2252
f 2592/152/2562 2436/152/2407 2434/152/2406
f 2590/152/2560 2592/152/2562 2593/152/2563
f 2595/152/2565 2596/152/2567 2274/152/2247
f 2589/152/2566 2588/152/2558 2596/152/2567
f 2596/152/2567 2594/152/2564 2276/152/2249
f 2588/152/2558 2590/152/2560 2594/152/2564
f 2597/152/2568 2478/152/2451 2423/152/2394
f 2598/152/2569 2597/152/2568 2422/152/2393
f 2599/152/2570 2469/152/2440 2478/152/2451
f 2600/152/2571 2599/152/2570 2597/152/2568
f 2586/152/2559 2601/152/2572 2415/152/2387
f 2589/152/2566 2602/152/2573 2601/152/2572
f 2601/152/2572 2598/152/2569 2417/152/2389
f 2602/152/2573 2600/152/2571 2598/152/2569
f 2603/152/2574 2595/152/2565 1479/152/2246
f 2604/152/2575 2603/152/2574 1478/152/1456
f 2602/152/2573 2589/152/2566 2595/152/2565
f 2600/152/2571 2602/152/2573 2603/152/2574
f 2466/152/2576 2605/152/2577 1471/152/1450
f 2469/152/2440 2599/152/2570 2605/152/2577
f 2604/152/2575 1475/152/1453 1471/152/1450
f 2599/152/2570 2600/152/2571 2604/152/2575
f 1807/152/1778 1817/152/1788 2606/152/2578
f 2608/152/2579 2606/152/2578 2607/152/2580
f 2611/152/2582 2610/152/2583 2108/152/2076
f 2609/152/2581 2607/152/2580 2610/152/2583
f 2103/152/2072 1707/152/1683 2112/152/2084
f 2612/152/2584 2112/152/2084 2115/152/2099
f 2105/152/2073 2103/152/2072 2612/152/2584
f 2611/152/2582 2612/152/2584 2613/152/2585
f 2614/152/2586 2127/152/2096 1802/152/2098
f 2608/152/2579 2614/152/2586 1801/152/1773
f 2613/152/2585 2115/152/2099 2127/152/2096
f 2609/152/2581 2613/152/2585 2614/152/2586
f 2124/152/2092 2123/152/2091 2536/152/2587
f 2616/152/2589 2615/152/2588 2536/152/2587
f 2126/152/2094 2124/152/2092 2615/152/2588
f 2617/152/2590 2615/152/2588 2616/152/2589
f 2201/152/2177 2619/152/2592 2531/152/2503
f 2207/152/2185 2620/152/2593 2619/152/2592
f 2619/152/2592 2616/152/2589 2533/152/2505
f 2620/152/2593 2618/152/2591 2616/152/2589
f 2621/152/2594 2214/152/2184 1507/152/1728
f 2622/152/2595 2621/152/2594 1506/152/1483
f 2620/152/2593 2207/152/2185 2214/152/2184
f 2618/152/2591 2620/152/2593 2621/152/2594
f 1811/152/1785 2623/152/2596 1499/152/1479
f 1805/152/1776 2624/152/2597 2623/152/2596
f 2623/152/2596 2622/152/2595 1503/152/1481
f 2624/152/2597 2618/152/2591 2622/152/2595
f 2625/152/2598 1803/152/1774 1802/152/2098
f 2617/152/2590 2625/152/2598 2129/152/2097
f 2624/152/2597 1805/152/1776 1803/152/1774
f 2618/152/2591 2624/152/2597 2625/152/2598
